"schema","signature","function_name","identity_arguments","result_type","owner","language","security_definer","volatility","config","grantee","can_execute","runtime_callers","classification","expected","difference"
"app_private","app_private.assert_manager_clinic_assignment_valid()","assert_manager_clinic_assignment_valid","","trigger","postgres","plpgsql","true","v","search_path=public, auth, extensions","anon","false","SEE function-callers inventory; dynamic callers UNKNOWN","UNCLASSIFIED","UNDECIDED","UNKNOWN"
"app_private","app_private.assert_manager_clinic_assignment_valid()","assert_manager_clinic_assignment_valid","","trigger","postgres","plpgsql","true","v","search_path=public, auth, extensions","authenticated","false","SEE function-callers inventory; dynamic callers UNKNOWN","UNCLASSIFIED","UNDECIDED","UNKNOWN"
"app_private","app_private.assert_manager_clinic_assignment_valid()","assert_manager_clinic_assignment_valid","","trigger","postgres","plpgsql","true","v","search_path=public, auth, extensions","PUBLIC","false","SEE function-callers inventory; dynamic callers UNKNOWN","UNCLASSIFIED","UNDECIDED","UNKNOWN"
"app_private","app_private.assert_manager_clinic_assignment_valid()","assert_manager_clinic_assignment_valid","","trigger","postgres","plpgsql","true","v","search_path=public, auth, extensions","service_role","true","SEE function-callers inventory; dynamic callers UNKNOWN","UNCLASSIFIED","UNDECIDED","UNKNOWN"
"app_private","app_private.assert_subscription_org_root_clinic()","assert_subscription_org_root_clinic","","trigger","postgres","plpgsql","true","v","search_path=public, auth, extensions","anon","false","SEE function-callers inventory; dynamic callers UNKNOWN","UNCLASSIFIED","UNDECIDED","UNKNOWN"
"app_private","app_private.assert_subscription_org_root_clinic()","assert_subscription_org_root_clinic","","trigger","postgres","plpgsql","true","v","search_path=public, auth, extensions","authenticated","false","SEE function-callers inventory; dynamic callers UNKNOWN","UNCLASSIFIED","UNDECIDED","UNKNOWN"
"app_private","app_private.assert_subscription_org_root_clinic()","assert_subscription_org_root_clinic","","trigger","postgres","plpgsql","true","v","search_path=public, auth, extensions","PUBLIC","false","SEE function-callers inventory; dynamic callers UNKNOWN","UNCLASSIFIED","UNDECIDED","UNKNOWN"
"app_private","app_private.assert_subscription_org_root_clinic()","assert_subscription_org_root_clinic","","trigger","postgres","plpgsql","true","v","search_path=public, auth, extensions","service_role","false","SEE function-callers inventory; dynamic callers UNKNOWN","UNCLASSIFIED","UNDECIDED","UNKNOWN"
"app_private","app_private.belongs_to_clinic(uuid)","belongs_to_clinic","target_clinic_id uuid","boolean","postgres","sql","true","s","search_path=pg_catalog","anon","true","SEE function-callers inventory; dynamic callers UNKNOWN","UNCLASSIFIED","UNDECIDED","UNKNOWN"
"app_private","app_private.belongs_to_clinic(uuid)","belongs_to_clinic","target_clinic_id uuid","boolean","postgres","sql","true","s","search_path=pg_catalog","authenticated","true","SEE function-callers inventory; dynamic callers UNKNOWN","UNCLASSIFIED","UNDECIDED","UNKNOWN"
"app_private","app_private.belongs_to_clinic(uuid)","belongs_to_clinic","target_clinic_id uuid","boolean","postgres","sql","true","s","search_path=pg_catalog","PUBLIC","false","SEE function-callers inventory; dynamic callers UNKNOWN","UNCLASSIFIED","UNDECIDED","UNKNOWN"
"app_private","app_private.belongs_to_clinic(uuid)","belongs_to_clinic","target_clinic_id uuid","boolean","postgres","sql","true","s","search_path=pg_catalog","service_role","true","SEE function-callers inventory; dynamic callers UNKNOWN","UNCLASSIFIED","UNDECIDED","UNKNOWN"
"app_private","app_private.can_access_clinic(uuid)","can_access_clinic","target_clinic_id uuid","boolean","postgres","plpgsql","true","s","search_path=pg_catalog","anon","true","SEE function-callers inventory; dynamic callers UNKNOWN","UNCLASSIFIED","UNDECIDED","UNKNOWN"
"app_private","app_private.can_access_clinic(uuid)","can_access_clinic","target_clinic_id uuid","boolean","postgres","plpgsql","true","s","search_path=pg_catalog","authenticated","true","SEE function-callers inventory; dynamic callers UNKNOWN","UNCLASSIFIED","UNDECIDED","UNKNOWN"
"app_private","app_private.can_access_clinic(uuid)","can_access_clinic","target_clinic_id uuid","boolean","postgres","plpgsql","true","s","search_path=pg_catalog","PUBLIC","false","SEE function-callers inventory; dynamic callers UNKNOWN","UNCLASSIFIED","UNDECIDED","UNKNOWN"
"app_private","app_private.can_access_clinic(uuid)","can_access_clinic","target_clinic_id uuid","boolean","postgres","plpgsql","true","s","search_path=pg_catalog","service_role","true","SEE function-callers inventory; dynamic callers UNKNOWN","UNCLASSIFIED","UNDECIDED","UNKNOWN"
"app_private","app_private.custom_access_token_hook(jsonb)","custom_access_token_hook","event jsonb","jsonb","postgres","plpgsql","true","v","search_path=pg_catalog","anon","false","SEE function-callers inventory; dynamic callers UNKNOWN","UNCLASSIFIED","UNDECIDED","UNKNOWN"
"app_private","app_private.custom_access_token_hook(jsonb)","custom_access_token_hook","event jsonb","jsonb","postgres","plpgsql","true","v","search_path=pg_catalog","authenticated","false","SEE function-callers inventory; dynamic callers UNKNOWN","UNCLASSIFIED","UNDECIDED","UNKNOWN"
"app_private","app_private.custom_access_token_hook(jsonb)","custom_access_token_hook","event jsonb","jsonb","postgres","plpgsql","true","v","search_path=pg_catalog","PUBLIC","false","SEE function-callers inventory; dynamic callers UNKNOWN","UNCLASSIFIED","UNDECIDED","UNKNOWN"
"app_private","app_private.custom_access_token_hook(jsonb)","custom_access_token_hook","event jsonb","jsonb","postgres","plpgsql","true","v","search_path=pg_catalog","service_role","false","SEE function-callers inventory; dynamic callers UNKNOWN","UNCLASSIFIED","UNDECIDED","UNKNOWN"
"app_private","app_private.get_current_accessible_clinic_ids()","get_current_accessible_clinic_ids","","uuid[]","postgres","sql","true","s","search_path=pg_catalog","anon","false","SEE function-callers inventory; dynamic callers UNKNOWN","UNCLASSIFIED","UNDECIDED","UNKNOWN"
"app_private","app_private.get_current_accessible_clinic_ids()","get_current_accessible_clinic_ids","","uuid[]","postgres","sql","true","s","search_path=pg_catalog","authenticated","true","SEE function-callers inventory; dynamic callers UNKNOWN","UNCLASSIFIED","UNDECIDED","UNKNOWN"
"app_private","app_private.get_current_accessible_clinic_ids()","get_current_accessible_clinic_ids","","uuid[]","postgres","sql","true","s","search_path=pg_catalog","PUBLIC","false","SEE function-callers inventory; dynamic callers UNKNOWN","UNCLASSIFIED","UNDECIDED","UNKNOWN"
"app_private","app_private.get_current_accessible_clinic_ids()","get_current_accessible_clinic_ids","","uuid[]","postgres","sql","true","s","search_path=pg_catalog","service_role","false","SEE function-callers inventory; dynamic callers UNKNOWN","UNCLASSIFIED","UNDECIDED","UNKNOWN"
"app_private","app_private.get_current_clinic_id()","get_current_clinic_id","","uuid","postgres","sql","true","s","search_path=pg_catalog","anon","true","SEE function-callers inventory; dynamic callers UNKNOWN","UNCLASSIFIED","UNDECIDED","UNKNOWN"
"app_private","app_private.get_current_clinic_id()","get_current_clinic_id","","uuid","postgres","sql","true","s","search_path=pg_catalog","authenticated","true","SEE function-callers inventory; dynamic callers UNKNOWN","UNCLASSIFIED","UNDECIDED","UNKNOWN"
"app_private","app_private.get_current_clinic_id()","get_current_clinic_id","","uuid","postgres","sql","true","s","search_path=pg_catalog","PUBLIC","false","SEE function-callers inventory; dynamic callers UNKNOWN","UNCLASSIFIED","UNDECIDED","UNKNOWN"
"app_private","app_private.get_current_clinic_id()","get_current_clinic_id","","uuid","postgres","sql","true","s","search_path=pg_catalog","service_role","true","SEE function-callers inventory; dynamic callers UNKNOWN","UNCLASSIFIED","UNDECIDED","UNKNOWN"
"app_private","app_private.get_current_role()","get_current_role","","text","postgres","sql","true","s","search_path=pg_catalog","anon","true","SEE function-callers inventory; dynamic callers UNKNOWN","UNCLASSIFIED","UNDECIDED","UNKNOWN"
"app_private","app_private.get_current_role()","get_current_role","","text","postgres","sql","true","s","search_path=pg_catalog","authenticated","true","SEE function-callers inventory; dynamic callers UNKNOWN","UNCLASSIFIED","UNDECIDED","UNKNOWN"
"app_private","app_private.get_current_role()","get_current_role","","text","postgres","sql","true","s","search_path=pg_catalog","PUBLIC","false","SEE function-callers inventory; dynamic callers UNKNOWN","UNCLASSIFIED","UNDECIDED","UNKNOWN"
"app_private","app_private.get_current_role()","get_current_role","","text","postgres","sql","true","s","search_path=pg_catalog","service_role","true","SEE function-callers inventory; dynamic callers UNKNOWN","UNCLASSIFIED","UNDECIDED","UNKNOWN"
"app_private","app_private.get_sibling_clinic_ids(uuid)","get_sibling_clinic_ids","clinic_id uuid","uuid[]","postgres","plpgsql","true","s","search_path=public, auth, extensions","anon","false","SEE function-callers inventory; dynamic callers UNKNOWN","UNCLASSIFIED","UNDECIDED","UNKNOWN"
"app_private","app_private.get_sibling_clinic_ids(uuid)","get_sibling_clinic_ids","clinic_id uuid","uuid[]","postgres","plpgsql","true","s","search_path=public, auth, extensions","authenticated","true","SEE function-callers inventory; dynamic callers UNKNOWN","UNCLASSIFIED","UNDECIDED","UNKNOWN"
"app_private","app_private.get_sibling_clinic_ids(uuid)","get_sibling_clinic_ids","clinic_id uuid","uuid[]","postgres","plpgsql","true","s","search_path=public, auth, extensions","PUBLIC","false","SEE function-callers inventory; dynamic callers UNKNOWN","UNCLASSIFIED","UNDECIDED","UNKNOWN"
"app_private","app_private.get_sibling_clinic_ids(uuid)","get_sibling_clinic_ids","clinic_id uuid","uuid[]","postgres","plpgsql","true","s","search_path=public, auth, extensions","service_role","true","SEE function-callers inventory; dynamic callers UNKNOWN","UNCLASSIFIED","UNDECIDED","UNKNOWN"
"app_private","app_private.is_admin()","is_admin","","boolean","postgres","sql","true","s","search_path=pg_catalog","anon","true","SEE function-callers inventory; dynamic callers UNKNOWN","UNCLASSIFIED","UNDECIDED","UNKNOWN"
"app_private","app_private.is_admin()","is_admin","","boolean","postgres","sql","true","s","search_path=pg_catalog","authenticated","true","SEE function-callers inventory; dynamic callers UNKNOWN","UNCLASSIFIED","UNDECIDED","UNKNOWN"
"app_private","app_private.is_admin()","is_admin","","boolean","postgres","sql","true","s","search_path=pg_catalog","PUBLIC","false","SEE function-callers inventory; dynamic callers UNKNOWN","UNCLASSIFIED","UNDECIDED","UNKNOWN"
"app_private","app_private.is_admin()","is_admin","","boolean","postgres","sql","true","s","search_path=pg_catalog","service_role","true","SEE function-callers inventory; dynamic callers UNKNOWN","UNCLASSIFIED","UNDECIDED","UNKNOWN"
"app_private","app_private.jwt_clinic_id()","jwt_clinic_id","","uuid","postgres","sql","true","s","search_path=pg_catalog","anon","true","SEE function-callers inventory; dynamic callers UNKNOWN","UNCLASSIFIED","UNDECIDED","UNKNOWN"
"app_private","app_private.jwt_clinic_id()","jwt_clinic_id","","uuid","postgres","sql","true","s","search_path=pg_catalog","authenticated","true","SEE function-callers inventory; dynamic callers UNKNOWN","UNCLASSIFIED","UNDECIDED","UNKNOWN"
"app_private","app_private.jwt_clinic_id()","jwt_clinic_id","","uuid","postgres","sql","true","s","search_path=pg_catalog","PUBLIC","false","SEE function-callers inventory; dynamic callers UNKNOWN","UNCLASSIFIED","UNDECIDED","UNKNOWN"
"app_private","app_private.jwt_clinic_id()","jwt_clinic_id","","uuid","postgres","sql","true","s","search_path=pg_catalog","service_role","true","SEE function-callers inventory; dynamic callers UNKNOWN","UNCLASSIFIED","UNDECIDED","UNKNOWN"
"app_private","app_private.jwt_is_admin()","jwt_is_admin","","boolean","postgres","sql","true","s","search_path=pg_catalog","anon","true","SEE function-callers inventory; dynamic callers UNKNOWN","UNCLASSIFIED","UNDECIDED","UNKNOWN"
"app_private","app_private.jwt_is_admin()","jwt_is_admin","","boolean","postgres","sql","true","s","search_path=pg_catalog","authenticated","true","SEE function-callers inventory; dynamic callers UNKNOWN","UNCLASSIFIED","UNDECIDED","UNKNOWN"
"app_private","app_private.jwt_is_admin()","jwt_is_admin","","boolean","postgres","sql","true","s","search_path=pg_catalog","PUBLIC","false","SEE function-callers inventory; dynamic callers UNKNOWN","UNCLASSIFIED","UNDECIDED","UNKNOWN"
"app_private","app_private.jwt_is_admin()","jwt_is_admin","","boolean","postgres","sql","true","s","search_path=pg_catalog","service_role","true","SEE function-callers inventory; dynamic callers UNKNOWN","UNCLASSIFIED","UNDECIDED","UNKNOWN"
"app_private","app_private.user_role()","user_role","","text","postgres","sql","true","s","search_path=pg_catalog","anon","true","SEE function-callers inventory; dynamic callers UNKNOWN","UNCLASSIFIED","UNDECIDED","UNKNOWN"
"app_private","app_private.user_role()","user_role","","text","postgres","sql","true","s","search_path=pg_catalog","authenticated","true","SEE function-callers inventory; dynamic callers UNKNOWN","UNCLASSIFIED","UNDECIDED","UNKNOWN"
"app_private","app_private.user_role()","user_role","","text","postgres","sql","true","s","search_path=pg_catalog","PUBLIC","false","SEE function-callers inventory; dynamic callers UNKNOWN","UNCLASSIFIED","UNDECIDED","UNKNOWN"
"app_private","app_private.user_role()","user_role","","text","postgres","sql","true","s","search_path=pg_catalog","service_role","true","SEE function-callers inventory; dynamic callers UNKNOWN","UNCLASSIFIED","UNDECIDED","UNKNOWN"
"public","accept_invite(uuid)","accept_invite","invite_token uuid","jsonb","postgres","plpgsql","true","v","search_path=public","anon","false","SEE function-callers inventory; dynamic callers UNKNOWN","UNCLASSIFIED","UNDECIDED","UNKNOWN"
"public","accept_invite(uuid)","accept_invite","invite_token uuid","jsonb","postgres","plpgsql","true","v","search_path=public","authenticated","false","SEE function-callers inventory; dynamic callers UNKNOWN","UNCLASSIFIED","UNDECIDED","UNKNOWN"
"public","accept_invite(uuid)","accept_invite","invite_token uuid","jsonb","postgres","plpgsql","true","v","search_path=public","PUBLIC","false","SEE function-callers inventory; dynamic callers UNKNOWN","UNCLASSIFIED","UNDECIDED","UNKNOWN"
"public","accept_invite(uuid)","accept_invite","invite_token uuid","jsonb","postgres","plpgsql","true","v","search_path=public","service_role","false","SEE function-callers inventory; dynamic callers UNKNOWN","UNCLASSIFIED","UNDECIDED","UNKNOWN"
"public","accept_staff_invite_atomic(uuid,uuid,text)","accept_staff_invite_atomic","p_token uuid, p_user_id uuid, p_account_email text","jsonb","postgres","plpgsql","true","v","search_path=pg_catalog","anon","false","SEE function-callers inventory; dynamic callers UNKNOWN","UNCLASSIFIED","UNDECIDED","UNKNOWN"
"public","accept_staff_invite_atomic(uuid,uuid,text)","accept_staff_invite_atomic","p_token uuid, p_user_id uuid, p_account_email text","jsonb","postgres","plpgsql","true","v","search_path=pg_catalog","authenticated","false","SEE function-callers inventory; dynamic callers UNKNOWN","UNCLASSIFIED","UNDECIDED","UNKNOWN"
"public","accept_staff_invite_atomic(uuid,uuid,text)","accept_staff_invite_atomic","p_token uuid, p_user_id uuid, p_account_email text","jsonb","postgres","plpgsql","true","v","search_path=pg_catalog","PUBLIC","false","SEE function-callers inventory; dynamic callers UNKNOWN","UNCLASSIFIED","UNDECIDED","UNKNOWN"
"public","accept_staff_invite_atomic(uuid,uuid,text)","accept_staff_invite_atomic","p_token uuid, p_user_id uuid, p_account_email text","jsonb","postgres","plpgsql","true","v","search_path=pg_catalog","service_role","true","SEE function-callers inventory; dynamic callers UNKNOWN","UNCLASSIFIED","UNDECIDED","UNKNOWN"
"public","activate_billable_store_if_capacity(uuid,uuid)","activate_billable_store_if_capacity","p_org_root_clinic_id uuid, p_clinic_id uuid","TABLE(success boolean, error_code text, active_billable_store_count integer, allowed_billable_store_count integer)","postgres","plpgsql","true","v","search_path=public, auth, extensions","anon","false","SEE function-callers inventory; dynamic callers UNKNOWN","UNCLASSIFIED","UNDECIDED","UNKNOWN"
"public","activate_billable_store_if_capacity(uuid,uuid)","activate_billable_store_if_capacity","p_org_root_clinic_id uuid, p_clinic_id uuid","TABLE(success boolean, error_code text, active_billable_store_count integer, allowed_billable_store_count integer)","postgres","plpgsql","true","v","search_path=public, auth, extensions","authenticated","false","SEE function-callers inventory; dynamic callers UNKNOWN","UNCLASSIFIED","UNDECIDED","UNKNOWN"
"public","activate_billable_store_if_capacity(uuid,uuid)","activate_billable_store_if_capacity","p_org_root_clinic_id uuid, p_clinic_id uuid","TABLE(success boolean, error_code text, active_billable_store_count integer, allowed_billable_store_count integer)","postgres","plpgsql","true","v","search_path=public, auth, extensions","PUBLIC","false","SEE function-callers inventory; dynamic callers UNKNOWN","UNCLASSIFIED","UNDECIDED","UNKNOWN"
"public","activate_billable_store_if_capacity(uuid,uuid)","activate_billable_store_if_capacity","p_org_root_clinic_id uuid, p_clinic_id uuid","TABLE(success boolean, error_code text, active_billable_store_count integer, allowed_billable_store_count integer)","postgres","plpgsql","true","v","search_path=public, auth, extensions","service_role","true","SEE function-callers inventory; dynamic callers UNKNOWN","UNCLASSIFIED","UNDECIDED","UNKNOWN"
"public","aggregate_mfa_stats(uuid,timestamp with time zone,timestamp with time zone)","aggregate_mfa_stats","p_clinic_id uuid, p_start_date timestamp with time zone, p_end_date timestamp with time zone","void","postgres","plpgsql","true","v","search_path=public, auth, extensions","anon","false","SEE function-callers inventory; dynamic callers UNKNOWN","UNCLASSIFIED","UNDECIDED","UNKNOWN"
"public","aggregate_mfa_stats(uuid,timestamp with time zone,timestamp with time zone)","aggregate_mfa_stats","p_clinic_id uuid, p_start_date timestamp with time zone, p_end_date timestamp with time zone","void","postgres","plpgsql","true","v","search_path=public, auth, extensions","authenticated","false","SEE function-callers inventory; dynamic callers UNKNOWN","UNCLASSIFIED","UNDECIDED","UNKNOWN"
"public","aggregate_mfa_stats(uuid,timestamp with time zone,timestamp with time zone)","aggregate_mfa_stats","p_clinic_id uuid, p_start_date timestamp with time zone, p_end_date timestamp with time zone","void","postgres","plpgsql","true","v","search_path=public, auth, extensions","PUBLIC","false","SEE function-callers inventory; dynamic callers UNKNOWN","UNCLASSIFIED","UNDECIDED","UNKNOWN"
"public","aggregate_mfa_stats(uuid,timestamp with time zone,timestamp with time zone)","aggregate_mfa_stats","p_clinic_id uuid, p_start_date timestamp with time zone, p_end_date timestamp with time zone","void","postgres","plpgsql","true","v","search_path=public, auth, extensions","service_role","true","SEE function-callers inventory; dynamic callers UNKNOWN","UNCLASSIFIED","UNDECIDED","UNKNOWN"
"public","analyze_patient_segments(uuid)","analyze_patient_segments","clinic_uuid uuid","TABLE(segment_type character varying, segment_value character varying, patient_count integer, total_revenue numeric, avg_ltv numeric)","postgres","plpgsql","false","v","search_path=public, auth, extensions","anon","true","SEE function-callers inventory; dynamic callers UNKNOWN","UNCLASSIFIED","UNDECIDED","UNKNOWN"
"public","analyze_patient_segments(uuid)","analyze_patient_segments","clinic_uuid uuid","TABLE(segment_type character varying, segment_value character varying, patient_count integer, total_revenue numeric, avg_ltv numeric)","postgres","plpgsql","false","v","search_path=public, auth, extensions","authenticated","true","SEE function-callers inventory; dynamic callers UNKNOWN","UNCLASSIFIED","UNDECIDED","UNKNOWN"
"public","analyze_patient_segments(uuid)","analyze_patient_segments","clinic_uuid uuid","TABLE(segment_type character varying, segment_value character varying, patient_count integer, total_revenue numeric, avg_ltv numeric)","postgres","plpgsql","false","v","search_path=public, auth, extensions","PUBLIC","true","SEE function-callers inventory; dynamic callers UNKNOWN","UNCLASSIFIED","UNDECIDED","UNKNOWN"
"public","analyze_patient_segments(uuid)","analyze_patient_segments","clinic_uuid uuid","TABLE(segment_type character varying, segment_value character varying, patient_count integer, total_revenue numeric, avg_ltv numeric)","postgres","plpgsql","false","v","search_path=public, auth, extensions","service_role","true","SEE function-callers inventory; dynamic callers UNKNOWN","UNCLASSIFIED","UNDECIDED","UNKNOWN"
"public","analyze_staff_efficiency(uuid,integer)","analyze_staff_efficiency","clinic_uuid uuid, analysis_period integer","TABLE(staff_id uuid, staff_name character varying, efficiency_score numeric, revenue_per_hour numeric, patients_per_day numeric, satisfaction_trend character varying)","postgres","plpgsql","false","v","search_path=public, auth, extensions","anon","true","SEE function-callers inventory; dynamic callers UNKNOWN","UNCLASSIFIED","UNDECIDED","UNKNOWN"
"public","analyze_staff_efficiency(uuid,integer)","analyze_staff_efficiency","clinic_uuid uuid, analysis_period integer","TABLE(staff_id uuid, staff_name character varying, efficiency_score numeric, revenue_per_hour numeric, patients_per_day numeric, satisfaction_trend character varying)","postgres","plpgsql","false","v","search_path=public, auth, extensions","authenticated","true","SEE function-callers inventory; dynamic callers UNKNOWN","UNCLASSIFIED","UNDECIDED","UNKNOWN"
"public","analyze_staff_efficiency(uuid,integer)","analyze_staff_efficiency","clinic_uuid uuid, analysis_period integer","TABLE(staff_id uuid, staff_name character varying, efficiency_score numeric, revenue_per_hour numeric, patients_per_day numeric, satisfaction_trend character varying)","postgres","plpgsql","false","v","search_path=public, auth, extensions","PUBLIC","true","SEE function-callers inventory; dynamic callers UNKNOWN","UNCLASSIFIED","UNDECIDED","UNKNOWN"
"public","analyze_staff_efficiency(uuid,integer)","analyze_staff_efficiency","clinic_uuid uuid, analysis_period integer","TABLE(staff_id uuid, staff_name character varying, efficiency_score numeric, revenue_per_hour numeric, patients_per_day numeric, satisfaction_trend character varying)","postgres","plpgsql","false","v","search_path=public, auth, extensions","service_role","true","SEE function-callers inventory; dynamic callers UNKNOWN","UNCLASSIFIED","UNDECIDED","UNKNOWN"
"public","assign_line_chat_conversation(uuid,uuid,uuid,uuid)","assign_line_chat_conversation","p_clinic_id uuid, p_conversation_id uuid, p_actor_user_id uuid, p_assigned_membership_id uuid","void","postgres","plpgsql","false","v","search_path=pg_catalog, public","anon","false","SEE function-callers inventory; dynamic callers UNKNOWN","UNCLASSIFIED","UNDECIDED","UNKNOWN"
"public","assign_line_chat_conversation(uuid,uuid,uuid,uuid)","assign_line_chat_conversation","p_clinic_id uuid, p_conversation_id uuid, p_actor_user_id uuid, p_assigned_membership_id uuid","void","postgres","plpgsql","false","v","search_path=pg_catalog, public","authenticated","false","SEE function-callers inventory; dynamic callers UNKNOWN","UNCLASSIFIED","UNDECIDED","UNKNOWN"
"public","assign_line_chat_conversation(uuid,uuid,uuid,uuid)","assign_line_chat_conversation","p_clinic_id uuid, p_conversation_id uuid, p_actor_user_id uuid, p_assigned_membership_id uuid","void","postgres","plpgsql","false","v","search_path=pg_catalog, public","PUBLIC","false","SEE function-callers inventory; dynamic callers UNKNOWN","UNCLASSIFIED","UNDECIDED","UNKNOWN"
"public","assign_line_chat_conversation(uuid,uuid,uuid,uuid)","assign_line_chat_conversation","p_clinic_id uuid, p_conversation_id uuid, p_actor_user_id uuid, p_assigned_membership_id uuid","void","postgres","plpgsql","false","v","search_path=pg_catalog, public","service_role","true","SEE function-callers inventory; dynamic callers UNKNOWN","UNCLASSIFIED","UNDECIDED","UNKNOWN"
"public","belongs_to_clinic(uuid)","belongs_to_clinic","target_clinic_id uuid","boolean","postgres","plpgsql","true","s","search_path=public, auth, extensions","anon","false","SEE function-callers inventory; dynamic callers UNKNOWN","UNCLASSIFIED","UNDECIDED","UNKNOWN"
"public","belongs_to_clinic(uuid)","belongs_to_clinic","target_clinic_id uuid","boolean","postgres","plpgsql","true","s","search_path=public, auth, extensions","authenticated","false","SEE function-callers inventory; dynamic callers UNKNOWN","UNCLASSIFIED","UNDECIDED","UNKNOWN"
"public","belongs_to_clinic(uuid)","belongs_to_clinic","target_clinic_id uuid","boolean","postgres","plpgsql","true","s","search_path=public, auth, extensions","PUBLIC","false","SEE function-callers inventory; dynamic callers UNKNOWN","UNCLASSIFIED","UNDECIDED","UNKNOWN"
"public","belongs_to_clinic(uuid)","belongs_to_clinic","target_clinic_id uuid","boolean","postgres","plpgsql","true","s","search_path=public, auth, extensions","service_role","true","SEE function-callers inventory; dynamic callers UNKNOWN","UNCLASSIFIED","UNDECIDED","UNKNOWN"
"public","bind_line_setup_push_request(uuid,uuid,uuid,text)","bind_line_setup_push_request","p_clinic_id uuid, p_setup_session_id uuid, p_claim_token uuid, p_verification_request_digest text","void","postgres","plpgsql","false","v","search_path=pg_catalog, public","anon","false","SEE function-callers inventory; dynamic callers UNKNOWN","UNCLASSIFIED","UNDECIDED","UNKNOWN"
"public","bind_line_setup_push_request(uuid,uuid,uuid,text)","bind_line_setup_push_request","p_clinic_id uuid, p_setup_session_id uuid, p_claim_token uuid, p_verification_request_digest text","void","postgres","plpgsql","false","v","search_path=pg_catalog, public","authenticated","false","SEE function-callers inventory; dynamic callers UNKNOWN","UNCLASSIFIED","UNDECIDED","UNKNOWN"
"public","bind_line_setup_push_request(uuid,uuid,uuid,text)","bind_line_setup_push_request","p_clinic_id uuid, p_setup_session_id uuid, p_claim_token uuid, p_verification_request_digest text","void","postgres","plpgsql","false","v","search_path=pg_catalog, public","PUBLIC","false","SEE function-callers inventory; dynamic callers UNKNOWN","UNCLASSIFIED","UNDECIDED","UNKNOWN"
"public","bind_line_setup_push_request(uuid,uuid,uuid,text)","bind_line_setup_push_request","p_clinic_id uuid, p_setup_session_id uuid, p_claim_token uuid, p_verification_request_digest text","void","postgres","plpgsql","false","v","search_path=pg_catalog, public","service_role","true","SEE function-callers inventory; dynamic callers UNKNOWN","UNCLASSIFIED","UNDECIDED","UNKNOWN"
"public","calculate_churn_risk_score(uuid)","calculate_churn_risk_score","patient_uuid uuid","numeric","postgres","plpgsql","false","v","search_path=public, auth, extensions","anon","true","SEE function-callers inventory; dynamic callers UNKNOWN","UNCLASSIFIED","UNDECIDED","UNKNOWN"
"public","calculate_churn_risk_score(uuid)","calculate_churn_risk_score","patient_uuid uuid","numeric","postgres","plpgsql","false","v","search_path=public, auth, extensions","authenticated","true","SEE function-callers inventory; dynamic callers UNKNOWN","UNCLASSIFIED","UNDECIDED","UNKNOWN"
"public","calculate_churn_risk_score(uuid)","calculate_churn_risk_score","patient_uuid uuid","numeric","postgres","plpgsql","false","v","search_path=public, auth, extensions","PUBLIC","true","SEE function-callers inventory; dynamic callers UNKNOWN","UNCLASSIFIED","UNDECIDED","UNKNOWN"
"public","calculate_churn_risk_score(uuid)","calculate_churn_risk_score","patient_uuid uuid","numeric","postgres","plpgsql","false","v","search_path=public, auth, extensions","service_role","true","SEE function-callers inventory; dynamic callers UNKNOWN","UNCLASSIFIED","UNDECIDED","UNKNOWN"
"public","calculate_patient_ltv(uuid)","calculate_patient_ltv","patient_uuid uuid","numeric","postgres","plpgsql","false","v","search_path=public, auth, extensions","anon","true","SEE function-callers inventory; dynamic callers UNKNOWN","UNCLASSIFIED","UNDECIDED","UNKNOWN"
"public","calculate_patient_ltv(uuid)","calculate_patient_ltv","patient_uuid uuid","numeric","postgres","plpgsql","false","v","search_path=public, auth, extensions","authenticated","true","SEE function-callers inventory; dynamic callers UNKNOWN","UNCLASSIFIED","UNDECIDED","UNKNOWN"
"public","calculate_patient_ltv(uuid)","calculate_patient_ltv","patient_uuid uuid","numeric","postgres","plpgsql","false","v","search_path=public, auth, extensions","PUBLIC","true","SEE function-callers inventory; dynamic callers UNKNOWN","UNCLASSIFIED","UNDECIDED","UNKNOWN"
"public","calculate_patient_ltv(uuid)","calculate_patient_ltv","patient_uuid uuid","numeric","postgres","plpgsql","false","v","search_path=public, auth, extensions","service_role","true","SEE function-callers inventory; dynamic callers UNKNOWN","UNCLASSIFIED","UNDECIDED","UNKNOWN"
"public","can_access_clinic(uuid)","can_access_clinic","target_clinic_id uuid","boolean","postgres","plpgsql","true","s","search_path=public, auth, extensions","anon","false","SEE function-callers inventory; dynamic callers UNKNOWN","UNCLASSIFIED","UNDECIDED","UNKNOWN"
"public","can_access_clinic(uuid)","can_access_clinic","target_clinic_id uuid","boolean","postgres","plpgsql","true","s","search_path=public, auth, extensions","authenticated","false","SEE function-callers inventory; dynamic callers UNKNOWN","UNCLASSIFIED","UNDECIDED","UNKNOWN"
"public","can_access_clinic(uuid)","can_access_clinic","target_clinic_id uuid","boolean","postgres","plpgsql","true","s","search_path=public, auth, extensions","PUBLIC","false","SEE function-callers inventory; dynamic callers UNKNOWN","UNCLASSIFIED","UNDECIDED","UNKNOWN"
"public","can_access_clinic(uuid)","can_access_clinic","target_clinic_id uuid","boolean","postgres","plpgsql","true","s","search_path=public, auth, extensions","service_role","true","SEE function-callers inventory; dynamic callers UNKNOWN","UNCLASSIFIED","UNDECIDED","UNKNOWN"
"public","cash_dist(money,money)","cash_dist","money, money","money","supabase_admin","c","false","i","","anon","true","SEE function-callers inventory; dynamic callers UNKNOWN","UNCLASSIFIED","UNDECIDED","UNKNOWN"
"public","cash_dist(money,money)","cash_dist","money, money","money","supabase_admin","c","false","i","","authenticated","true","SEE function-callers inventory; dynamic callers UNKNOWN","UNCLASSIFIED","UNDECIDED","UNKNOWN"
"public","cash_dist(money,money)","cash_dist","money, money","money","supabase_admin","c","false","i","","PUBLIC","true","SEE function-callers inventory; dynamic callers UNKNOWN","UNCLASSIFIED","UNDECIDED","UNKNOWN"
"public","cash_dist(money,money)","cash_dist","money, money","money","supabase_admin","c","false","i","","service_role","true","SEE function-callers inventory; dynamic callers UNKNOWN","UNCLASSIFIED","UNDECIDED","UNKNOWN"
"public","check_reservation_conflict(uuid,timestamp with time zone,timestamp with time zone,uuid)","check_reservation_conflict","p_staff_id uuid, p_start_time timestamp with time zone, p_end_time timestamp with time zone, p_exclude_reservation_id uuid","TABLE(has_conflict boolean, conflict_type character varying, conflict_reason text, conflicting_reservation_id uuid)","postgres","plpgsql","false","v","search_path=public, auth, extensions","anon","true","SEE function-callers inventory; dynamic callers UNKNOWN","UNCLASSIFIED","UNDECIDED","UNKNOWN"
"public","check_reservation_conflict(uuid,timestamp with time zone,timestamp with time zone,uuid)","check_reservation_conflict","p_staff_id uuid, p_start_time timestamp with time zone, p_end_time timestamp with time zone, p_exclude_reservation_id uuid","TABLE(has_conflict boolean, conflict_type character varying, conflict_reason text, conflicting_reservation_id uuid)","postgres","plpgsql","false","v","search_path=public, auth, extensions","authenticated","true","SEE function-callers inventory; dynamic callers UNKNOWN","UNCLASSIFIED","UNDECIDED","UNKNOWN"
"public","check_reservation_conflict(uuid,timestamp with time zone,timestamp with time zone,uuid)","check_reservation_conflict","p_staff_id uuid, p_start_time timestamp with time zone, p_end_time timestamp with time zone, p_exclude_reservation_id uuid","TABLE(has_conflict boolean, conflict_type character varying, conflict_reason text, conflicting_reservation_id uuid)","postgres","plpgsql","false","v","search_path=public, auth, extensions","PUBLIC","true","SEE function-callers inventory; dynamic callers UNKNOWN","UNCLASSIFIED","UNDECIDED","UNKNOWN"
"public","check_reservation_conflict(uuid,timestamp with time zone,timestamp with time zone,uuid)","check_reservation_conflict","p_staff_id uuid, p_start_time timestamp with time zone, p_end_time timestamp with time zone, p_exclude_reservation_id uuid","TABLE(has_conflict boolean, conflict_type character varying, conflict_reason text, conflicting_reservation_id uuid)","postgres","plpgsql","false","v","search_path=public, auth, extensions","service_role","true","SEE function-callers inventory; dynamic callers UNKNOWN","UNCLASSIFIED","UNDECIDED","UNKNOWN"
"public","claim_line_chat_outbox(uuid,integer)","claim_line_chat_outbox","p_clinic_id uuid, p_limit integer","TABLE(outbox_id uuid, claim_token uuid, line_user_id text, text_content text)","postgres","plpgsql","false","v","search_path=pg_catalog, public","anon","false","SEE function-callers inventory; dynamic callers UNKNOWN","UNCLASSIFIED","UNDECIDED","UNKNOWN"
"public","claim_line_chat_outbox(uuid,integer)","claim_line_chat_outbox","p_clinic_id uuid, p_limit integer","TABLE(outbox_id uuid, claim_token uuid, line_user_id text, text_content text)","postgres","plpgsql","false","v","search_path=pg_catalog, public","authenticated","false","SEE function-callers inventory; dynamic callers UNKNOWN","UNCLASSIFIED","UNDECIDED","UNKNOWN"
"public","claim_line_chat_outbox(uuid,integer)","claim_line_chat_outbox","p_clinic_id uuid, p_limit integer","TABLE(outbox_id uuid, claim_token uuid, line_user_id text, text_content text)","postgres","plpgsql","false","v","search_path=pg_catalog, public","PUBLIC","false","SEE function-callers inventory; dynamic callers UNKNOWN","UNCLASSIFIED","UNDECIDED","UNKNOWN"
"public","claim_line_chat_outbox(uuid,integer)","claim_line_chat_outbox","p_clinic_id uuid, p_limit integer","TABLE(outbox_id uuid, claim_token uuid, line_user_id text, text_content text)","postgres","plpgsql","false","v","search_path=pg_catalog, public","service_role","true","SEE function-callers inventory; dynamic callers UNKNOWN","UNCLASSIFIED","UNDECIDED","UNKNOWN"
"public","claim_line_notification_outbox(uuid,uuid,integer)","claim_line_notification_outbox","p_clinic_id uuid, p_outbox_id uuid, p_expected_attempts integer","uuid","postgres","plpgsql","false","v","search_path=pg_catalog, public","anon","false","SEE function-callers inventory; dynamic callers UNKNOWN","UNCLASSIFIED","UNDECIDED","UNKNOWN"
"public","claim_line_notification_outbox(uuid,uuid,integer)","claim_line_notification_outbox","p_clinic_id uuid, p_outbox_id uuid, p_expected_attempts integer","uuid","postgres","plpgsql","false","v","search_path=pg_catalog, public","authenticated","false","SEE function-callers inventory; dynamic callers UNKNOWN","UNCLASSIFIED","UNDECIDED","UNKNOWN"
"public","claim_line_notification_outbox(uuid,uuid,integer)","claim_line_notification_outbox","p_clinic_id uuid, p_outbox_id uuid, p_expected_attempts integer","uuid","postgres","plpgsql","false","v","search_path=pg_catalog, public","PUBLIC","false","SEE function-callers inventory; dynamic callers UNKNOWN","UNCLASSIFIED","UNDECIDED","UNKNOWN"
"public","claim_line_notification_outbox(uuid,uuid,integer)","claim_line_notification_outbox","p_clinic_id uuid, p_outbox_id uuid, p_expected_attempts integer","uuid","postgres","plpgsql","false","v","search_path=pg_catalog, public","service_role","true","SEE function-callers inventory; dynamic callers UNKNOWN","UNCLASSIFIED","UNDECIDED","UNKNOWN"
"public","claim_line_setup_verification(uuid,uuid)","claim_line_setup_verification","p_clinic_id uuid, p_setup_session_id uuid","TABLE(claim_token uuid, encrypted_private_jwk text, push_test_retry_key uuid)","postgres","plpgsql","false","v","search_path=pg_catalog, public","anon","false","SEE function-callers inventory; dynamic callers UNKNOWN","UNCLASSIFIED","UNDECIDED","UNKNOWN"
"public","claim_line_setup_verification(uuid,uuid)","claim_line_setup_verification","p_clinic_id uuid, p_setup_session_id uuid","TABLE(claim_token uuid, encrypted_private_jwk text, push_test_retry_key uuid)","postgres","plpgsql","false","v","search_path=pg_catalog, public","authenticated","false","SEE function-callers inventory; dynamic callers UNKNOWN","UNCLASSIFIED","UNDECIDED","UNKNOWN"
"public","claim_line_setup_verification(uuid,uuid)","claim_line_setup_verification","p_clinic_id uuid, p_setup_session_id uuid","TABLE(claim_token uuid, encrypted_private_jwk text, push_test_retry_key uuid)","postgres","plpgsql","false","v","search_path=pg_catalog, public","PUBLIC","false","SEE function-callers inventory; dynamic callers UNKNOWN","UNCLASSIFIED","UNDECIDED","UNKNOWN"
"public","claim_line_setup_verification(uuid,uuid)","claim_line_setup_verification","p_clinic_id uuid, p_setup_session_id uuid","TABLE(claim_token uuid, encrypted_private_jwk text, push_test_retry_key uuid)","postgres","plpgsql","false","v","search_path=pg_catalog, public","service_role","true","SEE function-callers inventory; dynamic callers UNKNOWN","UNCLASSIFIED","UNDECIDED","UNKNOWN"
"public","close_line_setup_session(uuid,uuid,text)","close_line_setup_session","p_clinic_id uuid, p_setup_session_id uuid, p_status text","void","postgres","plpgsql","false","v","search_path=pg_catalog, public","anon","false","SEE function-callers inventory; dynamic callers UNKNOWN","UNCLASSIFIED","UNDECIDED","UNKNOWN"
"public","close_line_setup_session(uuid,uuid,text)","close_line_setup_session","p_clinic_id uuid, p_setup_session_id uuid, p_status text","void","postgres","plpgsql","false","v","search_path=pg_catalog, public","authenticated","false","SEE function-callers inventory; dynamic callers UNKNOWN","UNCLASSIFIED","UNDECIDED","UNKNOWN"
"public","close_line_setup_session(uuid,uuid,text)","close_line_setup_session","p_clinic_id uuid, p_setup_session_id uuid, p_status text","void","postgres","plpgsql","false","v","search_path=pg_catalog, public","PUBLIC","false","SEE function-callers inventory; dynamic callers UNKNOWN","UNCLASSIFIED","UNDECIDED","UNKNOWN"
"public","close_line_setup_session(uuid,uuid,text)","close_line_setup_session","p_clinic_id uuid, p_setup_session_id uuid, p_status text","void","postgres","plpgsql","false","v","search_path=pg_catalog, public","service_role","true","SEE function-callers inventory; dynamic callers UNKNOWN","UNCLASSIFIED","UNDECIDED","UNKNOWN"
"public","complete_line_self_serve_setup(uuid,uuid,uuid,jsonb,uuid,boolean,boolean)","complete_line_self_serve_setup","p_clinic_id uuid, p_setup_session_id uuid, p_new_generation_id uuid, p_credentials jsonb, p_updated_by uuid, p_enable_booking boolean, p_enable_notifications boolean","uuid","postgres","plpgsql","false","v","search_path=pg_catalog, public","anon","false","SEE function-callers inventory; dynamic callers UNKNOWN","UNCLASSIFIED","UNDECIDED","UNKNOWN"
"public","complete_line_self_serve_setup(uuid,uuid,uuid,jsonb,uuid,boolean,boolean)","complete_line_self_serve_setup","p_clinic_id uuid, p_setup_session_id uuid, p_new_generation_id uuid, p_credentials jsonb, p_updated_by uuid, p_enable_booking boolean, p_enable_notifications boolean","uuid","postgres","plpgsql","false","v","search_path=pg_catalog, public","authenticated","false","SEE function-callers inventory; dynamic callers UNKNOWN","UNCLASSIFIED","UNDECIDED","UNKNOWN"
"public","complete_line_self_serve_setup(uuid,uuid,uuid,jsonb,uuid,boolean,boolean)","complete_line_self_serve_setup","p_clinic_id uuid, p_setup_session_id uuid, p_new_generation_id uuid, p_credentials jsonb, p_updated_by uuid, p_enable_booking boolean, p_enable_notifications boolean","uuid","postgres","plpgsql","false","v","search_path=pg_catalog, public","PUBLIC","false","SEE function-callers inventory; dynamic callers UNKNOWN","UNCLASSIFIED","UNDECIDED","UNKNOWN"
"public","complete_line_self_serve_setup(uuid,uuid,uuid,jsonb,uuid,boolean,boolean)","complete_line_self_serve_setup","p_clinic_id uuid, p_setup_session_id uuid, p_new_generation_id uuid, p_credentials jsonb, p_updated_by uuid, p_enable_booking boolean, p_enable_notifications boolean","uuid","postgres","plpgsql","false","v","search_path=pg_catalog, public","service_role","true","SEE function-callers inventory; dynamic callers UNKNOWN","UNCLASSIFIED","UNDECIDED","UNKNOWN"
"public","confirm_daily_report_item_pricing(uuid,uuid,integer,numeric,boolean,text,uuid)","confirm_daily_report_item_pricing","p_clinic_id uuid, p_daily_report_item_id uuid, p_patient_burden_rate_override integer, p_manual_estimated_amount numeric, p_update_customer_coverage boolean, p_confirmation_note text, p_actor_user_id uuid","TABLE(daily_report_item_id uuid, revenue_estimate_id uuid, estimate_status text, estimated_total numeric, pricing_snapshot_status text, patient_burden_rate integer)","postgres","plpgsql","true","v","search_path=public, auth, extensions","anon","false","SEE function-callers inventory; dynamic callers UNKNOWN","UNCLASSIFIED","UNDECIDED","UNKNOWN"
"public","confirm_daily_report_item_pricing(uuid,uuid,integer,numeric,boolean,text,uuid)","confirm_daily_report_item_pricing","p_clinic_id uuid, p_daily_report_item_id uuid, p_patient_burden_rate_override integer, p_manual_estimated_amount numeric, p_update_customer_coverage boolean, p_confirmation_note text, p_actor_user_id uuid","TABLE(daily_report_item_id uuid, revenue_estimate_id uuid, estimate_status text, estimated_total numeric, pricing_snapshot_status text, patient_burden_rate integer)","postgres","plpgsql","true","v","search_path=public, auth, extensions","authenticated","false","SEE function-callers inventory; dynamic callers UNKNOWN","UNCLASSIFIED","UNDECIDED","UNKNOWN"
"public","confirm_daily_report_item_pricing(uuid,uuid,integer,numeric,boolean,text,uuid)","confirm_daily_report_item_pricing","p_clinic_id uuid, p_daily_report_item_id uuid, p_patient_burden_rate_override integer, p_manual_estimated_amount numeric, p_update_customer_coverage boolean, p_confirmation_note text, p_actor_user_id uuid","TABLE(daily_report_item_id uuid, revenue_estimate_id uuid, estimate_status text, estimated_total numeric, pricing_snapshot_status text, patient_burden_rate integer)","postgres","plpgsql","true","v","search_path=public, auth, extensions","PUBLIC","false","SEE function-callers inventory; dynamic callers UNKNOWN","UNCLASSIFIED","UNDECIDED","UNKNOWN"
"public","confirm_daily_report_item_pricing(uuid,uuid,integer,numeric,boolean,text,uuid)","confirm_daily_report_item_pricing","p_clinic_id uuid, p_daily_report_item_id uuid, p_patient_burden_rate_override integer, p_manual_estimated_amount numeric, p_update_customer_coverage boolean, p_confirmation_note text, p_actor_user_id uuid","TABLE(daily_report_item_id uuid, revenue_estimate_id uuid, estimate_status text, estimated_total numeric, pricing_snapshot_status text, patient_burden_rate integer)","postgres","plpgsql","true","v","search_path=public, auth, extensions","service_role","true","SEE function-callers inventory; dynamic callers UNKNOWN","UNCLASSIFIED","UNDECIDED","UNKNOWN"
"public","convert_shift_requests(uuid,uuid,uuid[],text,uuid,text)","convert_shift_requests","p_clinic_id uuid, p_period_id uuid, p_request_ids uuid[], p_mode text, p_actor_user_id uuid, p_actor_role text","TABLE(converted_request_id uuid, converted_shift_id uuid)","postgres","plpgsql","true","v","search_path=public, auth, extensions","anon","false","SEE function-callers inventory; dynamic callers UNKNOWN","UNCLASSIFIED","UNDECIDED","UNKNOWN"
"public","convert_shift_requests(uuid,uuid,uuid[],text,uuid,text)","convert_shift_requests","p_clinic_id uuid, p_period_id uuid, p_request_ids uuid[], p_mode text, p_actor_user_id uuid, p_actor_role text","TABLE(converted_request_id uuid, converted_shift_id uuid)","postgres","plpgsql","true","v","search_path=public, auth, extensions","authenticated","false","SEE function-callers inventory; dynamic callers UNKNOWN","UNCLASSIFIED","UNDECIDED","UNKNOWN"
"public","convert_shift_requests(uuid,uuid,uuid[],text,uuid,text)","convert_shift_requests","p_clinic_id uuid, p_period_id uuid, p_request_ids uuid[], p_mode text, p_actor_user_id uuid, p_actor_role text","TABLE(converted_request_id uuid, converted_shift_id uuid)","postgres","plpgsql","true","v","search_path=public, auth, extensions","PUBLIC","false","SEE function-callers inventory; dynamic callers UNKNOWN","UNCLASSIFIED","UNDECIDED","UNKNOWN"
"public","convert_shift_requests(uuid,uuid,uuid[],text,uuid,text)","convert_shift_requests","p_clinic_id uuid, p_period_id uuid, p_request_ids uuid[], p_mode text, p_actor_user_id uuid, p_actor_role text","TABLE(converted_request_id uuid, converted_shift_id uuid)","postgres","plpgsql","true","v","search_path=public, auth, extensions","service_role","true","SEE function-callers inventory; dynamic callers UNKNOWN","UNCLASSIFIED","UNDECIDED","UNKNOWN"
"public","create_clinic_with_admin(text,text,text,date,uuid)","create_clinic_with_admin","p_name text, p_address text, p_phone_number text, p_opening_date date, p_parent_id uuid","jsonb","postgres","plpgsql","true","v","search_path=public","anon","false","SEE function-callers inventory; dynamic callers UNKNOWN","UNCLASSIFIED","UNDECIDED","UNKNOWN"
"public","create_clinic_with_admin(text,text,text,date,uuid)","create_clinic_with_admin","p_name text, p_address text, p_phone_number text, p_opening_date date, p_parent_id uuid","jsonb","postgres","plpgsql","true","v","search_path=public","authenticated","false","SEE function-callers inventory; dynamic callers UNKNOWN","UNCLASSIFIED","UNDECIDED","UNKNOWN"
"public","create_clinic_with_admin(text,text,text,date,uuid)","create_clinic_with_admin","p_name text, p_address text, p_phone_number text, p_opening_date date, p_parent_id uuid","jsonb","postgres","plpgsql","true","v","search_path=public","PUBLIC","false","SEE function-callers inventory; dynamic callers UNKNOWN","UNCLASSIFIED","UNDECIDED","UNKNOWN"
"public","create_clinic_with_admin(text,text,text,date,uuid)","create_clinic_with_admin","p_name text, p_address text, p_phone_number text, p_opening_date date, p_parent_id uuid","jsonb","postgres","plpgsql","true","v","search_path=public","service_role","true","SEE function-callers inventory; dynamic callers UNKNOWN","UNCLASSIFIED","UNDECIDED","UNKNOWN"
"public","create_staff_availability_event(uuid,uuid,uuid,timestamp with time zone,text,uuid,jsonb)","create_staff_availability_event","p_event_id uuid, p_clinic_id uuid, p_staff_id uuid, p_available_datetime timestamp with time zone, p_reward_type text, p_created_by uuid, p_recipients jsonb","TABLE(id uuid, clinic_id uuid, staff_id uuid, available_datetime timestamp with time zone, reward_type text, status text, created_by uuid, created_at timestamp with time zone, updated_at timestamp with time zone, recipient_count integer)","postgres","plpgsql","false","v","search_path=pg_catalog, public","anon","false","SEE function-callers inventory; dynamic callers UNKNOWN","UNCLASSIFIED","UNDECIDED","UNKNOWN"
"public","create_staff_availability_event(uuid,uuid,uuid,timestamp with time zone,text,uuid,jsonb)","create_staff_availability_event","p_event_id uuid, p_clinic_id uuid, p_staff_id uuid, p_available_datetime timestamp with time zone, p_reward_type text, p_created_by uuid, p_recipients jsonb","TABLE(id uuid, clinic_id uuid, staff_id uuid, available_datetime timestamp with time zone, reward_type text, status text, created_by uuid, created_at timestamp with time zone, updated_at timestamp with time zone, recipient_count integer)","postgres","plpgsql","false","v","search_path=pg_catalog, public","authenticated","false","SEE function-callers inventory; dynamic callers UNKNOWN","UNCLASSIFIED","UNDECIDED","UNKNOWN"
"public","create_staff_availability_event(uuid,uuid,uuid,timestamp with time zone,text,uuid,jsonb)","create_staff_availability_event","p_event_id uuid, p_clinic_id uuid, p_staff_id uuid, p_available_datetime timestamp with time zone, p_reward_type text, p_created_by uuid, p_recipients jsonb","TABLE(id uuid, clinic_id uuid, staff_id uuid, available_datetime timestamp with time zone, reward_type text, status text, created_by uuid, created_at timestamp with time zone, updated_at timestamp with time zone, recipient_count integer)","postgres","plpgsql","false","v","search_path=pg_catalog, public","PUBLIC","false","SEE function-callers inventory; dynamic callers UNKNOWN","UNCLASSIFIED","UNDECIDED","UNKNOWN"
"public","create_staff_availability_event(uuid,uuid,uuid,timestamp with time zone,text,uuid,jsonb)","create_staff_availability_event","p_event_id uuid, p_clinic_id uuid, p_staff_id uuid, p_available_datetime timestamp with time zone, p_reward_type text, p_created_by uuid, p_recipients jsonb","TABLE(id uuid, clinic_id uuid, staff_id uuid, available_datetime timestamp with time zone, reward_type text, status text, created_by uuid, created_at timestamp with time zone, updated_at timestamp with time zone, recipient_count integer)","postgres","plpgsql","false","v","search_path=pg_catalog, public","service_role","true","SEE function-callers inventory; dynamic callers UNKNOWN","UNCLASSIFIED","UNDECIDED","UNKNOWN"
"public","create_staff_availability_reservation(uuid,uuid,uuid,text,uuid,uuid,timestamp with time zone,timestamp with time zone,text,text,boolean,jsonb,uuid)","create_staff_availability_reservation","p_clinic_id uuid, p_event_id uuid, p_customer_id uuid, p_line_user_id text, p_menu_id uuid, p_staff_id uuid, p_start_time timestamp with time zone, p_end_time timestamp with time zone, p_notes text, p_channel text, p_is_staff_requested boolean, p_intake_responses jsonb, p_campaign_id uuid","TABLE(id uuid, start_time timestamp with time zone, end_time timestamp with time zone, status text, updated_at timestamp with time zone)","postgres","plpgsql","false","v","search_path=pg_catalog, public","anon","false","SEE function-callers inventory; dynamic callers UNKNOWN","UNCLASSIFIED","UNDECIDED","UNKNOWN"
"public","create_staff_availability_reservation(uuid,uuid,uuid,text,uuid,uuid,timestamp with time zone,timestamp with time zone,text,text,boolean,jsonb,uuid)","create_staff_availability_reservation","p_clinic_id uuid, p_event_id uuid, p_customer_id uuid, p_line_user_id text, p_menu_id uuid, p_staff_id uuid, p_start_time timestamp with time zone, p_end_time timestamp with time zone, p_notes text, p_channel text, p_is_staff_requested boolean, p_intake_responses jsonb, p_campaign_id uuid","TABLE(id uuid, start_time timestamp with time zone, end_time timestamp with time zone, status text, updated_at timestamp with time zone)","postgres","plpgsql","false","v","search_path=pg_catalog, public","authenticated","false","SEE function-callers inventory; dynamic callers UNKNOWN","UNCLASSIFIED","UNDECIDED","UNKNOWN"
"public","create_staff_availability_reservation(uuid,uuid,uuid,text,uuid,uuid,timestamp with time zone,timestamp with time zone,text,text,boolean,jsonb,uuid)","create_staff_availability_reservation","p_clinic_id uuid, p_event_id uuid, p_customer_id uuid, p_line_user_id text, p_menu_id uuid, p_staff_id uuid, p_start_time timestamp with time zone, p_end_time timestamp with time zone, p_notes text, p_channel text, p_is_staff_requested boolean, p_intake_responses jsonb, p_campaign_id uuid","TABLE(id uuid, start_time timestamp with time zone, end_time timestamp with time zone, status text, updated_at timestamp with time zone)","postgres","plpgsql","false","v","search_path=pg_catalog, public","PUBLIC","false","SEE function-callers inventory; dynamic callers UNKNOWN","UNCLASSIFIED","UNDECIDED","UNKNOWN"
"public","create_staff_availability_reservation(uuid,uuid,uuid,text,uuid,uuid,timestamp with time zone,timestamp with time zone,text,text,boolean,jsonb,uuid)","create_staff_availability_reservation","p_clinic_id uuid, p_event_id uuid, p_customer_id uuid, p_line_user_id text, p_menu_id uuid, p_staff_id uuid, p_start_time timestamp with time zone, p_end_time timestamp with time zone, p_notes text, p_channel text, p_is_staff_requested boolean, p_intake_responses jsonb, p_campaign_id uuid","TABLE(id uuid, start_time timestamp with time zone, end_time timestamp with time zone, status text, updated_at timestamp with time zone)","postgres","plpgsql","false","v","search_path=pg_catalog, public","service_role","true","SEE function-callers inventory; dynamic callers UNKNOWN","UNCLASSIFIED","UNDECIDED","UNKNOWN"
"public","custom_access_token_hook(jsonb)","custom_access_token_hook","event jsonb","jsonb","postgres","plpgsql","true","v","search_path=public, auth, extensions","anon","false","SEE function-callers inventory; dynamic callers UNKNOWN","UNCLASSIFIED","UNDECIDED","UNKNOWN"
"public","custom_access_token_hook(jsonb)","custom_access_token_hook","event jsonb","jsonb","postgres","plpgsql","true","v","search_path=public, auth, extensions","authenticated","false","SEE function-callers inventory; dynamic callers UNKNOWN","UNCLASSIFIED","UNDECIDED","UNKNOWN"
"public","custom_access_token_hook(jsonb)","custom_access_token_hook","event jsonb","jsonb","postgres","plpgsql","true","v","search_path=public, auth, extensions","PUBLIC","false","SEE function-callers inventory; dynamic callers UNKNOWN","UNCLASSIFIED","UNDECIDED","UNKNOWN"
"public","custom_access_token_hook(jsonb)","custom_access_token_hook","event jsonb","jsonb","postgres","plpgsql","true","v","search_path=public, auth, extensions","service_role","true","SEE function-callers inventory; dynamic callers UNKNOWN","UNCLASSIFIED","UNDECIDED","UNKNOWN"
"public","date_dist(date,date)","date_dist","date, date","integer","supabase_admin","c","false","i","","anon","true","SEE function-callers inventory; dynamic callers UNKNOWN","UNCLASSIFIED","UNDECIDED","UNKNOWN"
"public","date_dist(date,date)","date_dist","date, date","integer","supabase_admin","c","false","i","","authenticated","true","SEE function-callers inventory; dynamic callers UNKNOWN","UNCLASSIFIED","UNDECIDED","UNKNOWN"
"public","date_dist(date,date)","date_dist","date, date","integer","supabase_admin","c","false","i","","PUBLIC","true","SEE function-callers inventory; dynamic callers UNKNOWN","UNCLASSIFIED","UNDECIDED","UNKNOWN"
"public","date_dist(date,date)","date_dist","date, date","integer","supabase_admin","c","false","i","","service_role","true","SEE function-callers inventory; dynamic callers UNKNOWN","UNCLASSIFIED","UNDECIDED","UNKNOWN"
"public","decrypt_mfa_secret(text)","decrypt_mfa_secret","encrypted_text text","text","postgres","plpgsql","true","v","search_path=public, auth, extensions","anon","false","SEE function-callers inventory; dynamic callers UNKNOWN","UNCLASSIFIED","UNDECIDED","UNKNOWN"
"public","decrypt_mfa_secret(text)","decrypt_mfa_secret","encrypted_text text","text","postgres","plpgsql","true","v","search_path=public, auth, extensions","authenticated","false","SEE function-callers inventory; dynamic callers UNKNOWN","UNCLASSIFIED","UNDECIDED","UNKNOWN"
"public","decrypt_mfa_secret(text)","decrypt_mfa_secret","encrypted_text text","text","postgres","plpgsql","true","v","search_path=public, auth, extensions","PUBLIC","false","SEE function-callers inventory; dynamic callers UNKNOWN","UNCLASSIFIED","UNDECIDED","UNKNOWN"
"public","decrypt_mfa_secret(text)","decrypt_mfa_secret","encrypted_text text","text","postgres","plpgsql","true","v","search_path=public, auth, extensions","service_role","true","SEE function-callers inventory; dynamic callers UNKNOWN","UNCLASSIFIED","UNDECIDED","UNKNOWN"
"public","decrypt_patient_data(text)","decrypt_patient_data","encrypted_text text","text","postgres","plpgsql","false","v","search_path=public, auth, extensions","anon","true","SEE function-callers inventory; dynamic callers UNKNOWN","UNCLASSIFIED","UNDECIDED","UNKNOWN"
"public","decrypt_patient_data(text)","decrypt_patient_data","encrypted_text text","text","postgres","plpgsql","false","v","search_path=public, auth, extensions","authenticated","true","SEE function-callers inventory; dynamic callers UNKNOWN","UNCLASSIFIED","UNDECIDED","UNKNOWN"
"public","decrypt_patient_data(text)","decrypt_patient_data","encrypted_text text","text","postgres","plpgsql","false","v","search_path=public, auth, extensions","PUBLIC","true","SEE function-callers inventory; dynamic callers UNKNOWN","UNCLASSIFIED","UNDECIDED","UNKNOWN"
"public","decrypt_patient_data(text)","decrypt_patient_data","encrypted_text text","text","postgres","plpgsql","false","v","search_path=public, auth, extensions","service_role","true","SEE function-callers inventory; dynamic callers UNKNOWN","UNCLASSIFIED","UNDECIDED","UNKNOWN"
"public","encrypt_mfa_secret(text)","encrypt_mfa_secret","secret_text text","text","postgres","plpgsql","true","v","search_path=public, auth, extensions","anon","false","SEE function-callers inventory; dynamic callers UNKNOWN","UNCLASSIFIED","UNDECIDED","UNKNOWN"
"public","encrypt_mfa_secret(text)","encrypt_mfa_secret","secret_text text","text","postgres","plpgsql","true","v","search_path=public, auth, extensions","authenticated","false","SEE function-callers inventory; dynamic callers UNKNOWN","UNCLASSIFIED","UNDECIDED","UNKNOWN"
"public","encrypt_mfa_secret(text)","encrypt_mfa_secret","secret_text text","text","postgres","plpgsql","true","v","search_path=public, auth, extensions","PUBLIC","false","SEE function-callers inventory; dynamic callers UNKNOWN","UNCLASSIFIED","UNDECIDED","UNKNOWN"
"public","encrypt_mfa_secret(text)","encrypt_mfa_secret","secret_text text","text","postgres","plpgsql","true","v","search_path=public, auth, extensions","service_role","true","SEE function-callers inventory; dynamic callers UNKNOWN","UNCLASSIFIED","UNDECIDED","UNKNOWN"
"public","encrypt_patient_data(text)","encrypt_patient_data","plain_text text","text","postgres","plpgsql","false","v","search_path=public, auth, extensions","anon","true","SEE function-callers inventory; dynamic callers UNKNOWN","UNCLASSIFIED","UNDECIDED","UNKNOWN"
"public","encrypt_patient_data(text)","encrypt_patient_data","plain_text text","text","postgres","plpgsql","false","v","search_path=public, auth, extensions","authenticated","true","SEE function-callers inventory; dynamic callers UNKNOWN","UNCLASSIFIED","UNDECIDED","UNKNOWN"
"public","encrypt_patient_data(text)","encrypt_patient_data","plain_text text","text","postgres","plpgsql","false","v","search_path=public, auth, extensions","PUBLIC","true","SEE function-callers inventory; dynamic callers UNKNOWN","UNCLASSIFIED","UNDECIDED","UNKNOWN"
"public","encrypt_patient_data(text)","encrypt_patient_data","plain_text text","text","postgres","plpgsql","false","v","search_path=public, auth, extensions","service_role","true","SEE function-callers inventory; dynamic callers UNKNOWN","UNCLASSIFIED","UNDECIDED","UNKNOWN"
"public","enqueue_line_chat_message(uuid,uuid,text,uuid)","enqueue_line_chat_message","p_clinic_id uuid, p_conversation_id uuid, p_text text, p_sent_by uuid","uuid","postgres","plpgsql","false","v","search_path=pg_catalog, public","anon","false","SEE function-callers inventory; dynamic callers UNKNOWN","UNCLASSIFIED","UNDECIDED","UNKNOWN"
"public","enqueue_line_chat_message(uuid,uuid,text,uuid)","enqueue_line_chat_message","p_clinic_id uuid, p_conversation_id uuid, p_text text, p_sent_by uuid","uuid","postgres","plpgsql","false","v","search_path=pg_catalog, public","authenticated","false","SEE function-callers inventory; dynamic callers UNKNOWN","UNCLASSIFIED","UNDECIDED","UNKNOWN"
"public","enqueue_line_chat_message(uuid,uuid,text,uuid)","enqueue_line_chat_message","p_clinic_id uuid, p_conversation_id uuid, p_text text, p_sent_by uuid","uuid","postgres","plpgsql","false","v","search_path=pg_catalog, public","PUBLIC","false","SEE function-callers inventory; dynamic callers UNKNOWN","UNCLASSIFIED","UNDECIDED","UNKNOWN"
"public","enqueue_line_chat_message(uuid,uuid,text,uuid)","enqueue_line_chat_message","p_clinic_id uuid, p_conversation_id uuid, p_text text, p_sent_by uuid","uuid","postgres","plpgsql","false","v","search_path=pg_catalog, public","service_role","true","SEE function-callers inventory; dynamic callers UNKNOWN","UNCLASSIFIED","UNDECIDED","UNKNOWN"
"public","enqueue_outreach_campaign(uuid,uuid,text,jsonb)","enqueue_outreach_campaign","p_clinic_id uuid, p_campaign_id uuid, p_expected_message_body text, p_deliveries jsonb","TABLE(enqueued_count integer, sent_at timestamp with time zone)","postgres","plpgsql","false","v","search_path=pg_catalog, public","anon","false","SEE function-callers inventory; dynamic callers UNKNOWN","UNCLASSIFIED","UNDECIDED","UNKNOWN"
"public","enqueue_outreach_campaign(uuid,uuid,text,jsonb)","enqueue_outreach_campaign","p_clinic_id uuid, p_campaign_id uuid, p_expected_message_body text, p_deliveries jsonb","TABLE(enqueued_count integer, sent_at timestamp with time zone)","postgres","plpgsql","false","v","search_path=pg_catalog, public","authenticated","false","SEE function-callers inventory; dynamic callers UNKNOWN","UNCLASSIFIED","UNDECIDED","UNKNOWN"
"public","enqueue_outreach_campaign(uuid,uuid,text,jsonb)","enqueue_outreach_campaign","p_clinic_id uuid, p_campaign_id uuid, p_expected_message_body text, p_deliveries jsonb","TABLE(enqueued_count integer, sent_at timestamp with time zone)","postgres","plpgsql","false","v","search_path=pg_catalog, public","PUBLIC","false","SEE function-callers inventory; dynamic callers UNKNOWN","UNCLASSIFIED","UNDECIDED","UNKNOWN"
"public","enqueue_outreach_campaign(uuid,uuid,text,jsonb)","enqueue_outreach_campaign","p_clinic_id uuid, p_campaign_id uuid, p_expected_message_body text, p_deliveries jsonb","TABLE(enqueued_count integer, sent_at timestamp with time zone)","postgres","plpgsql","false","v","search_path=pg_catalog, public","service_role","true","SEE function-callers inventory; dynamic callers UNKNOWN","UNCLASSIFIED","UNDECIDED","UNKNOWN"
"public","expire_line_setup_sessions(uuid)","expire_line_setup_sessions","p_clinic_id uuid","integer","postgres","plpgsql","false","v","search_path=pg_catalog, public","anon","false","SEE function-callers inventory; dynamic callers UNKNOWN","UNCLASSIFIED","UNDECIDED","UNKNOWN"
"public","expire_line_setup_sessions(uuid)","expire_line_setup_sessions","p_clinic_id uuid","integer","postgres","plpgsql","false","v","search_path=pg_catalog, public","authenticated","false","SEE function-callers inventory; dynamic callers UNKNOWN","UNCLASSIFIED","UNDECIDED","UNKNOWN"
"public","expire_line_setup_sessions(uuid)","expire_line_setup_sessions","p_clinic_id uuid","integer","postgres","plpgsql","false","v","search_path=pg_catalog, public","PUBLIC","false","SEE function-callers inventory; dynamic callers UNKNOWN","UNCLASSIFIED","UNDECIDED","UNKNOWN"
"public","expire_line_setup_sessions(uuid)","expire_line_setup_sessions","p_clinic_id uuid","integer","postgres","plpgsql","false","v","search_path=pg_catalog, public","service_role","true","SEE function-callers inventory; dynamic callers UNKNOWN","UNCLASSIFIED","UNDECIDED","UNKNOWN"
"public","finalize_line_chat_outbox(uuid,uuid,uuid,boolean,text,text)","finalize_line_chat_outbox","p_clinic_id uuid, p_outbox_id uuid, p_claim_token uuid, p_succeeded boolean, p_line_message_id text, p_error_code text","void","postgres","plpgsql","false","v","search_path=pg_catalog, public","anon","false","SEE function-callers inventory; dynamic callers UNKNOWN","UNCLASSIFIED","UNDECIDED","UNKNOWN"
"public","finalize_line_chat_outbox(uuid,uuid,uuid,boolean,text,text)","finalize_line_chat_outbox","p_clinic_id uuid, p_outbox_id uuid, p_claim_token uuid, p_succeeded boolean, p_line_message_id text, p_error_code text","void","postgres","plpgsql","false","v","search_path=pg_catalog, public","authenticated","false","SEE function-callers inventory; dynamic callers UNKNOWN","UNCLASSIFIED","UNDECIDED","UNKNOWN"
"public","finalize_line_chat_outbox(uuid,uuid,uuid,boolean,text,text)","finalize_line_chat_outbox","p_clinic_id uuid, p_outbox_id uuid, p_claim_token uuid, p_succeeded boolean, p_line_message_id text, p_error_code text","void","postgres","plpgsql","false","v","search_path=pg_catalog, public","PUBLIC","false","SEE function-callers inventory; dynamic callers UNKNOWN","UNCLASSIFIED","UNDECIDED","UNKNOWN"
"public","finalize_line_chat_outbox(uuid,uuid,uuid,boolean,text,text)","finalize_line_chat_outbox","p_clinic_id uuid, p_outbox_id uuid, p_claim_token uuid, p_succeeded boolean, p_line_message_id text, p_error_code text","void","postgres","plpgsql","false","v","search_path=pg_catalog, public","service_role","true","SEE function-callers inventory; dynamic callers UNKNOWN","UNCLASSIFIED","UNDECIDED","UNKNOWN"
"public","finalize_line_notification_outbox(uuid,uuid,uuid,text,timestamp with time zone,text,timestamp with time zone)","finalize_line_notification_outbox","p_clinic_id uuid, p_outbox_id uuid, p_claim_token uuid, p_status text, p_sent_at timestamp with time zone, p_last_error text, p_next_attempt_at timestamp with time zone","void","postgres","plpgsql","false","v","search_path=pg_catalog, public","anon","false","SEE function-callers inventory; dynamic callers UNKNOWN","UNCLASSIFIED","UNDECIDED","UNKNOWN"
"public","finalize_line_notification_outbox(uuid,uuid,uuid,text,timestamp with time zone,text,timestamp with time zone)","finalize_line_notification_outbox","p_clinic_id uuid, p_outbox_id uuid, p_claim_token uuid, p_status text, p_sent_at timestamp with time zone, p_last_error text, p_next_attempt_at timestamp with time zone","void","postgres","plpgsql","false","v","search_path=pg_catalog, public","authenticated","false","SEE function-callers inventory; dynamic callers UNKNOWN","UNCLASSIFIED","UNDECIDED","UNKNOWN"
"public","finalize_line_notification_outbox(uuid,uuid,uuid,text,timestamp with time zone,text,timestamp with time zone)","finalize_line_notification_outbox","p_clinic_id uuid, p_outbox_id uuid, p_claim_token uuid, p_status text, p_sent_at timestamp with time zone, p_last_error text, p_next_attempt_at timestamp with time zone","void","postgres","plpgsql","false","v","search_path=pg_catalog, public","PUBLIC","false","SEE function-callers inventory; dynamic callers UNKNOWN","UNCLASSIFIED","UNDECIDED","UNKNOWN"
"public","finalize_line_notification_outbox(uuid,uuid,uuid,text,timestamp with time zone,text,timestamp with time zone)","finalize_line_notification_outbox","p_clinic_id uuid, p_outbox_id uuid, p_claim_token uuid, p_status text, p_sent_at timestamp with time zone, p_last_error text, p_next_attempt_at timestamp with time zone","void","postgres","plpgsql","false","v","search_path=pg_catalog, public","service_role","true","SEE function-callers inventory; dynamic callers UNKNOWN","UNCLASSIFIED","UNDECIDED","UNKNOWN"
"public","finalize_line_setup_verification(uuid,uuid,uuid,text,text,boolean)","finalize_line_setup_verification","p_clinic_id uuid, p_setup_session_id uuid, p_claim_token uuid, p_public_key_kid text, p_encrypted_verification_payload text, p_provider_identity_verified boolean","void","postgres","plpgsql","false","v","search_path=pg_catalog, public","anon","false","SEE function-callers inventory; dynamic callers UNKNOWN","UNCLASSIFIED","UNDECIDED","UNKNOWN"
"public","finalize_line_setup_verification(uuid,uuid,uuid,text,text,boolean)","finalize_line_setup_verification","p_clinic_id uuid, p_setup_session_id uuid, p_claim_token uuid, p_public_key_kid text, p_encrypted_verification_payload text, p_provider_identity_verified boolean","void","postgres","plpgsql","false","v","search_path=pg_catalog, public","authenticated","false","SEE function-callers inventory; dynamic callers UNKNOWN","UNCLASSIFIED","UNDECIDED","UNKNOWN"
"public","finalize_line_setup_verification(uuid,uuid,uuid,text,text,boolean)","finalize_line_setup_verification","p_clinic_id uuid, p_setup_session_id uuid, p_claim_token uuid, p_public_key_kid text, p_encrypted_verification_payload text, p_provider_identity_verified boolean","void","postgres","plpgsql","false","v","search_path=pg_catalog, public","PUBLIC","false","SEE function-callers inventory; dynamic callers UNKNOWN","UNCLASSIFIED","UNDECIDED","UNKNOWN"
"public","finalize_line_setup_verification(uuid,uuid,uuid,text,text,boolean)","finalize_line_setup_verification","p_clinic_id uuid, p_setup_session_id uuid, p_claim_token uuid, p_public_key_kid text, p_encrypted_verification_payload text, p_provider_identity_verified boolean","void","postgres","plpgsql","false","v","search_path=pg_catalog, public","service_role","true","SEE function-callers inventory; dynamic callers UNKNOWN","UNCLASSIFIED","UNDECIDED","UNKNOWN"
"public","finalize_staff_availability_delivery(uuid,uuid,uuid,text,timestamp with time zone,text)","finalize_staff_availability_delivery","p_clinic_id uuid, p_outbox_id uuid, p_notification_id uuid, p_status text, p_sent_at timestamp with time zone, p_last_error text","void","postgres","plpgsql","false","v","search_path=pg_catalog, public","anon","false","SEE function-callers inventory; dynamic callers UNKNOWN","UNCLASSIFIED","UNDECIDED","UNKNOWN"
"public","finalize_staff_availability_delivery(uuid,uuid,uuid,text,timestamp with time zone,text)","finalize_staff_availability_delivery","p_clinic_id uuid, p_outbox_id uuid, p_notification_id uuid, p_status text, p_sent_at timestamp with time zone, p_last_error text","void","postgres","plpgsql","false","v","search_path=pg_catalog, public","authenticated","false","SEE function-callers inventory; dynamic callers UNKNOWN","UNCLASSIFIED","UNDECIDED","UNKNOWN"
"public","finalize_staff_availability_delivery(uuid,uuid,uuid,text,timestamp with time zone,text)","finalize_staff_availability_delivery","p_clinic_id uuid, p_outbox_id uuid, p_notification_id uuid, p_status text, p_sent_at timestamp with time zone, p_last_error text","void","postgres","plpgsql","false","v","search_path=pg_catalog, public","PUBLIC","false","SEE function-callers inventory; dynamic callers UNKNOWN","UNCLASSIFIED","UNDECIDED","UNKNOWN"
"public","finalize_staff_availability_delivery(uuid,uuid,uuid,text,timestamp with time zone,text)","finalize_staff_availability_delivery","p_clinic_id uuid, p_outbox_id uuid, p_notification_id uuid, p_status text, p_sent_at timestamp with time zone, p_last_error text","void","postgres","plpgsql","false","v","search_path=pg_catalog, public","service_role","true","SEE function-callers inventory; dynamic callers UNKNOWN","UNCLASSIFIED","UNDECIDED","UNKNOWN"
"public","float4_dist(real,real)","float4_dist","real, real","real","supabase_admin","c","false","i","","anon","true","SEE function-callers inventory; dynamic callers UNKNOWN","UNCLASSIFIED","UNDECIDED","UNKNOWN"
"public","float4_dist(real,real)","float4_dist","real, real","real","supabase_admin","c","false","i","","authenticated","true","SEE function-callers inventory; dynamic callers UNKNOWN","UNCLASSIFIED","UNDECIDED","UNKNOWN"
"public","float4_dist(real,real)","float4_dist","real, real","real","supabase_admin","c","false","i","","PUBLIC","true","SEE function-callers inventory; dynamic callers UNKNOWN","UNCLASSIFIED","UNDECIDED","UNKNOWN"
"public","float4_dist(real,real)","float4_dist","real, real","real","supabase_admin","c","false","i","","service_role","true","SEE function-callers inventory; dynamic callers UNKNOWN","UNCLASSIFIED","UNDECIDED","UNKNOWN"
"public","float8_dist(double precision,double precision)","float8_dist","double precision, double precision","double precision","supabase_admin","c","false","i","","anon","true","SEE function-callers inventory; dynamic callers UNKNOWN","UNCLASSIFIED","UNDECIDED","UNKNOWN"
"public","float8_dist(double precision,double precision)","float8_dist","double precision, double precision","double precision","supabase_admin","c","false","i","","authenticated","true","SEE function-callers inventory; dynamic callers UNKNOWN","UNCLASSIFIED","UNDECIDED","UNKNOWN"
"public","float8_dist(double precision,double precision)","float8_dist","double precision, double precision","double precision","supabase_admin","c","false","i","","PUBLIC","true","SEE function-callers inventory; dynamic callers UNKNOWN","UNCLASSIFIED","UNDECIDED","UNKNOWN"
"public","float8_dist(double precision,double precision)","float8_dist","double precision, double precision","double precision","supabase_admin","c","false","i","","service_role","true","SEE function-callers inventory; dynamic callers UNKNOWN","UNCLASSIFIED","UNDECIDED","UNKNOWN"
"public","gbt_bit_compress(internal)","gbt_bit_compress","internal","internal","supabase_admin","c","false","i","","anon","true","SEE function-callers inventory; dynamic callers UNKNOWN","UNCLASSIFIED","UNDECIDED","UNKNOWN"
"public","gbt_bit_compress(internal)","gbt_bit_compress","internal","internal","supabase_admin","c","false","i","","authenticated","true","SEE function-callers inventory; dynamic callers UNKNOWN","UNCLASSIFIED","UNDECIDED","UNKNOWN"
"public","gbt_bit_compress(internal)","gbt_bit_compress","internal","internal","supabase_admin","c","false","i","","PUBLIC","true","SEE function-callers inventory; dynamic callers UNKNOWN","UNCLASSIFIED","UNDECIDED","UNKNOWN"
"public","gbt_bit_compress(internal)","gbt_bit_compress","internal","internal","supabase_admin","c","false","i","","service_role","true","SEE function-callers inventory; dynamic callers UNKNOWN","UNCLASSIFIED","UNDECIDED","UNKNOWN"
"public","gbt_bit_consistent(internal,bit,smallint,oid,internal)","gbt_bit_consistent","internal, bit, smallint, oid, internal","boolean","supabase_admin","c","false","i","","anon","true","SEE function-callers inventory; dynamic callers UNKNOWN","UNCLASSIFIED","UNDECIDED","UNKNOWN"
"public","gbt_bit_consistent(internal,bit,smallint,oid,internal)","gbt_bit_consistent","internal, bit, smallint, oid, internal","boolean","supabase_admin","c","false","i","","authenticated","true","SEE function-callers inventory; dynamic callers UNKNOWN","UNCLASSIFIED","UNDECIDED","UNKNOWN"
"public","gbt_bit_consistent(internal,bit,smallint,oid,internal)","gbt_bit_consistent","internal, bit, smallint, oid, internal","boolean","supabase_admin","c","false","i","","PUBLIC","true","SEE function-callers inventory; dynamic callers UNKNOWN","UNCLASSIFIED","UNDECIDED","UNKNOWN"
"public","gbt_bit_consistent(internal,bit,smallint,oid,internal)","gbt_bit_consistent","internal, bit, smallint, oid, internal","boolean","supabase_admin","c","false","i","","service_role","true","SEE function-callers inventory; dynamic callers UNKNOWN","UNCLASSIFIED","UNDECIDED","UNKNOWN"
"public","gbt_bit_penalty(internal,internal,internal)","gbt_bit_penalty","internal, internal, internal","internal","supabase_admin","c","false","i","","anon","true","SEE function-callers inventory; dynamic callers UNKNOWN","UNCLASSIFIED","UNDECIDED","UNKNOWN"
"public","gbt_bit_penalty(internal,internal,internal)","gbt_bit_penalty","internal, internal, internal","internal","supabase_admin","c","false","i","","authenticated","true","SEE function-callers inventory; dynamic callers UNKNOWN","UNCLASSIFIED","UNDECIDED","UNKNOWN"
"public","gbt_bit_penalty(internal,internal,internal)","gbt_bit_penalty","internal, internal, internal","internal","supabase_admin","c","false","i","","PUBLIC","true","SEE function-callers inventory; dynamic callers UNKNOWN","UNCLASSIFIED","UNDECIDED","UNKNOWN"
"public","gbt_bit_penalty(internal,internal,internal)","gbt_bit_penalty","internal, internal, internal","internal","supabase_admin","c","false","i","","service_role","true","SEE function-callers inventory; dynamic callers UNKNOWN","UNCLASSIFIED","UNDECIDED","UNKNOWN"
"public","gbt_bit_picksplit(internal,internal)","gbt_bit_picksplit","internal, internal","internal","supabase_admin","c","false","i","","anon","true","SEE function-callers inventory; dynamic callers UNKNOWN","UNCLASSIFIED","UNDECIDED","UNKNOWN"
"public","gbt_bit_picksplit(internal,internal)","gbt_bit_picksplit","internal, internal","internal","supabase_admin","c","false","i","","authenticated","true","SEE function-callers inventory; dynamic callers UNKNOWN","UNCLASSIFIED","UNDECIDED","UNKNOWN"
"public","gbt_bit_picksplit(internal,internal)","gbt_bit_picksplit","internal, internal","internal","supabase_admin","c","false","i","","PUBLIC","true","SEE function-callers inventory; dynamic callers UNKNOWN","UNCLASSIFIED","UNDECIDED","UNKNOWN"
"public","gbt_bit_picksplit(internal,internal)","gbt_bit_picksplit","internal, internal","internal","supabase_admin","c","false","i","","service_role","true","SEE function-callers inventory; dynamic callers UNKNOWN","UNCLASSIFIED","UNDECIDED","UNKNOWN"
"public","gbt_bit_same(gbtreekey_var,gbtreekey_var,internal)","gbt_bit_same","gbtreekey_var, gbtreekey_var, internal","internal","supabase_admin","c","false","i","","anon","true","SEE function-callers inventory; dynamic callers UNKNOWN","UNCLASSIFIED","UNDECIDED","UNKNOWN"
"public","gbt_bit_same(gbtreekey_var,gbtreekey_var,internal)","gbt_bit_same","gbtreekey_var, gbtreekey_var, internal","internal","supabase_admin","c","false","i","","authenticated","true","SEE function-callers inventory; dynamic callers UNKNOWN","UNCLASSIFIED","UNDECIDED","UNKNOWN"
"public","gbt_bit_same(gbtreekey_var,gbtreekey_var,internal)","gbt_bit_same","gbtreekey_var, gbtreekey_var, internal","internal","supabase_admin","c","false","i","","PUBLIC","true","SEE function-callers inventory; dynamic callers UNKNOWN","UNCLASSIFIED","UNDECIDED","UNKNOWN"
"public","gbt_bit_same(gbtreekey_var,gbtreekey_var,internal)","gbt_bit_same","gbtreekey_var, gbtreekey_var, internal","internal","supabase_admin","c","false","i","","service_role","true","SEE function-callers inventory; dynamic callers UNKNOWN","UNCLASSIFIED","UNDECIDED","UNKNOWN"
"public","gbt_bit_union(internal,internal)","gbt_bit_union","internal, internal","gbtreekey_var","supabase_admin","c","false","i","","anon","true","SEE function-callers inventory; dynamic callers UNKNOWN","UNCLASSIFIED","UNDECIDED","UNKNOWN"
"public","gbt_bit_union(internal,internal)","gbt_bit_union","internal, internal","gbtreekey_var","supabase_admin","c","false","i","","authenticated","true","SEE function-callers inventory; dynamic callers UNKNOWN","UNCLASSIFIED","UNDECIDED","UNKNOWN"
"public","gbt_bit_union(internal,internal)","gbt_bit_union","internal, internal","gbtreekey_var","supabase_admin","c","false","i","","PUBLIC","true","SEE function-callers inventory; dynamic callers UNKNOWN","UNCLASSIFIED","UNDECIDED","UNKNOWN"
"public","gbt_bit_union(internal,internal)","gbt_bit_union","internal, internal","gbtreekey_var","supabase_admin","c","false","i","","service_role","true","SEE function-callers inventory; dynamic callers UNKNOWN","UNCLASSIFIED","UNDECIDED","UNKNOWN"
"public","gbt_bool_compress(internal)","gbt_bool_compress","internal","internal","supabase_admin","c","false","i","","anon","true","SEE function-callers inventory; dynamic callers UNKNOWN","UNCLASSIFIED","UNDECIDED","UNKNOWN"
"public","gbt_bool_compress(internal)","gbt_bool_compress","internal","internal","supabase_admin","c","false","i","","authenticated","true","SEE function-callers inventory; dynamic callers UNKNOWN","UNCLASSIFIED","UNDECIDED","UNKNOWN"
"public","gbt_bool_compress(internal)","gbt_bool_compress","internal","internal","supabase_admin","c","false","i","","PUBLIC","true","SEE function-callers inventory; dynamic callers UNKNOWN","UNCLASSIFIED","UNDECIDED","UNKNOWN"
"public","gbt_bool_compress(internal)","gbt_bool_compress","internal","internal","supabase_admin","c","false","i","","service_role","true","SEE function-callers inventory; dynamic callers UNKNOWN","UNCLASSIFIED","UNDECIDED","UNKNOWN"
"public","gbt_bool_consistent(internal,boolean,smallint,oid,internal)","gbt_bool_consistent","internal, boolean, smallint, oid, internal","boolean","supabase_admin","c","false","i","","anon","true","SEE function-callers inventory; dynamic callers UNKNOWN","UNCLASSIFIED","UNDECIDED","UNKNOWN"
"public","gbt_bool_consistent(internal,boolean,smallint,oid,internal)","gbt_bool_consistent","internal, boolean, smallint, oid, internal","boolean","supabase_admin","c","false","i","","authenticated","true","SEE function-callers inventory; dynamic callers UNKNOWN","UNCLASSIFIED","UNDECIDED","UNKNOWN"
"public","gbt_bool_consistent(internal,boolean,smallint,oid,internal)","gbt_bool_consistent","internal, boolean, smallint, oid, internal","boolean","supabase_admin","c","false","i","","PUBLIC","true","SEE function-callers inventory; dynamic callers UNKNOWN","UNCLASSIFIED","UNDECIDED","UNKNOWN"
"public","gbt_bool_consistent(internal,boolean,smallint,oid,internal)","gbt_bool_consistent","internal, boolean, smallint, oid, internal","boolean","supabase_admin","c","false","i","","service_role","true","SEE function-callers inventory; dynamic callers UNKNOWN","UNCLASSIFIED","UNDECIDED","UNKNOWN"
"public","gbt_bool_fetch(internal)","gbt_bool_fetch","internal","internal","supabase_admin","c","false","i","","anon","true","SEE function-callers inventory; dynamic callers UNKNOWN","UNCLASSIFIED","UNDECIDED","UNKNOWN"
"public","gbt_bool_fetch(internal)","gbt_bool_fetch","internal","internal","supabase_admin","c","false","i","","authenticated","true","SEE function-callers inventory; dynamic callers UNKNOWN","UNCLASSIFIED","UNDECIDED","UNKNOWN"
"public","gbt_bool_fetch(internal)","gbt_bool_fetch","internal","internal","supabase_admin","c","false","i","","PUBLIC","true","SEE function-callers inventory; dynamic callers UNKNOWN","UNCLASSIFIED","UNDECIDED","UNKNOWN"
"public","gbt_bool_fetch(internal)","gbt_bool_fetch","internal","internal","supabase_admin","c","false","i","","service_role","true","SEE function-callers inventory; dynamic callers UNKNOWN","UNCLASSIFIED","UNDECIDED","UNKNOWN"
"public","gbt_bool_penalty(internal,internal,internal)","gbt_bool_penalty","internal, internal, internal","internal","supabase_admin","c","false","i","","anon","true","SEE function-callers inventory; dynamic callers UNKNOWN","UNCLASSIFIED","UNDECIDED","UNKNOWN"
"public","gbt_bool_penalty(internal,internal,internal)","gbt_bool_penalty","internal, internal, internal","internal","supabase_admin","c","false","i","","authenticated","true","SEE function-callers inventory; dynamic callers UNKNOWN","UNCLASSIFIED","UNDECIDED","UNKNOWN"
"public","gbt_bool_penalty(internal,internal,internal)","gbt_bool_penalty","internal, internal, internal","internal","supabase_admin","c","false","i","","PUBLIC","true","SEE function-callers inventory; dynamic callers UNKNOWN","UNCLASSIFIED","UNDECIDED","UNKNOWN"
"public","gbt_bool_penalty(internal,internal,internal)","gbt_bool_penalty","internal, internal, internal","internal","supabase_admin","c","false","i","","service_role","true","SEE function-callers inventory; dynamic callers UNKNOWN","UNCLASSIFIED","UNDECIDED","UNKNOWN"
"public","gbt_bool_picksplit(internal,internal)","gbt_bool_picksplit","internal, internal","internal","supabase_admin","c","false","i","","anon","true","SEE function-callers inventory; dynamic callers UNKNOWN","UNCLASSIFIED","UNDECIDED","UNKNOWN"
"public","gbt_bool_picksplit(internal,internal)","gbt_bool_picksplit","internal, internal","internal","supabase_admin","c","false","i","","authenticated","true","SEE function-callers inventory; dynamic callers UNKNOWN","UNCLASSIFIED","UNDECIDED","UNKNOWN"
"public","gbt_bool_picksplit(internal,internal)","gbt_bool_picksplit","internal, internal","internal","supabase_admin","c","false","i","","PUBLIC","true","SEE function-callers inventory; dynamic callers UNKNOWN","UNCLASSIFIED","UNDECIDED","UNKNOWN"
"public","gbt_bool_picksplit(internal,internal)","gbt_bool_picksplit","internal, internal","internal","supabase_admin","c","false","i","","service_role","true","SEE function-callers inventory; dynamic callers UNKNOWN","UNCLASSIFIED","UNDECIDED","UNKNOWN"
"public","gbt_bool_same(gbtreekey2,gbtreekey2,internal)","gbt_bool_same","gbtreekey2, gbtreekey2, internal","internal","supabase_admin","c","false","i","","anon","true","SEE function-callers inventory; dynamic callers UNKNOWN","UNCLASSIFIED","UNDECIDED","UNKNOWN"
"public","gbt_bool_same(gbtreekey2,gbtreekey2,internal)","gbt_bool_same","gbtreekey2, gbtreekey2, internal","internal","supabase_admin","c","false","i","","authenticated","true","SEE function-callers inventory; dynamic callers UNKNOWN","UNCLASSIFIED","UNDECIDED","UNKNOWN"
"public","gbt_bool_same(gbtreekey2,gbtreekey2,internal)","gbt_bool_same","gbtreekey2, gbtreekey2, internal","internal","supabase_admin","c","false","i","","PUBLIC","true","SEE function-callers inventory; dynamic callers UNKNOWN","UNCLASSIFIED","UNDECIDED","UNKNOWN"
"public","gbt_bool_same(gbtreekey2,gbtreekey2,internal)","gbt_bool_same","gbtreekey2, gbtreekey2, internal","internal","supabase_admin","c","false","i","","service_role","true","SEE function-callers inventory; dynamic callers UNKNOWN","UNCLASSIFIED","UNDECIDED","UNKNOWN"
"public","gbt_bool_union(internal,internal)","gbt_bool_union","internal, internal","gbtreekey2","supabase_admin","c","false","i","","anon","true","SEE function-callers inventory; dynamic callers UNKNOWN","UNCLASSIFIED","UNDECIDED","UNKNOWN"
"public","gbt_bool_union(internal,internal)","gbt_bool_union","internal, internal","gbtreekey2","supabase_admin","c","false","i","","authenticated","true","SEE function-callers inventory; dynamic callers UNKNOWN","UNCLASSIFIED","UNDECIDED","UNKNOWN"
"public","gbt_bool_union(internal,internal)","gbt_bool_union","internal, internal","gbtreekey2","supabase_admin","c","false","i","","PUBLIC","true","SEE function-callers inventory; dynamic callers UNKNOWN","UNCLASSIFIED","UNDECIDED","UNKNOWN"
"public","gbt_bool_union(internal,internal)","gbt_bool_union","internal, internal","gbtreekey2","supabase_admin","c","false","i","","service_role","true","SEE function-callers inventory; dynamic callers UNKNOWN","UNCLASSIFIED","UNDECIDED","UNKNOWN"
"public","gbt_bpchar_compress(internal)","gbt_bpchar_compress","internal","internal","supabase_admin","c","false","i","","anon","true","SEE function-callers inventory; dynamic callers UNKNOWN","UNCLASSIFIED","UNDECIDED","UNKNOWN"
"public","gbt_bpchar_compress(internal)","gbt_bpchar_compress","internal","internal","supabase_admin","c","false","i","","authenticated","true","SEE function-callers inventory; dynamic callers UNKNOWN","UNCLASSIFIED","UNDECIDED","UNKNOWN"
"public","gbt_bpchar_compress(internal)","gbt_bpchar_compress","internal","internal","supabase_admin","c","false","i","","PUBLIC","true","SEE function-callers inventory; dynamic callers UNKNOWN","UNCLASSIFIED","UNDECIDED","UNKNOWN"
"public","gbt_bpchar_compress(internal)","gbt_bpchar_compress","internal","internal","supabase_admin","c","false","i","","service_role","true","SEE function-callers inventory; dynamic callers UNKNOWN","UNCLASSIFIED","UNDECIDED","UNKNOWN"
"public","gbt_bpchar_consistent(internal,character,smallint,oid,internal)","gbt_bpchar_consistent","internal, character, smallint, oid, internal","boolean","supabase_admin","c","false","i","","anon","true","SEE function-callers inventory; dynamic callers UNKNOWN","UNCLASSIFIED","UNDECIDED","UNKNOWN"
"public","gbt_bpchar_consistent(internal,character,smallint,oid,internal)","gbt_bpchar_consistent","internal, character, smallint, oid, internal","boolean","supabase_admin","c","false","i","","authenticated","true","SEE function-callers inventory; dynamic callers UNKNOWN","UNCLASSIFIED","UNDECIDED","UNKNOWN"
"public","gbt_bpchar_consistent(internal,character,smallint,oid,internal)","gbt_bpchar_consistent","internal, character, smallint, oid, internal","boolean","supabase_admin","c","false","i","","PUBLIC","true","SEE function-callers inventory; dynamic callers UNKNOWN","UNCLASSIFIED","UNDECIDED","UNKNOWN"
"public","gbt_bpchar_consistent(internal,character,smallint,oid,internal)","gbt_bpchar_consistent","internal, character, smallint, oid, internal","boolean","supabase_admin","c","false","i","","service_role","true","SEE function-callers inventory; dynamic callers UNKNOWN","UNCLASSIFIED","UNDECIDED","UNKNOWN"
"public","gbt_bytea_compress(internal)","gbt_bytea_compress","internal","internal","supabase_admin","c","false","i","","anon","true","SEE function-callers inventory; dynamic callers UNKNOWN","UNCLASSIFIED","UNDECIDED","UNKNOWN"
"public","gbt_bytea_compress(internal)","gbt_bytea_compress","internal","internal","supabase_admin","c","false","i","","authenticated","true","SEE function-callers inventory; dynamic callers UNKNOWN","UNCLASSIFIED","UNDECIDED","UNKNOWN"
"public","gbt_bytea_compress(internal)","gbt_bytea_compress","internal","internal","supabase_admin","c","false","i","","PUBLIC","true","SEE function-callers inventory; dynamic callers UNKNOWN","UNCLASSIFIED","UNDECIDED","UNKNOWN"
"public","gbt_bytea_compress(internal)","gbt_bytea_compress","internal","internal","supabase_admin","c","false","i","","service_role","true","SEE function-callers inventory; dynamic callers UNKNOWN","UNCLASSIFIED","UNDECIDED","UNKNOWN"
"public","gbt_bytea_consistent(internal,bytea,smallint,oid,internal)","gbt_bytea_consistent","internal, bytea, smallint, oid, internal","boolean","supabase_admin","c","false","i","","anon","true","SEE function-callers inventory; dynamic callers UNKNOWN","UNCLASSIFIED","UNDECIDED","UNKNOWN"
"public","gbt_bytea_consistent(internal,bytea,smallint,oid,internal)","gbt_bytea_consistent","internal, bytea, smallint, oid, internal","boolean","supabase_admin","c","false","i","","authenticated","true","SEE function-callers inventory; dynamic callers UNKNOWN","UNCLASSIFIED","UNDECIDED","UNKNOWN"
"public","gbt_bytea_consistent(internal,bytea,smallint,oid,internal)","gbt_bytea_consistent","internal, bytea, smallint, oid, internal","boolean","supabase_admin","c","false","i","","PUBLIC","true","SEE function-callers inventory; dynamic callers UNKNOWN","UNCLASSIFIED","UNDECIDED","UNKNOWN"
"public","gbt_bytea_consistent(internal,bytea,smallint,oid,internal)","gbt_bytea_consistent","internal, bytea, smallint, oid, internal","boolean","supabase_admin","c","false","i","","service_role","true","SEE function-callers inventory; dynamic callers UNKNOWN","UNCLASSIFIED","UNDECIDED","UNKNOWN"
"public","gbt_bytea_penalty(internal,internal,internal)","gbt_bytea_penalty","internal, internal, internal","internal","supabase_admin","c","false","i","","anon","true","SEE function-callers inventory; dynamic callers UNKNOWN","UNCLASSIFIED","UNDECIDED","UNKNOWN"
"public","gbt_bytea_penalty(internal,internal,internal)","gbt_bytea_penalty","internal, internal, internal","internal","supabase_admin","c","false","i","","authenticated","true","SEE function-callers inventory; dynamic callers UNKNOWN","UNCLASSIFIED","UNDECIDED","UNKNOWN"
"public","gbt_bytea_penalty(internal,internal,internal)","gbt_bytea_penalty","internal, internal, internal","internal","supabase_admin","c","false","i","","PUBLIC","true","SEE function-callers inventory; dynamic callers UNKNOWN","UNCLASSIFIED","UNDECIDED","UNKNOWN"
"public","gbt_bytea_penalty(internal,internal,internal)","gbt_bytea_penalty","internal, internal, internal","internal","supabase_admin","c","false","i","","service_role","true","SEE function-callers inventory; dynamic callers UNKNOWN","UNCLASSIFIED","UNDECIDED","UNKNOWN"
"public","gbt_bytea_picksplit(internal,internal)","gbt_bytea_picksplit","internal, internal","internal","supabase_admin","c","false","i","","anon","true","SEE function-callers inventory; dynamic callers UNKNOWN","UNCLASSIFIED","UNDECIDED","UNKNOWN"
"public","gbt_bytea_picksplit(internal,internal)","gbt_bytea_picksplit","internal, internal","internal","supabase_admin","c","false","i","","authenticated","true","SEE function-callers inventory; dynamic callers UNKNOWN","UNCLASSIFIED","UNDECIDED","UNKNOWN"
"public","gbt_bytea_picksplit(internal,internal)","gbt_bytea_picksplit","internal, internal","internal","supabase_admin","c","false","i","","PUBLIC","true","SEE function-callers inventory; dynamic callers UNKNOWN","UNCLASSIFIED","UNDECIDED","UNKNOWN"
"public","gbt_bytea_picksplit(internal,internal)","gbt_bytea_picksplit","internal, internal","internal","supabase_admin","c","false","i","","service_role","true","SEE function-callers inventory; dynamic callers UNKNOWN","UNCLASSIFIED","UNDECIDED","UNKNOWN"
"public","gbt_bytea_same(gbtreekey_var,gbtreekey_var,internal)","gbt_bytea_same","gbtreekey_var, gbtreekey_var, internal","internal","supabase_admin","c","false","i","","anon","true","SEE function-callers inventory; dynamic callers UNKNOWN","UNCLASSIFIED","UNDECIDED","UNKNOWN"
"public","gbt_bytea_same(gbtreekey_var,gbtreekey_var,internal)","gbt_bytea_same","gbtreekey_var, gbtreekey_var, internal","internal","supabase_admin","c","false","i","","authenticated","true","SEE function-callers inventory; dynamic callers UNKNOWN","UNCLASSIFIED","UNDECIDED","UNKNOWN"
"public","gbt_bytea_same(gbtreekey_var,gbtreekey_var,internal)","gbt_bytea_same","gbtreekey_var, gbtreekey_var, internal","internal","supabase_admin","c","false","i","","PUBLIC","true","SEE function-callers inventory; dynamic callers UNKNOWN","UNCLASSIFIED","UNDECIDED","UNKNOWN"
"public","gbt_bytea_same(gbtreekey_var,gbtreekey_var,internal)","gbt_bytea_same","gbtreekey_var, gbtreekey_var, internal","internal","supabase_admin","c","false","i","","service_role","true","SEE function-callers inventory; dynamic callers UNKNOWN","UNCLASSIFIED","UNDECIDED","UNKNOWN"
"public","gbt_bytea_union(internal,internal)","gbt_bytea_union","internal, internal","gbtreekey_var","supabase_admin","c","false","i","","anon","true","SEE function-callers inventory; dynamic callers UNKNOWN","UNCLASSIFIED","UNDECIDED","UNKNOWN"
"public","gbt_bytea_union(internal,internal)","gbt_bytea_union","internal, internal","gbtreekey_var","supabase_admin","c","false","i","","authenticated","true","SEE function-callers inventory; dynamic callers UNKNOWN","UNCLASSIFIED","UNDECIDED","UNKNOWN"
"public","gbt_bytea_union(internal,internal)","gbt_bytea_union","internal, internal","gbtreekey_var","supabase_admin","c","false","i","","PUBLIC","true","SEE function-callers inventory; dynamic callers UNKNOWN","UNCLASSIFIED","UNDECIDED","UNKNOWN"
"public","gbt_bytea_union(internal,internal)","gbt_bytea_union","internal, internal","gbtreekey_var","supabase_admin","c","false","i","","service_role","true","SEE function-callers inventory; dynamic callers UNKNOWN","UNCLASSIFIED","UNDECIDED","UNKNOWN"
"public","gbt_cash_compress(internal)","gbt_cash_compress","internal","internal","supabase_admin","c","false","i","","anon","true","SEE function-callers inventory; dynamic callers UNKNOWN","UNCLASSIFIED","UNDECIDED","UNKNOWN"
"public","gbt_cash_compress(internal)","gbt_cash_compress","internal","internal","supabase_admin","c","false","i","","authenticated","true","SEE function-callers inventory; dynamic callers UNKNOWN","UNCLASSIFIED","UNDECIDED","UNKNOWN"
"public","gbt_cash_compress(internal)","gbt_cash_compress","internal","internal","supabase_admin","c","false","i","","PUBLIC","true","SEE function-callers inventory; dynamic callers UNKNOWN","UNCLASSIFIED","UNDECIDED","UNKNOWN"
"public","gbt_cash_compress(internal)","gbt_cash_compress","internal","internal","supabase_admin","c","false","i","","service_role","true","SEE function-callers inventory; dynamic callers UNKNOWN","UNCLASSIFIED","UNDECIDED","UNKNOWN"
"public","gbt_cash_consistent(internal,money,smallint,oid,internal)","gbt_cash_consistent","internal, money, smallint, oid, internal","boolean","supabase_admin","c","false","i","","anon","true","SEE function-callers inventory; dynamic callers UNKNOWN","UNCLASSIFIED","UNDECIDED","UNKNOWN"
"public","gbt_cash_consistent(internal,money,smallint,oid,internal)","gbt_cash_consistent","internal, money, smallint, oid, internal","boolean","supabase_admin","c","false","i","","authenticated","true","SEE function-callers inventory; dynamic callers UNKNOWN","UNCLASSIFIED","UNDECIDED","UNKNOWN"
"public","gbt_cash_consistent(internal,money,smallint,oid,internal)","gbt_cash_consistent","internal, money, smallint, oid, internal","boolean","supabase_admin","c","false","i","","PUBLIC","true","SEE function-callers inventory; dynamic callers UNKNOWN","UNCLASSIFIED","UNDECIDED","UNKNOWN"
"public","gbt_cash_consistent(internal,money,smallint,oid,internal)","gbt_cash_consistent","internal, money, smallint, oid, internal","boolean","supabase_admin","c","false","i","","service_role","true","SEE function-callers inventory; dynamic callers UNKNOWN","UNCLASSIFIED","UNDECIDED","UNKNOWN"
"public","gbt_cash_distance(internal,money,smallint,oid,internal)","gbt_cash_distance","internal, money, smallint, oid, internal","double precision","supabase_admin","c","false","i","","anon","true","SEE function-callers inventory; dynamic callers UNKNOWN","UNCLASSIFIED","UNDECIDED","UNKNOWN"
"public","gbt_cash_distance(internal,money,smallint,oid,internal)","gbt_cash_distance","internal, money, smallint, oid, internal","double precision","supabase_admin","c","false","i","","authenticated","true","SEE function-callers inventory; dynamic callers UNKNOWN","UNCLASSIFIED","UNDECIDED","UNKNOWN"
"public","gbt_cash_distance(internal,money,smallint,oid,internal)","gbt_cash_distance","internal, money, smallint, oid, internal","double precision","supabase_admin","c","false","i","","PUBLIC","true","SEE function-callers inventory; dynamic callers UNKNOWN","UNCLASSIFIED","UNDECIDED","UNKNOWN"
"public","gbt_cash_distance(internal,money,smallint,oid,internal)","gbt_cash_distance","internal, money, smallint, oid, internal","double precision","supabase_admin","c","false","i","","service_role","true","SEE function-callers inventory; dynamic callers UNKNOWN","UNCLASSIFIED","UNDECIDED","UNKNOWN"
"public","gbt_cash_fetch(internal)","gbt_cash_fetch","internal","internal","supabase_admin","c","false","i","","anon","true","SEE function-callers inventory; dynamic callers UNKNOWN","UNCLASSIFIED","UNDECIDED","UNKNOWN"
"public","gbt_cash_fetch(internal)","gbt_cash_fetch","internal","internal","supabase_admin","c","false","i","","authenticated","true","SEE function-callers inventory; dynamic callers UNKNOWN","UNCLASSIFIED","UNDECIDED","UNKNOWN"
"public","gbt_cash_fetch(internal)","gbt_cash_fetch","internal","internal","supabase_admin","c","false","i","","PUBLIC","true","SEE function-callers inventory; dynamic callers UNKNOWN","UNCLASSIFIED","UNDECIDED","UNKNOWN"
"public","gbt_cash_fetch(internal)","gbt_cash_fetch","internal","internal","supabase_admin","c","false","i","","service_role","true","SEE function-callers inventory; dynamic callers UNKNOWN","UNCLASSIFIED","UNDECIDED","UNKNOWN"
"public","gbt_cash_penalty(internal,internal,internal)","gbt_cash_penalty","internal, internal, internal","internal","supabase_admin","c","false","i","","anon","true","SEE function-callers inventory; dynamic callers UNKNOWN","UNCLASSIFIED","UNDECIDED","UNKNOWN"
"public","gbt_cash_penalty(internal,internal,internal)","gbt_cash_penalty","internal, internal, internal","internal","supabase_admin","c","false","i","","authenticated","true","SEE function-callers inventory; dynamic callers UNKNOWN","UNCLASSIFIED","UNDECIDED","UNKNOWN"
"public","gbt_cash_penalty(internal,internal,internal)","gbt_cash_penalty","internal, internal, internal","internal","supabase_admin","c","false","i","","PUBLIC","true","SEE function-callers inventory; dynamic callers UNKNOWN","UNCLASSIFIED","UNDECIDED","UNKNOWN"
"public","gbt_cash_penalty(internal,internal,internal)","gbt_cash_penalty","internal, internal, internal","internal","supabase_admin","c","false","i","","service_role","true","SEE function-callers inventory; dynamic callers UNKNOWN","UNCLASSIFIED","UNDECIDED","UNKNOWN"
"public","gbt_cash_picksplit(internal,internal)","gbt_cash_picksplit","internal, internal","internal","supabase_admin","c","false","i","","anon","true","SEE function-callers inventory; dynamic callers UNKNOWN","UNCLASSIFIED","UNDECIDED","UNKNOWN"
"public","gbt_cash_picksplit(internal,internal)","gbt_cash_picksplit","internal, internal","internal","supabase_admin","c","false","i","","authenticated","true","SEE function-callers inventory; dynamic callers UNKNOWN","UNCLASSIFIED","UNDECIDED","UNKNOWN"
"public","gbt_cash_picksplit(internal,internal)","gbt_cash_picksplit","internal, internal","internal","supabase_admin","c","false","i","","PUBLIC","true","SEE function-callers inventory; dynamic callers UNKNOWN","UNCLASSIFIED","UNDECIDED","UNKNOWN"
"public","gbt_cash_picksplit(internal,internal)","gbt_cash_picksplit","internal, internal","internal","supabase_admin","c","false","i","","service_role","true","SEE function-callers inventory; dynamic callers UNKNOWN","UNCLASSIFIED","UNDECIDED","UNKNOWN"
"public","gbt_cash_same(gbtreekey16,gbtreekey16,internal)","gbt_cash_same","gbtreekey16, gbtreekey16, internal","internal","supabase_admin","c","false","i","","anon","true","SEE function-callers inventory; dynamic callers UNKNOWN","UNCLASSIFIED","UNDECIDED","UNKNOWN"
"public","gbt_cash_same(gbtreekey16,gbtreekey16,internal)","gbt_cash_same","gbtreekey16, gbtreekey16, internal","internal","supabase_admin","c","false","i","","authenticated","true","SEE function-callers inventory; dynamic callers UNKNOWN","UNCLASSIFIED","UNDECIDED","UNKNOWN"
"public","gbt_cash_same(gbtreekey16,gbtreekey16,internal)","gbt_cash_same","gbtreekey16, gbtreekey16, internal","internal","supabase_admin","c","false","i","","PUBLIC","true","SEE function-callers inventory; dynamic callers UNKNOWN","UNCLASSIFIED","UNDECIDED","UNKNOWN"
"public","gbt_cash_same(gbtreekey16,gbtreekey16,internal)","gbt_cash_same","gbtreekey16, gbtreekey16, internal","internal","supabase_admin","c","false","i","","service_role","true","SEE function-callers inventory; dynamic callers UNKNOWN","UNCLASSIFIED","UNDECIDED","UNKNOWN"
"public","gbt_cash_union(internal,internal)","gbt_cash_union","internal, internal","gbtreekey16","supabase_admin","c","false","i","","anon","true","SEE function-callers inventory; dynamic callers UNKNOWN","UNCLASSIFIED","UNDECIDED","UNKNOWN"
"public","gbt_cash_union(internal,internal)","gbt_cash_union","internal, internal","gbtreekey16","supabase_admin","c","false","i","","authenticated","true","SEE function-callers inventory; dynamic callers UNKNOWN","UNCLASSIFIED","UNDECIDED","UNKNOWN"
"public","gbt_cash_union(internal,internal)","gbt_cash_union","internal, internal","gbtreekey16","supabase_admin","c","false","i","","PUBLIC","true","SEE function-callers inventory; dynamic callers UNKNOWN","UNCLASSIFIED","UNDECIDED","UNKNOWN"
"public","gbt_cash_union(internal,internal)","gbt_cash_union","internal, internal","gbtreekey16","supabase_admin","c","false","i","","service_role","true","SEE function-callers inventory; dynamic callers UNKNOWN","UNCLASSIFIED","UNDECIDED","UNKNOWN"
"public","gbt_date_compress(internal)","gbt_date_compress","internal","internal","supabase_admin","c","false","i","","anon","true","SEE function-callers inventory; dynamic callers UNKNOWN","UNCLASSIFIED","UNDECIDED","UNKNOWN"
"public","gbt_date_compress(internal)","gbt_date_compress","internal","internal","supabase_admin","c","false","i","","authenticated","true","SEE function-callers inventory; dynamic callers UNKNOWN","UNCLASSIFIED","UNDECIDED","UNKNOWN"
"public","gbt_date_compress(internal)","gbt_date_compress","internal","internal","supabase_admin","c","false","i","","PUBLIC","true","SEE function-callers inventory; dynamic callers UNKNOWN","UNCLASSIFIED","UNDECIDED","UNKNOWN"
"public","gbt_date_compress(internal)","gbt_date_compress","internal","internal","supabase_admin","c","false","i","","service_role","true","SEE function-callers inventory; dynamic callers UNKNOWN","UNCLASSIFIED","UNDECIDED","UNKNOWN"
"public","gbt_date_consistent(internal,date,smallint,oid,internal)","gbt_date_consistent","internal, date, smallint, oid, internal","boolean","supabase_admin","c","false","i","","anon","true","SEE function-callers inventory; dynamic callers UNKNOWN","UNCLASSIFIED","UNDECIDED","UNKNOWN"
"public","gbt_date_consistent(internal,date,smallint,oid,internal)","gbt_date_consistent","internal, date, smallint, oid, internal","boolean","supabase_admin","c","false","i","","authenticated","true","SEE function-callers inventory; dynamic callers UNKNOWN","UNCLASSIFIED","UNDECIDED","UNKNOWN"
"public","gbt_date_consistent(internal,date,smallint,oid,internal)","gbt_date_consistent","internal, date, smallint, oid, internal","boolean","supabase_admin","c","false","i","","PUBLIC","true","SEE function-callers inventory; dynamic callers UNKNOWN","UNCLASSIFIED","UNDECIDED","UNKNOWN"
"public","gbt_date_consistent(internal,date,smallint,oid,internal)","gbt_date_consistent","internal, date, smallint, oid, internal","boolean","supabase_admin","c","false","i","","service_role","true","SEE function-callers inventory; dynamic callers UNKNOWN","UNCLASSIFIED","UNDECIDED","UNKNOWN"
"public","gbt_date_distance(internal,date,smallint,oid,internal)","gbt_date_distance","internal, date, smallint, oid, internal","double precision","supabase_admin","c","false","i","","anon","true","SEE function-callers inventory; dynamic callers UNKNOWN","UNCLASSIFIED","UNDECIDED","UNKNOWN"
"public","gbt_date_distance(internal,date,smallint,oid,internal)","gbt_date_distance","internal, date, smallint, oid, internal","double precision","supabase_admin","c","false","i","","authenticated","true","SEE function-callers inventory; dynamic callers UNKNOWN","UNCLASSIFIED","UNDECIDED","UNKNOWN"
"public","gbt_date_distance(internal,date,smallint,oid,internal)","gbt_date_distance","internal, date, smallint, oid, internal","double precision","supabase_admin","c","false","i","","PUBLIC","true","SEE function-callers inventory; dynamic callers UNKNOWN","UNCLASSIFIED","UNDECIDED","UNKNOWN"
"public","gbt_date_distance(internal,date,smallint,oid,internal)","gbt_date_distance","internal, date, smallint, oid, internal","double precision","supabase_admin","c","false","i","","service_role","true","SEE function-callers inventory; dynamic callers UNKNOWN","UNCLASSIFIED","UNDECIDED","UNKNOWN"
"public","gbt_date_fetch(internal)","gbt_date_fetch","internal","internal","supabase_admin","c","false","i","","anon","true","SEE function-callers inventory; dynamic callers UNKNOWN","UNCLASSIFIED","UNDECIDED","UNKNOWN"
"public","gbt_date_fetch(internal)","gbt_date_fetch","internal","internal","supabase_admin","c","false","i","","authenticated","true","SEE function-callers inventory; dynamic callers UNKNOWN","UNCLASSIFIED","UNDECIDED","UNKNOWN"
"public","gbt_date_fetch(internal)","gbt_date_fetch","internal","internal","supabase_admin","c","false","i","","PUBLIC","true","SEE function-callers inventory; dynamic callers UNKNOWN","UNCLASSIFIED","UNDECIDED","UNKNOWN"
"public","gbt_date_fetch(internal)","gbt_date_fetch","internal","internal","supabase_admin","c","false","i","","service_role","true","SEE function-callers inventory; dynamic callers UNKNOWN","UNCLASSIFIED","UNDECIDED","UNKNOWN"
"public","gbt_date_penalty(internal,internal,internal)","gbt_date_penalty","internal, internal, internal","internal","supabase_admin","c","false","i","","anon","true","SEE function-callers inventory; dynamic callers UNKNOWN","UNCLASSIFIED","UNDECIDED","UNKNOWN"
"public","gbt_date_penalty(internal,internal,internal)","gbt_date_penalty","internal, internal, internal","internal","supabase_admin","c","false","i","","authenticated","true","SEE function-callers inventory; dynamic callers UNKNOWN","UNCLASSIFIED","UNDECIDED","UNKNOWN"
"public","gbt_date_penalty(internal,internal,internal)","gbt_date_penalty","internal, internal, internal","internal","supabase_admin","c","false","i","","PUBLIC","true","SEE function-callers inventory; dynamic callers UNKNOWN","UNCLASSIFIED","UNDECIDED","UNKNOWN"
"public","gbt_date_penalty(internal,internal,internal)","gbt_date_penalty","internal, internal, internal","internal","supabase_admin","c","false","i","","service_role","true","SEE function-callers inventory; dynamic callers UNKNOWN","UNCLASSIFIED","UNDECIDED","UNKNOWN"
"public","gbt_date_picksplit(internal,internal)","gbt_date_picksplit","internal, internal","internal","supabase_admin","c","false","i","","anon","true","SEE function-callers inventory; dynamic callers UNKNOWN","UNCLASSIFIED","UNDECIDED","UNKNOWN"
"public","gbt_date_picksplit(internal,internal)","gbt_date_picksplit","internal, internal","internal","supabase_admin","c","false","i","","authenticated","true","SEE function-callers inventory; dynamic callers UNKNOWN","UNCLASSIFIED","UNDECIDED","UNKNOWN"
"public","gbt_date_picksplit(internal,internal)","gbt_date_picksplit","internal, internal","internal","supabase_admin","c","false","i","","PUBLIC","true","SEE function-callers inventory; dynamic callers UNKNOWN","UNCLASSIFIED","UNDECIDED","UNKNOWN"
"public","gbt_date_picksplit(internal,internal)","gbt_date_picksplit","internal, internal","internal","supabase_admin","c","false","i","","service_role","true","SEE function-callers inventory; dynamic callers UNKNOWN","UNCLASSIFIED","UNDECIDED","UNKNOWN"
"public","gbt_date_same(gbtreekey8,gbtreekey8,internal)","gbt_date_same","gbtreekey8, gbtreekey8, internal","internal","supabase_admin","c","false","i","","anon","true","SEE function-callers inventory; dynamic callers UNKNOWN","UNCLASSIFIED","UNDECIDED","UNKNOWN"
"public","gbt_date_same(gbtreekey8,gbtreekey8,internal)","gbt_date_same","gbtreekey8, gbtreekey8, internal","internal","supabase_admin","c","false","i","","authenticated","true","SEE function-callers inventory; dynamic callers UNKNOWN","UNCLASSIFIED","UNDECIDED","UNKNOWN"
"public","gbt_date_same(gbtreekey8,gbtreekey8,internal)","gbt_date_same","gbtreekey8, gbtreekey8, internal","internal","supabase_admin","c","false","i","","PUBLIC","true","SEE function-callers inventory; dynamic callers UNKNOWN","UNCLASSIFIED","UNDECIDED","UNKNOWN"
"public","gbt_date_same(gbtreekey8,gbtreekey8,internal)","gbt_date_same","gbtreekey8, gbtreekey8, internal","internal","supabase_admin","c","false","i","","service_role","true","SEE function-callers inventory; dynamic callers UNKNOWN","UNCLASSIFIED","UNDECIDED","UNKNOWN"
"public","gbt_date_union(internal,internal)","gbt_date_union","internal, internal","gbtreekey8","supabase_admin","c","false","i","","anon","true","SEE function-callers inventory; dynamic callers UNKNOWN","UNCLASSIFIED","UNDECIDED","UNKNOWN"
"public","gbt_date_union(internal,internal)","gbt_date_union","internal, internal","gbtreekey8","supabase_admin","c","false","i","","authenticated","true","SEE function-callers inventory; dynamic callers UNKNOWN","UNCLASSIFIED","UNDECIDED","UNKNOWN"
"public","gbt_date_union(internal,internal)","gbt_date_union","internal, internal","gbtreekey8","supabase_admin","c","false","i","","PUBLIC","true","SEE function-callers inventory; dynamic callers UNKNOWN","UNCLASSIFIED","UNDECIDED","UNKNOWN"
"public","gbt_date_union(internal,internal)","gbt_date_union","internal, internal","gbtreekey8","supabase_admin","c","false","i","","service_role","true","SEE function-callers inventory; dynamic callers UNKNOWN","UNCLASSIFIED","UNDECIDED","UNKNOWN"
"public","gbt_decompress(internal)","gbt_decompress","internal","internal","supabase_admin","c","false","i","","anon","true","SEE function-callers inventory; dynamic callers UNKNOWN","UNCLASSIFIED","UNDECIDED","UNKNOWN"
"public","gbt_decompress(internal)","gbt_decompress","internal","internal","supabase_admin","c","false","i","","authenticated","true","SEE function-callers inventory; dynamic callers UNKNOWN","UNCLASSIFIED","UNDECIDED","UNKNOWN"
"public","gbt_decompress(internal)","gbt_decompress","internal","internal","supabase_admin","c","false","i","","PUBLIC","true","SEE function-callers inventory; dynamic callers UNKNOWN","UNCLASSIFIED","UNDECIDED","UNKNOWN"
"public","gbt_decompress(internal)","gbt_decompress","internal","internal","supabase_admin","c","false","i","","service_role","true","SEE function-callers inventory; dynamic callers UNKNOWN","UNCLASSIFIED","UNDECIDED","UNKNOWN"
"public","gbt_enum_compress(internal)","gbt_enum_compress","internal","internal","supabase_admin","c","false","i","","anon","true","SEE function-callers inventory; dynamic callers UNKNOWN","UNCLASSIFIED","UNDECIDED","UNKNOWN"
"public","gbt_enum_compress(internal)","gbt_enum_compress","internal","internal","supabase_admin","c","false","i","","authenticated","true","SEE function-callers inventory; dynamic callers UNKNOWN","UNCLASSIFIED","UNDECIDED","UNKNOWN"
"public","gbt_enum_compress(internal)","gbt_enum_compress","internal","internal","supabase_admin","c","false","i","","PUBLIC","true","SEE function-callers inventory; dynamic callers UNKNOWN","UNCLASSIFIED","UNDECIDED","UNKNOWN"
"public","gbt_enum_compress(internal)","gbt_enum_compress","internal","internal","supabase_admin","c","false","i","","service_role","true","SEE function-callers inventory; dynamic callers UNKNOWN","UNCLASSIFIED","UNDECIDED","UNKNOWN"
"public","gbt_enum_consistent(internal,anyenum,smallint,oid,internal)","gbt_enum_consistent","internal, anyenum, smallint, oid, internal","boolean","supabase_admin","c","false","i","","anon","true","SEE function-callers inventory; dynamic callers UNKNOWN","UNCLASSIFIED","UNDECIDED","UNKNOWN"
"public","gbt_enum_consistent(internal,anyenum,smallint,oid,internal)","gbt_enum_consistent","internal, anyenum, smallint, oid, internal","boolean","supabase_admin","c","false","i","","authenticated","true","SEE function-callers inventory; dynamic callers UNKNOWN","UNCLASSIFIED","UNDECIDED","UNKNOWN"
"public","gbt_enum_consistent(internal,anyenum,smallint,oid,internal)","gbt_enum_consistent","internal, anyenum, smallint, oid, internal","boolean","supabase_admin","c","false","i","","PUBLIC","true","SEE function-callers inventory; dynamic callers UNKNOWN","UNCLASSIFIED","UNDECIDED","UNKNOWN"
"public","gbt_enum_consistent(internal,anyenum,smallint,oid,internal)","gbt_enum_consistent","internal, anyenum, smallint, oid, internal","boolean","supabase_admin","c","false","i","","service_role","true","SEE function-callers inventory; dynamic callers UNKNOWN","UNCLASSIFIED","UNDECIDED","UNKNOWN"
"public","gbt_enum_fetch(internal)","gbt_enum_fetch","internal","internal","supabase_admin","c","false","i","","anon","true","SEE function-callers inventory; dynamic callers UNKNOWN","UNCLASSIFIED","UNDECIDED","UNKNOWN"
"public","gbt_enum_fetch(internal)","gbt_enum_fetch","internal","internal","supabase_admin","c","false","i","","authenticated","true","SEE function-callers inventory; dynamic callers UNKNOWN","UNCLASSIFIED","UNDECIDED","UNKNOWN"
"public","gbt_enum_fetch(internal)","gbt_enum_fetch","internal","internal","supabase_admin","c","false","i","","PUBLIC","true","SEE function-callers inventory; dynamic callers UNKNOWN","UNCLASSIFIED","UNDECIDED","UNKNOWN"
"public","gbt_enum_fetch(internal)","gbt_enum_fetch","internal","internal","supabase_admin","c","false","i","","service_role","true","SEE function-callers inventory; dynamic callers UNKNOWN","UNCLASSIFIED","UNDECIDED","UNKNOWN"
"public","gbt_enum_penalty(internal,internal,internal)","gbt_enum_penalty","internal, internal, internal","internal","supabase_admin","c","false","i","","anon","true","SEE function-callers inventory; dynamic callers UNKNOWN","UNCLASSIFIED","UNDECIDED","UNKNOWN"
"public","gbt_enum_penalty(internal,internal,internal)","gbt_enum_penalty","internal, internal, internal","internal","supabase_admin","c","false","i","","authenticated","true","SEE function-callers inventory; dynamic callers UNKNOWN","UNCLASSIFIED","UNDECIDED","UNKNOWN"
"public","gbt_enum_penalty(internal,internal,internal)","gbt_enum_penalty","internal, internal, internal","internal","supabase_admin","c","false","i","","PUBLIC","true","SEE function-callers inventory; dynamic callers UNKNOWN","UNCLASSIFIED","UNDECIDED","UNKNOWN"
"public","gbt_enum_penalty(internal,internal,internal)","gbt_enum_penalty","internal, internal, internal","internal","supabase_admin","c","false","i","","service_role","true","SEE function-callers inventory; dynamic callers UNKNOWN","UNCLASSIFIED","UNDECIDED","UNKNOWN"
"public","gbt_enum_picksplit(internal,internal)","gbt_enum_picksplit","internal, internal","internal","supabase_admin","c","false","i","","anon","true","SEE function-callers inventory; dynamic callers UNKNOWN","UNCLASSIFIED","UNDECIDED","UNKNOWN"
"public","gbt_enum_picksplit(internal,internal)","gbt_enum_picksplit","internal, internal","internal","supabase_admin","c","false","i","","authenticated","true","SEE function-callers inventory; dynamic callers UNKNOWN","UNCLASSIFIED","UNDECIDED","UNKNOWN"
"public","gbt_enum_picksplit(internal,internal)","gbt_enum_picksplit","internal, internal","internal","supabase_admin","c","false","i","","PUBLIC","true","SEE function-callers inventory; dynamic callers UNKNOWN","UNCLASSIFIED","UNDECIDED","UNKNOWN"
"public","gbt_enum_picksplit(internal,internal)","gbt_enum_picksplit","internal, internal","internal","supabase_admin","c","false","i","","service_role","true","SEE function-callers inventory; dynamic callers UNKNOWN","UNCLASSIFIED","UNDECIDED","UNKNOWN"
"public","gbt_enum_same(gbtreekey8,gbtreekey8,internal)","gbt_enum_same","gbtreekey8, gbtreekey8, internal","internal","supabase_admin","c","false","i","","anon","true","SEE function-callers inventory; dynamic callers UNKNOWN","UNCLASSIFIED","UNDECIDED","UNKNOWN"
"public","gbt_enum_same(gbtreekey8,gbtreekey8,internal)","gbt_enum_same","gbtreekey8, gbtreekey8, internal","internal","supabase_admin","c","false","i","","authenticated","true","SEE function-callers inventory; dynamic callers UNKNOWN","UNCLASSIFIED","UNDECIDED","UNKNOWN"
"public","gbt_enum_same(gbtreekey8,gbtreekey8,internal)","gbt_enum_same","gbtreekey8, gbtreekey8, internal","internal","supabase_admin","c","false","i","","PUBLIC","true","SEE function-callers inventory; dynamic callers UNKNOWN","UNCLASSIFIED","UNDECIDED","UNKNOWN"
"public","gbt_enum_same(gbtreekey8,gbtreekey8,internal)","gbt_enum_same","gbtreekey8, gbtreekey8, internal","internal","supabase_admin","c","false","i","","service_role","true","SEE function-callers inventory; dynamic callers UNKNOWN","UNCLASSIFIED","UNDECIDED","UNKNOWN"
"public","gbt_enum_union(internal,internal)","gbt_enum_union","internal, internal","gbtreekey8","supabase_admin","c","false","i","","anon","true","SEE function-callers inventory; dynamic callers UNKNOWN","UNCLASSIFIED","UNDECIDED","UNKNOWN"
"public","gbt_enum_union(internal,internal)","gbt_enum_union","internal, internal","gbtreekey8","supabase_admin","c","false","i","","authenticated","true","SEE function-callers inventory; dynamic callers UNKNOWN","UNCLASSIFIED","UNDECIDED","UNKNOWN"
"public","gbt_enum_union(internal,internal)","gbt_enum_union","internal, internal","gbtreekey8","supabase_admin","c","false","i","","PUBLIC","true","SEE function-callers inventory; dynamic callers UNKNOWN","UNCLASSIFIED","UNDECIDED","UNKNOWN"
"public","gbt_enum_union(internal,internal)","gbt_enum_union","internal, internal","gbtreekey8","supabase_admin","c","false","i","","service_role","true","SEE function-callers inventory; dynamic callers UNKNOWN","UNCLASSIFIED","UNDECIDED","UNKNOWN"
"public","gbt_float4_compress(internal)","gbt_float4_compress","internal","internal","supabase_admin","c","false","i","","anon","true","SEE function-callers inventory; dynamic callers UNKNOWN","UNCLASSIFIED","UNDECIDED","UNKNOWN"
"public","gbt_float4_compress(internal)","gbt_float4_compress","internal","internal","supabase_admin","c","false","i","","authenticated","true","SEE function-callers inventory; dynamic callers UNKNOWN","UNCLASSIFIED","UNDECIDED","UNKNOWN"
"public","gbt_float4_compress(internal)","gbt_float4_compress","internal","internal","supabase_admin","c","false","i","","PUBLIC","true","SEE function-callers inventory; dynamic callers UNKNOWN","UNCLASSIFIED","UNDECIDED","UNKNOWN"
"public","gbt_float4_compress(internal)","gbt_float4_compress","internal","internal","supabase_admin","c","false","i","","service_role","true","SEE function-callers inventory; dynamic callers UNKNOWN","UNCLASSIFIED","UNDECIDED","UNKNOWN"
"public","gbt_float4_consistent(internal,real,smallint,oid,internal)","gbt_float4_consistent","internal, real, smallint, oid, internal","boolean","supabase_admin","c","false","i","","anon","true","SEE function-callers inventory; dynamic callers UNKNOWN","UNCLASSIFIED","UNDECIDED","UNKNOWN"
"public","gbt_float4_consistent(internal,real,smallint,oid,internal)","gbt_float4_consistent","internal, real, smallint, oid, internal","boolean","supabase_admin","c","false","i","","authenticated","true","SEE function-callers inventory; dynamic callers UNKNOWN","UNCLASSIFIED","UNDECIDED","UNKNOWN"
"public","gbt_float4_consistent(internal,real,smallint,oid,internal)","gbt_float4_consistent","internal, real, smallint, oid, internal","boolean","supabase_admin","c","false","i","","PUBLIC","true","SEE function-callers inventory; dynamic callers UNKNOWN","UNCLASSIFIED","UNDECIDED","UNKNOWN"
"public","gbt_float4_consistent(internal,real,smallint,oid,internal)","gbt_float4_consistent","internal, real, smallint, oid, internal","boolean","supabase_admin","c","false","i","","service_role","true","SEE function-callers inventory; dynamic callers UNKNOWN","UNCLASSIFIED","UNDECIDED","UNKNOWN"
"public","gbt_float4_distance(internal,real,smallint,oid,internal)","gbt_float4_distance","internal, real, smallint, oid, internal","double precision","supabase_admin","c","false","i","","anon","true","SEE function-callers inventory; dynamic callers UNKNOWN","UNCLASSIFIED","UNDECIDED","UNKNOWN"
"public","gbt_float4_distance(internal,real,smallint,oid,internal)","gbt_float4_distance","internal, real, smallint, oid, internal","double precision","supabase_admin","c","false","i","","authenticated","true","SEE function-callers inventory; dynamic callers UNKNOWN","UNCLASSIFIED","UNDECIDED","UNKNOWN"
"public","gbt_float4_distance(internal,real,smallint,oid,internal)","gbt_float4_distance","internal, real, smallint, oid, internal","double precision","supabase_admin","c","false","i","","PUBLIC","true","SEE function-callers inventory; dynamic callers UNKNOWN","UNCLASSIFIED","UNDECIDED","UNKNOWN"
"public","gbt_float4_distance(internal,real,smallint,oid,internal)","gbt_float4_distance","internal, real, smallint, oid, internal","double precision","supabase_admin","c","false","i","","service_role","true","SEE function-callers inventory; dynamic callers UNKNOWN","UNCLASSIFIED","UNDECIDED","UNKNOWN"
"public","gbt_float4_fetch(internal)","gbt_float4_fetch","internal","internal","supabase_admin","c","false","i","","anon","true","SEE function-callers inventory; dynamic callers UNKNOWN","UNCLASSIFIED","UNDECIDED","UNKNOWN"
"public","gbt_float4_fetch(internal)","gbt_float4_fetch","internal","internal","supabase_admin","c","false","i","","authenticated","true","SEE function-callers inventory; dynamic callers UNKNOWN","UNCLASSIFIED","UNDECIDED","UNKNOWN"
"public","gbt_float4_fetch(internal)","gbt_float4_fetch","internal","internal","supabase_admin","c","false","i","","PUBLIC","true","SEE function-callers inventory; dynamic callers UNKNOWN","UNCLASSIFIED","UNDECIDED","UNKNOWN"
"public","gbt_float4_fetch(internal)","gbt_float4_fetch","internal","internal","supabase_admin","c","false","i","","service_role","true","SEE function-callers inventory; dynamic callers UNKNOWN","UNCLASSIFIED","UNDECIDED","UNKNOWN"
"public","gbt_float4_penalty(internal,internal,internal)","gbt_float4_penalty","internal, internal, internal","internal","supabase_admin","c","false","i","","anon","true","SEE function-callers inventory; dynamic callers UNKNOWN","UNCLASSIFIED","UNDECIDED","UNKNOWN"
"public","gbt_float4_penalty(internal,internal,internal)","gbt_float4_penalty","internal, internal, internal","internal","supabase_admin","c","false","i","","authenticated","true","SEE function-callers inventory; dynamic callers UNKNOWN","UNCLASSIFIED","UNDECIDED","UNKNOWN"
"public","gbt_float4_penalty(internal,internal,internal)","gbt_float4_penalty","internal, internal, internal","internal","supabase_admin","c","false","i","","PUBLIC","true","SEE function-callers inventory; dynamic callers UNKNOWN","UNCLASSIFIED","UNDECIDED","UNKNOWN"
"public","gbt_float4_penalty(internal,internal,internal)","gbt_float4_penalty","internal, internal, internal","internal","supabase_admin","c","false","i","","service_role","true","SEE function-callers inventory; dynamic callers UNKNOWN","UNCLASSIFIED","UNDECIDED","UNKNOWN"
"public","gbt_float4_picksplit(internal,internal)","gbt_float4_picksplit","internal, internal","internal","supabase_admin","c","false","i","","anon","true","SEE function-callers inventory; dynamic callers UNKNOWN","UNCLASSIFIED","UNDECIDED","UNKNOWN"
"public","gbt_float4_picksplit(internal,internal)","gbt_float4_picksplit","internal, internal","internal","supabase_admin","c","false","i","","authenticated","true","SEE function-callers inventory; dynamic callers UNKNOWN","UNCLASSIFIED","UNDECIDED","UNKNOWN"
"public","gbt_float4_picksplit(internal,internal)","gbt_float4_picksplit","internal, internal","internal","supabase_admin","c","false","i","","PUBLIC","true","SEE function-callers inventory; dynamic callers UNKNOWN","UNCLASSIFIED","UNDECIDED","UNKNOWN"
"public","gbt_float4_picksplit(internal,internal)","gbt_float4_picksplit","internal, internal","internal","supabase_admin","c","false","i","","service_role","true","SEE function-callers inventory; dynamic callers UNKNOWN","UNCLASSIFIED","UNDECIDED","UNKNOWN"
"public","gbt_float4_same(gbtreekey8,gbtreekey8,internal)","gbt_float4_same","gbtreekey8, gbtreekey8, internal","internal","supabase_admin","c","false","i","","anon","true","SEE function-callers inventory; dynamic callers UNKNOWN","UNCLASSIFIED","UNDECIDED","UNKNOWN"
"public","gbt_float4_same(gbtreekey8,gbtreekey8,internal)","gbt_float4_same","gbtreekey8, gbtreekey8, internal","internal","supabase_admin","c","false","i","","authenticated","true","SEE function-callers inventory; dynamic callers UNKNOWN","UNCLASSIFIED","UNDECIDED","UNKNOWN"
"public","gbt_float4_same(gbtreekey8,gbtreekey8,internal)","gbt_float4_same","gbtreekey8, gbtreekey8, internal","internal","supabase_admin","c","false","i","","PUBLIC","true","SEE function-callers inventory; dynamic callers UNKNOWN","UNCLASSIFIED","UNDECIDED","UNKNOWN"
"public","gbt_float4_same(gbtreekey8,gbtreekey8,internal)","gbt_float4_same","gbtreekey8, gbtreekey8, internal","internal","supabase_admin","c","false","i","","service_role","true","SEE function-callers inventory; dynamic callers UNKNOWN","UNCLASSIFIED","UNDECIDED","UNKNOWN"
"public","gbt_float4_union(internal,internal)","gbt_float4_union","internal, internal","gbtreekey8","supabase_admin","c","false","i","","anon","true","SEE function-callers inventory; dynamic callers UNKNOWN","UNCLASSIFIED","UNDECIDED","UNKNOWN"
"public","gbt_float4_union(internal,internal)","gbt_float4_union","internal, internal","gbtreekey8","supabase_admin","c","false","i","","authenticated","true","SEE function-callers inventory; dynamic callers UNKNOWN","UNCLASSIFIED","UNDECIDED","UNKNOWN"
"public","gbt_float4_union(internal,internal)","gbt_float4_union","internal, internal","gbtreekey8","supabase_admin","c","false","i","","PUBLIC","true","SEE function-callers inventory; dynamic callers UNKNOWN","UNCLASSIFIED","UNDECIDED","UNKNOWN"
"public","gbt_float4_union(internal,internal)","gbt_float4_union","internal, internal","gbtreekey8","supabase_admin","c","false","i","","service_role","true","SEE function-callers inventory; dynamic callers UNKNOWN","UNCLASSIFIED","UNDECIDED","UNKNOWN"
"public","gbt_float8_compress(internal)","gbt_float8_compress","internal","internal","supabase_admin","c","false","i","","anon","true","SEE function-callers inventory; dynamic callers UNKNOWN","UNCLASSIFIED","UNDECIDED","UNKNOWN"
"public","gbt_float8_compress(internal)","gbt_float8_compress","internal","internal","supabase_admin","c","false","i","","authenticated","true","SEE function-callers inventory; dynamic callers UNKNOWN","UNCLASSIFIED","UNDECIDED","UNKNOWN"
"public","gbt_float8_compress(internal)","gbt_float8_compress","internal","internal","supabase_admin","c","false","i","","PUBLIC","true","SEE function-callers inventory; dynamic callers UNKNOWN","UNCLASSIFIED","UNDECIDED","UNKNOWN"
"public","gbt_float8_compress(internal)","gbt_float8_compress","internal","internal","supabase_admin","c","false","i","","service_role","true","SEE function-callers inventory; dynamic callers UNKNOWN","UNCLASSIFIED","UNDECIDED","UNKNOWN"
"public","gbt_float8_consistent(internal,double precision,smallint,oid,internal)","gbt_float8_consistent","internal, double precision, smallint, oid, internal","boolean","supabase_admin","c","false","i","","anon","true","SEE function-callers inventory; dynamic callers UNKNOWN","UNCLASSIFIED","UNDECIDED","UNKNOWN"
"public","gbt_float8_consistent(internal,double precision,smallint,oid,internal)","gbt_float8_consistent","internal, double precision, smallint, oid, internal","boolean","supabase_admin","c","false","i","","authenticated","true","SEE function-callers inventory; dynamic callers UNKNOWN","UNCLASSIFIED","UNDECIDED","UNKNOWN"
"public","gbt_float8_consistent(internal,double precision,smallint,oid,internal)","gbt_float8_consistent","internal, double precision, smallint, oid, internal","boolean","supabase_admin","c","false","i","","PUBLIC","true","SEE function-callers inventory; dynamic callers UNKNOWN","UNCLASSIFIED","UNDECIDED","UNKNOWN"
"public","gbt_float8_consistent(internal,double precision,smallint,oid,internal)","gbt_float8_consistent","internal, double precision, smallint, oid, internal","boolean","supabase_admin","c","false","i","","service_role","true","SEE function-callers inventory; dynamic callers UNKNOWN","UNCLASSIFIED","UNDECIDED","UNKNOWN"
"public","gbt_float8_distance(internal,double precision,smallint,oid,internal)","gbt_float8_distance","internal, double precision, smallint, oid, internal","double precision","supabase_admin","c","false","i","","anon","true","SEE function-callers inventory; dynamic callers UNKNOWN","UNCLASSIFIED","UNDECIDED","UNKNOWN"
"public","gbt_float8_distance(internal,double precision,smallint,oid,internal)","gbt_float8_distance","internal, double precision, smallint, oid, internal","double precision","supabase_admin","c","false","i","","authenticated","true","SEE function-callers inventory; dynamic callers UNKNOWN","UNCLASSIFIED","UNDECIDED","UNKNOWN"
"public","gbt_float8_distance(internal,double precision,smallint,oid,internal)","gbt_float8_distance","internal, double precision, smallint, oid, internal","double precision","supabase_admin","c","false","i","","PUBLIC","true","SEE function-callers inventory; dynamic callers UNKNOWN","UNCLASSIFIED","UNDECIDED","UNKNOWN"
"public","gbt_float8_distance(internal,double precision,smallint,oid,internal)","gbt_float8_distance","internal, double precision, smallint, oid, internal","double precision","supabase_admin","c","false","i","","service_role","true","SEE function-callers inventory; dynamic callers UNKNOWN","UNCLASSIFIED","UNDECIDED","UNKNOWN"
"public","gbt_float8_fetch(internal)","gbt_float8_fetch","internal","internal","supabase_admin","c","false","i","","anon","true","SEE function-callers inventory; dynamic callers UNKNOWN","UNCLASSIFIED","UNDECIDED","UNKNOWN"
"public","gbt_float8_fetch(internal)","gbt_float8_fetch","internal","internal","supabase_admin","c","false","i","","authenticated","true","SEE function-callers inventory; dynamic callers UNKNOWN","UNCLASSIFIED","UNDECIDED","UNKNOWN"
"public","gbt_float8_fetch(internal)","gbt_float8_fetch","internal","internal","supabase_admin","c","false","i","","PUBLIC","true","SEE function-callers inventory; dynamic callers UNKNOWN","UNCLASSIFIED","UNDECIDED","UNKNOWN"
"public","gbt_float8_fetch(internal)","gbt_float8_fetch","internal","internal","supabase_admin","c","false","i","","service_role","true","SEE function-callers inventory; dynamic callers UNKNOWN","UNCLASSIFIED","UNDECIDED","UNKNOWN"
"public","gbt_float8_penalty(internal,internal,internal)","gbt_float8_penalty","internal, internal, internal","internal","supabase_admin","c","false","i","","anon","true","SEE function-callers inventory; dynamic callers UNKNOWN","UNCLASSIFIED","UNDECIDED","UNKNOWN"
"public","gbt_float8_penalty(internal,internal,internal)","gbt_float8_penalty","internal, internal, internal","internal","supabase_admin","c","false","i","","authenticated","true","SEE function-callers inventory; dynamic callers UNKNOWN","UNCLASSIFIED","UNDECIDED","UNKNOWN"
"public","gbt_float8_penalty(internal,internal,internal)","gbt_float8_penalty","internal, internal, internal","internal","supabase_admin","c","false","i","","PUBLIC","true","SEE function-callers inventory; dynamic callers UNKNOWN","UNCLASSIFIED","UNDECIDED","UNKNOWN"
"public","gbt_float8_penalty(internal,internal,internal)","gbt_float8_penalty","internal, internal, internal","internal","supabase_admin","c","false","i","","service_role","true","SEE function-callers inventory; dynamic callers UNKNOWN","UNCLASSIFIED","UNDECIDED","UNKNOWN"
"public","gbt_float8_picksplit(internal,internal)","gbt_float8_picksplit","internal, internal","internal","supabase_admin","c","false","i","","anon","true","SEE function-callers inventory; dynamic callers UNKNOWN","UNCLASSIFIED","UNDECIDED","UNKNOWN"
"public","gbt_float8_picksplit(internal,internal)","gbt_float8_picksplit","internal, internal","internal","supabase_admin","c","false","i","","authenticated","true","SEE function-callers inventory; dynamic callers UNKNOWN","UNCLASSIFIED","UNDECIDED","UNKNOWN"
"public","gbt_float8_picksplit(internal,internal)","gbt_float8_picksplit","internal, internal","internal","supabase_admin","c","false","i","","PUBLIC","true","SEE function-callers inventory; dynamic callers UNKNOWN","UNCLASSIFIED","UNDECIDED","UNKNOWN"
"public","gbt_float8_picksplit(internal,internal)","gbt_float8_picksplit","internal, internal","internal","supabase_admin","c","false","i","","service_role","true","SEE function-callers inventory; dynamic callers UNKNOWN","UNCLASSIFIED","UNDECIDED","UNKNOWN"
"public","gbt_float8_same(gbtreekey16,gbtreekey16,internal)","gbt_float8_same","gbtreekey16, gbtreekey16, internal","internal","supabase_admin","c","false","i","","anon","true","SEE function-callers inventory; dynamic callers UNKNOWN","UNCLASSIFIED","UNDECIDED","UNKNOWN"
"public","gbt_float8_same(gbtreekey16,gbtreekey16,internal)","gbt_float8_same","gbtreekey16, gbtreekey16, internal","internal","supabase_admin","c","false","i","","authenticated","true","SEE function-callers inventory; dynamic callers UNKNOWN","UNCLASSIFIED","UNDECIDED","UNKNOWN"
"public","gbt_float8_same(gbtreekey16,gbtreekey16,internal)","gbt_float8_same","gbtreekey16, gbtreekey16, internal","internal","supabase_admin","c","false","i","","PUBLIC","true","SEE function-callers inventory; dynamic callers UNKNOWN","UNCLASSIFIED","UNDECIDED","UNKNOWN"
"public","gbt_float8_same(gbtreekey16,gbtreekey16,internal)","gbt_float8_same","gbtreekey16, gbtreekey16, internal","internal","supabase_admin","c","false","i","","service_role","true","SEE function-callers inventory; dynamic callers UNKNOWN","UNCLASSIFIED","UNDECIDED","UNKNOWN"
"public","gbt_float8_union(internal,internal)","gbt_float8_union","internal, internal","gbtreekey16","supabase_admin","c","false","i","","anon","true","SEE function-callers inventory; dynamic callers UNKNOWN","UNCLASSIFIED","UNDECIDED","UNKNOWN"
"public","gbt_float8_union(internal,internal)","gbt_float8_union","internal, internal","gbtreekey16","supabase_admin","c","false","i","","authenticated","true","SEE function-callers inventory; dynamic callers UNKNOWN","UNCLASSIFIED","UNDECIDED","UNKNOWN"
"public","gbt_float8_union(internal,internal)","gbt_float8_union","internal, internal","gbtreekey16","supabase_admin","c","false","i","","PUBLIC","true","SEE function-callers inventory; dynamic callers UNKNOWN","UNCLASSIFIED","UNDECIDED","UNKNOWN"
"public","gbt_float8_union(internal,internal)","gbt_float8_union","internal, internal","gbtreekey16","supabase_admin","c","false","i","","service_role","true","SEE function-callers inventory; dynamic callers UNKNOWN","UNCLASSIFIED","UNDECIDED","UNKNOWN"
"public","gbt_inet_compress(internal)","gbt_inet_compress","internal","internal","supabase_admin","c","false","i","","anon","true","SEE function-callers inventory; dynamic callers UNKNOWN","UNCLASSIFIED","UNDECIDED","UNKNOWN"
"public","gbt_inet_compress(internal)","gbt_inet_compress","internal","internal","supabase_admin","c","false","i","","authenticated","true","SEE function-callers inventory; dynamic callers UNKNOWN","UNCLASSIFIED","UNDECIDED","UNKNOWN"
"public","gbt_inet_compress(internal)","gbt_inet_compress","internal","internal","supabase_admin","c","false","i","","PUBLIC","true","SEE function-callers inventory; dynamic callers UNKNOWN","UNCLASSIFIED","UNDECIDED","UNKNOWN"
"public","gbt_inet_compress(internal)","gbt_inet_compress","internal","internal","supabase_admin","c","false","i","","service_role","true","SEE function-callers inventory; dynamic callers UNKNOWN","UNCLASSIFIED","UNDECIDED","UNKNOWN"
"public","gbt_inet_consistent(internal,inet,smallint,oid,internal)","gbt_inet_consistent","internal, inet, smallint, oid, internal","boolean","supabase_admin","c","false","i","","anon","true","SEE function-callers inventory; dynamic callers UNKNOWN","UNCLASSIFIED","UNDECIDED","UNKNOWN"
"public","gbt_inet_consistent(internal,inet,smallint,oid,internal)","gbt_inet_consistent","internal, inet, smallint, oid, internal","boolean","supabase_admin","c","false","i","","authenticated","true","SEE function-callers inventory; dynamic callers UNKNOWN","UNCLASSIFIED","UNDECIDED","UNKNOWN"
"public","gbt_inet_consistent(internal,inet,smallint,oid,internal)","gbt_inet_consistent","internal, inet, smallint, oid, internal","boolean","supabase_admin","c","false","i","","PUBLIC","true","SEE function-callers inventory; dynamic callers UNKNOWN","UNCLASSIFIED","UNDECIDED","UNKNOWN"
"public","gbt_inet_consistent(internal,inet,smallint,oid,internal)","gbt_inet_consistent","internal, inet, smallint, oid, internal","boolean","supabase_admin","c","false","i","","service_role","true","SEE function-callers inventory; dynamic callers UNKNOWN","UNCLASSIFIED","UNDECIDED","UNKNOWN"
"public","gbt_inet_penalty(internal,internal,internal)","gbt_inet_penalty","internal, internal, internal","internal","supabase_admin","c","false","i","","anon","true","SEE function-callers inventory; dynamic callers UNKNOWN","UNCLASSIFIED","UNDECIDED","UNKNOWN"
"public","gbt_inet_penalty(internal,internal,internal)","gbt_inet_penalty","internal, internal, internal","internal","supabase_admin","c","false","i","","authenticated","true","SEE function-callers inventory; dynamic callers UNKNOWN","UNCLASSIFIED","UNDECIDED","UNKNOWN"
"public","gbt_inet_penalty(internal,internal,internal)","gbt_inet_penalty","internal, internal, internal","internal","supabase_admin","c","false","i","","PUBLIC","true","SEE function-callers inventory; dynamic callers UNKNOWN","UNCLASSIFIED","UNDECIDED","UNKNOWN"
"public","gbt_inet_penalty(internal,internal,internal)","gbt_inet_penalty","internal, internal, internal","internal","supabase_admin","c","false","i","","service_role","true","SEE function-callers inventory; dynamic callers UNKNOWN","UNCLASSIFIED","UNDECIDED","UNKNOWN"
"public","gbt_inet_picksplit(internal,internal)","gbt_inet_picksplit","internal, internal","internal","supabase_admin","c","false","i","","anon","true","SEE function-callers inventory; dynamic callers UNKNOWN","UNCLASSIFIED","UNDECIDED","UNKNOWN"
"public","gbt_inet_picksplit(internal,internal)","gbt_inet_picksplit","internal, internal","internal","supabase_admin","c","false","i","","authenticated","true","SEE function-callers inventory; dynamic callers UNKNOWN","UNCLASSIFIED","UNDECIDED","UNKNOWN"
"public","gbt_inet_picksplit(internal,internal)","gbt_inet_picksplit","internal, internal","internal","supabase_admin","c","false","i","","PUBLIC","true","SEE function-callers inventory; dynamic callers UNKNOWN","UNCLASSIFIED","UNDECIDED","UNKNOWN"
"public","gbt_inet_picksplit(internal,internal)","gbt_inet_picksplit","internal, internal","internal","supabase_admin","c","false","i","","service_role","true","SEE function-callers inventory; dynamic callers UNKNOWN","UNCLASSIFIED","UNDECIDED","UNKNOWN"
"public","gbt_inet_same(gbtreekey16,gbtreekey16,internal)","gbt_inet_same","gbtreekey16, gbtreekey16, internal","internal","supabase_admin","c","false","i","","anon","true","SEE function-callers inventory; dynamic callers UNKNOWN","UNCLASSIFIED","UNDECIDED","UNKNOWN"
"public","gbt_inet_same(gbtreekey16,gbtreekey16,internal)","gbt_inet_same","gbtreekey16, gbtreekey16, internal","internal","supabase_admin","c","false","i","","authenticated","true","SEE function-callers inventory; dynamic callers UNKNOWN","UNCLASSIFIED","UNDECIDED","UNKNOWN"
"public","gbt_inet_same(gbtreekey16,gbtreekey16,internal)","gbt_inet_same","gbtreekey16, gbtreekey16, internal","internal","supabase_admin","c","false","i","","PUBLIC","true","SEE function-callers inventory; dynamic callers UNKNOWN","UNCLASSIFIED","UNDECIDED","UNKNOWN"
"public","gbt_inet_same(gbtreekey16,gbtreekey16,internal)","gbt_inet_same","gbtreekey16, gbtreekey16, internal","internal","supabase_admin","c","false","i","","service_role","true","SEE function-callers inventory; dynamic callers UNKNOWN","UNCLASSIFIED","UNDECIDED","UNKNOWN"
"public","gbt_inet_union(internal,internal)","gbt_inet_union","internal, internal","gbtreekey16","supabase_admin","c","false","i","","anon","true","SEE function-callers inventory; dynamic callers UNKNOWN","UNCLASSIFIED","UNDECIDED","UNKNOWN"
"public","gbt_inet_union(internal,internal)","gbt_inet_union","internal, internal","gbtreekey16","supabase_admin","c","false","i","","authenticated","true","SEE function-callers inventory; dynamic callers UNKNOWN","UNCLASSIFIED","UNDECIDED","UNKNOWN"
"public","gbt_inet_union(internal,internal)","gbt_inet_union","internal, internal","gbtreekey16","supabase_admin","c","false","i","","PUBLIC","true","SEE function-callers inventory; dynamic callers UNKNOWN","UNCLASSIFIED","UNDECIDED","UNKNOWN"
"public","gbt_inet_union(internal,internal)","gbt_inet_union","internal, internal","gbtreekey16","supabase_admin","c","false","i","","service_role","true","SEE function-callers inventory; dynamic callers UNKNOWN","UNCLASSIFIED","UNDECIDED","UNKNOWN"
"public","gbt_int2_compress(internal)","gbt_int2_compress","internal","internal","supabase_admin","c","false","i","","anon","true","SEE function-callers inventory; dynamic callers UNKNOWN","UNCLASSIFIED","UNDECIDED","UNKNOWN"
"public","gbt_int2_compress(internal)","gbt_int2_compress","internal","internal","supabase_admin","c","false","i","","authenticated","true","SEE function-callers inventory; dynamic callers UNKNOWN","UNCLASSIFIED","UNDECIDED","UNKNOWN"
"public","gbt_int2_compress(internal)","gbt_int2_compress","internal","internal","supabase_admin","c","false","i","","PUBLIC","true","SEE function-callers inventory; dynamic callers UNKNOWN","UNCLASSIFIED","UNDECIDED","UNKNOWN"
"public","gbt_int2_compress(internal)","gbt_int2_compress","internal","internal","supabase_admin","c","false","i","","service_role","true","SEE function-callers inventory; dynamic callers UNKNOWN","UNCLASSIFIED","UNDECIDED","UNKNOWN"
"public","gbt_int2_consistent(internal,smallint,smallint,oid,internal)","gbt_int2_consistent","internal, smallint, smallint, oid, internal","boolean","supabase_admin","c","false","i","","anon","true","SEE function-callers inventory; dynamic callers UNKNOWN","UNCLASSIFIED","UNDECIDED","UNKNOWN"
"public","gbt_int2_consistent(internal,smallint,smallint,oid,internal)","gbt_int2_consistent","internal, smallint, smallint, oid, internal","boolean","supabase_admin","c","false","i","","authenticated","true","SEE function-callers inventory; dynamic callers UNKNOWN","UNCLASSIFIED","UNDECIDED","UNKNOWN"
"public","gbt_int2_consistent(internal,smallint,smallint,oid,internal)","gbt_int2_consistent","internal, smallint, smallint, oid, internal","boolean","supabase_admin","c","false","i","","PUBLIC","true","SEE function-callers inventory; dynamic callers UNKNOWN","UNCLASSIFIED","UNDECIDED","UNKNOWN"
"public","gbt_int2_consistent(internal,smallint,smallint,oid,internal)","gbt_int2_consistent","internal, smallint, smallint, oid, internal","boolean","supabase_admin","c","false","i","","service_role","true","SEE function-callers inventory; dynamic callers UNKNOWN","UNCLASSIFIED","UNDECIDED","UNKNOWN"
"public","gbt_int2_distance(internal,smallint,smallint,oid,internal)","gbt_int2_distance","internal, smallint, smallint, oid, internal","double precision","supabase_admin","c","false","i","","anon","true","SEE function-callers inventory; dynamic callers UNKNOWN","UNCLASSIFIED","UNDECIDED","UNKNOWN"
"public","gbt_int2_distance(internal,smallint,smallint,oid,internal)","gbt_int2_distance","internal, smallint, smallint, oid, internal","double precision","supabase_admin","c","false","i","","authenticated","true","SEE function-callers inventory; dynamic callers UNKNOWN","UNCLASSIFIED","UNDECIDED","UNKNOWN"
"public","gbt_int2_distance(internal,smallint,smallint,oid,internal)","gbt_int2_distance","internal, smallint, smallint, oid, internal","double precision","supabase_admin","c","false","i","","PUBLIC","true","SEE function-callers inventory; dynamic callers UNKNOWN","UNCLASSIFIED","UNDECIDED","UNKNOWN"
"public","gbt_int2_distance(internal,smallint,smallint,oid,internal)","gbt_int2_distance","internal, smallint, smallint, oid, internal","double precision","supabase_admin","c","false","i","","service_role","true","SEE function-callers inventory; dynamic callers UNKNOWN","UNCLASSIFIED","UNDECIDED","UNKNOWN"
"public","gbt_int2_fetch(internal)","gbt_int2_fetch","internal","internal","supabase_admin","c","false","i","","anon","true","SEE function-callers inventory; dynamic callers UNKNOWN","UNCLASSIFIED","UNDECIDED","UNKNOWN"
"public","gbt_int2_fetch(internal)","gbt_int2_fetch","internal","internal","supabase_admin","c","false","i","","authenticated","true","SEE function-callers inventory; dynamic callers UNKNOWN","UNCLASSIFIED","UNDECIDED","UNKNOWN"
"public","gbt_int2_fetch(internal)","gbt_int2_fetch","internal","internal","supabase_admin","c","false","i","","PUBLIC","true","SEE function-callers inventory; dynamic callers UNKNOWN","UNCLASSIFIED","UNDECIDED","UNKNOWN"
"public","gbt_int2_fetch(internal)","gbt_int2_fetch","internal","internal","supabase_admin","c","false","i","","service_role","true","SEE function-callers inventory; dynamic callers UNKNOWN","UNCLASSIFIED","UNDECIDED","UNKNOWN"
"public","gbt_int2_penalty(internal,internal,internal)","gbt_int2_penalty","internal, internal, internal","internal","supabase_admin","c","false","i","","anon","true","SEE function-callers inventory; dynamic callers UNKNOWN","UNCLASSIFIED","UNDECIDED","UNKNOWN"
"public","gbt_int2_penalty(internal,internal,internal)","gbt_int2_penalty","internal, internal, internal","internal","supabase_admin","c","false","i","","authenticated","true","SEE function-callers inventory; dynamic callers UNKNOWN","UNCLASSIFIED","UNDECIDED","UNKNOWN"
"public","gbt_int2_penalty(internal,internal,internal)","gbt_int2_penalty","internal, internal, internal","internal","supabase_admin","c","false","i","","PUBLIC","true","SEE function-callers inventory; dynamic callers UNKNOWN","UNCLASSIFIED","UNDECIDED","UNKNOWN"
"public","gbt_int2_penalty(internal,internal,internal)","gbt_int2_penalty","internal, internal, internal","internal","supabase_admin","c","false","i","","service_role","true","SEE function-callers inventory; dynamic callers UNKNOWN","UNCLASSIFIED","UNDECIDED","UNKNOWN"
"public","gbt_int2_picksplit(internal,internal)","gbt_int2_picksplit","internal, internal","internal","supabase_admin","c","false","i","","anon","true","SEE function-callers inventory; dynamic callers UNKNOWN","UNCLASSIFIED","UNDECIDED","UNKNOWN"
"public","gbt_int2_picksplit(internal,internal)","gbt_int2_picksplit","internal, internal","internal","supabase_admin","c","false","i","","authenticated","true","SEE function-callers inventory; dynamic callers UNKNOWN","UNCLASSIFIED","UNDECIDED","UNKNOWN"
"public","gbt_int2_picksplit(internal,internal)","gbt_int2_picksplit","internal, internal","internal","supabase_admin","c","false","i","","PUBLIC","true","SEE function-callers inventory; dynamic callers UNKNOWN","UNCLASSIFIED","UNDECIDED","UNKNOWN"
"public","gbt_int2_picksplit(internal,internal)","gbt_int2_picksplit","internal, internal","internal","supabase_admin","c","false","i","","service_role","true","SEE function-callers inventory; dynamic callers UNKNOWN","UNCLASSIFIED","UNDECIDED","UNKNOWN"
"public","gbt_int2_same(gbtreekey4,gbtreekey4,internal)","gbt_int2_same","gbtreekey4, gbtreekey4, internal","internal","supabase_admin","c","false","i","","anon","true","SEE function-callers inventory; dynamic callers UNKNOWN","UNCLASSIFIED","UNDECIDED","UNKNOWN"
"public","gbt_int2_same(gbtreekey4,gbtreekey4,internal)","gbt_int2_same","gbtreekey4, gbtreekey4, internal","internal","supabase_admin","c","false","i","","authenticated","true","SEE function-callers inventory; dynamic callers UNKNOWN","UNCLASSIFIED","UNDECIDED","UNKNOWN"
"public","gbt_int2_same(gbtreekey4,gbtreekey4,internal)","gbt_int2_same","gbtreekey4, gbtreekey4, internal","internal","supabase_admin","c","false","i","","PUBLIC","true","SEE function-callers inventory; dynamic callers UNKNOWN","UNCLASSIFIED","UNDECIDED","UNKNOWN"
"public","gbt_int2_same(gbtreekey4,gbtreekey4,internal)","gbt_int2_same","gbtreekey4, gbtreekey4, internal","internal","supabase_admin","c","false","i","","service_role","true","SEE function-callers inventory; dynamic callers UNKNOWN","UNCLASSIFIED","UNDECIDED","UNKNOWN"
"public","gbt_int2_union(internal,internal)","gbt_int2_union","internal, internal","gbtreekey4","supabase_admin","c","false","i","","anon","true","SEE function-callers inventory; dynamic callers UNKNOWN","UNCLASSIFIED","UNDECIDED","UNKNOWN"
"public","gbt_int2_union(internal,internal)","gbt_int2_union","internal, internal","gbtreekey4","supabase_admin","c","false","i","","authenticated","true","SEE function-callers inventory; dynamic callers UNKNOWN","UNCLASSIFIED","UNDECIDED","UNKNOWN"
"public","gbt_int2_union(internal,internal)","gbt_int2_union","internal, internal","gbtreekey4","supabase_admin","c","false","i","","PUBLIC","true","SEE function-callers inventory; dynamic callers UNKNOWN","UNCLASSIFIED","UNDECIDED","UNKNOWN"
"public","gbt_int2_union(internal,internal)","gbt_int2_union","internal, internal","gbtreekey4","supabase_admin","c","false","i","","service_role","true","SEE function-callers inventory; dynamic callers UNKNOWN","UNCLASSIFIED","UNDECIDED","UNKNOWN"
"public","gbt_int4_compress(internal)","gbt_int4_compress","internal","internal","supabase_admin","c","false","i","","anon","true","SEE function-callers inventory; dynamic callers UNKNOWN","UNCLASSIFIED","UNDECIDED","UNKNOWN"
"public","gbt_int4_compress(internal)","gbt_int4_compress","internal","internal","supabase_admin","c","false","i","","authenticated","true","SEE function-callers inventory; dynamic callers UNKNOWN","UNCLASSIFIED","UNDECIDED","UNKNOWN"
"public","gbt_int4_compress(internal)","gbt_int4_compress","internal","internal","supabase_admin","c","false","i","","PUBLIC","true","SEE function-callers inventory; dynamic callers UNKNOWN","UNCLASSIFIED","UNDECIDED","UNKNOWN"
"public","gbt_int4_compress(internal)","gbt_int4_compress","internal","internal","supabase_admin","c","false","i","","service_role","true","SEE function-callers inventory; dynamic callers UNKNOWN","UNCLASSIFIED","UNDECIDED","UNKNOWN"
"public","gbt_int4_consistent(internal,integer,smallint,oid,internal)","gbt_int4_consistent","internal, integer, smallint, oid, internal","boolean","supabase_admin","c","false","i","","anon","true","SEE function-callers inventory; dynamic callers UNKNOWN","UNCLASSIFIED","UNDECIDED","UNKNOWN"
"public","gbt_int4_consistent(internal,integer,smallint,oid,internal)","gbt_int4_consistent","internal, integer, smallint, oid, internal","boolean","supabase_admin","c","false","i","","authenticated","true","SEE function-callers inventory; dynamic callers UNKNOWN","UNCLASSIFIED","UNDECIDED","UNKNOWN"
"public","gbt_int4_consistent(internal,integer,smallint,oid,internal)","gbt_int4_consistent","internal, integer, smallint, oid, internal","boolean","supabase_admin","c","false","i","","PUBLIC","true","SEE function-callers inventory; dynamic callers UNKNOWN","UNCLASSIFIED","UNDECIDED","UNKNOWN"
"public","gbt_int4_consistent(internal,integer,smallint,oid,internal)","gbt_int4_consistent","internal, integer, smallint, oid, internal","boolean","supabase_admin","c","false","i","","service_role","true","SEE function-callers inventory; dynamic callers UNKNOWN","UNCLASSIFIED","UNDECIDED","UNKNOWN"
"public","gbt_int4_distance(internal,integer,smallint,oid,internal)","gbt_int4_distance","internal, integer, smallint, oid, internal","double precision","supabase_admin","c","false","i","","anon","true","SEE function-callers inventory; dynamic callers UNKNOWN","UNCLASSIFIED","UNDECIDED","UNKNOWN"
"public","gbt_int4_distance(internal,integer,smallint,oid,internal)","gbt_int4_distance","internal, integer, smallint, oid, internal","double precision","supabase_admin","c","false","i","","authenticated","true","SEE function-callers inventory; dynamic callers UNKNOWN","UNCLASSIFIED","UNDECIDED","UNKNOWN"
"public","gbt_int4_distance(internal,integer,smallint,oid,internal)","gbt_int4_distance","internal, integer, smallint, oid, internal","double precision","supabase_admin","c","false","i","","PUBLIC","true","SEE function-callers inventory; dynamic callers UNKNOWN","UNCLASSIFIED","UNDECIDED","UNKNOWN"
"public","gbt_int4_distance(internal,integer,smallint,oid,internal)","gbt_int4_distance","internal, integer, smallint, oid, internal","double precision","supabase_admin","c","false","i","","service_role","true","SEE function-callers inventory; dynamic callers UNKNOWN","UNCLASSIFIED","UNDECIDED","UNKNOWN"
"public","gbt_int4_fetch(internal)","gbt_int4_fetch","internal","internal","supabase_admin","c","false","i","","anon","true","SEE function-callers inventory; dynamic callers UNKNOWN","UNCLASSIFIED","UNDECIDED","UNKNOWN"
"public","gbt_int4_fetch(internal)","gbt_int4_fetch","internal","internal","supabase_admin","c","false","i","","authenticated","true","SEE function-callers inventory; dynamic callers UNKNOWN","UNCLASSIFIED","UNDECIDED","UNKNOWN"
"public","gbt_int4_fetch(internal)","gbt_int4_fetch","internal","internal","supabase_admin","c","false","i","","PUBLIC","true","SEE function-callers inventory; dynamic callers UNKNOWN","UNCLASSIFIED","UNDECIDED","UNKNOWN"
"public","gbt_int4_fetch(internal)","gbt_int4_fetch","internal","internal","supabase_admin","c","false","i","","service_role","true","SEE function-callers inventory; dynamic callers UNKNOWN","UNCLASSIFIED","UNDECIDED","UNKNOWN"
"public","gbt_int4_penalty(internal,internal,internal)","gbt_int4_penalty","internal, internal, internal","internal","supabase_admin","c","false","i","","anon","true","SEE function-callers inventory; dynamic callers UNKNOWN","UNCLASSIFIED","UNDECIDED","UNKNOWN"
"public","gbt_int4_penalty(internal,internal,internal)","gbt_int4_penalty","internal, internal, internal","internal","supabase_admin","c","false","i","","authenticated","true","SEE function-callers inventory; dynamic callers UNKNOWN","UNCLASSIFIED","UNDECIDED","UNKNOWN"
"public","gbt_int4_penalty(internal,internal,internal)","gbt_int4_penalty","internal, internal, internal","internal","supabase_admin","c","false","i","","PUBLIC","true","SEE function-callers inventory; dynamic callers UNKNOWN","UNCLASSIFIED","UNDECIDED","UNKNOWN"
"public","gbt_int4_penalty(internal,internal,internal)","gbt_int4_penalty","internal, internal, internal","internal","supabase_admin","c","false","i","","service_role","true","SEE function-callers inventory; dynamic callers UNKNOWN","UNCLASSIFIED","UNDECIDED","UNKNOWN"
"public","gbt_int4_picksplit(internal,internal)","gbt_int4_picksplit","internal, internal","internal","supabase_admin","c","false","i","","anon","true","SEE function-callers inventory; dynamic callers UNKNOWN","UNCLASSIFIED","UNDECIDED","UNKNOWN"
"public","gbt_int4_picksplit(internal,internal)","gbt_int4_picksplit","internal, internal","internal","supabase_admin","c","false","i","","authenticated","true","SEE function-callers inventory; dynamic callers UNKNOWN","UNCLASSIFIED","UNDECIDED","UNKNOWN"
"public","gbt_int4_picksplit(internal,internal)","gbt_int4_picksplit","internal, internal","internal","supabase_admin","c","false","i","","PUBLIC","true","SEE function-callers inventory; dynamic callers UNKNOWN","UNCLASSIFIED","UNDECIDED","UNKNOWN"
"public","gbt_int4_picksplit(internal,internal)","gbt_int4_picksplit","internal, internal","internal","supabase_admin","c","false","i","","service_role","true","SEE function-callers inventory; dynamic callers UNKNOWN","UNCLASSIFIED","UNDECIDED","UNKNOWN"
"public","gbt_int4_same(gbtreekey8,gbtreekey8,internal)","gbt_int4_same","gbtreekey8, gbtreekey8, internal","internal","supabase_admin","c","false","i","","anon","true","SEE function-callers inventory; dynamic callers UNKNOWN","UNCLASSIFIED","UNDECIDED","UNKNOWN"
"public","gbt_int4_same(gbtreekey8,gbtreekey8,internal)","gbt_int4_same","gbtreekey8, gbtreekey8, internal","internal","supabase_admin","c","false","i","","authenticated","true","SEE function-callers inventory; dynamic callers UNKNOWN","UNCLASSIFIED","UNDECIDED","UNKNOWN"
"public","gbt_int4_same(gbtreekey8,gbtreekey8,internal)","gbt_int4_same","gbtreekey8, gbtreekey8, internal","internal","supabase_admin","c","false","i","","PUBLIC","true","SEE function-callers inventory; dynamic callers UNKNOWN","UNCLASSIFIED","UNDECIDED","UNKNOWN"
"public","gbt_int4_same(gbtreekey8,gbtreekey8,internal)","gbt_int4_same","gbtreekey8, gbtreekey8, internal","internal","supabase_admin","c","false","i","","service_role","true","SEE function-callers inventory; dynamic callers UNKNOWN","UNCLASSIFIED","UNDECIDED","UNKNOWN"
"public","gbt_int4_union(internal,internal)","gbt_int4_union","internal, internal","gbtreekey8","supabase_admin","c","false","i","","anon","true","SEE function-callers inventory; dynamic callers UNKNOWN","UNCLASSIFIED","UNDECIDED","UNKNOWN"
"public","gbt_int4_union(internal,internal)","gbt_int4_union","internal, internal","gbtreekey8","supabase_admin","c","false","i","","authenticated","true","SEE function-callers inventory; dynamic callers UNKNOWN","UNCLASSIFIED","UNDECIDED","UNKNOWN"
"public","gbt_int4_union(internal,internal)","gbt_int4_union","internal, internal","gbtreekey8","supabase_admin","c","false","i","","PUBLIC","true","SEE function-callers inventory; dynamic callers UNKNOWN","UNCLASSIFIED","UNDECIDED","UNKNOWN"
"public","gbt_int4_union(internal,internal)","gbt_int4_union","internal, internal","gbtreekey8","supabase_admin","c","false","i","","service_role","true","SEE function-callers inventory; dynamic callers UNKNOWN","UNCLASSIFIED","UNDECIDED","UNKNOWN"
"public","gbt_int8_compress(internal)","gbt_int8_compress","internal","internal","supabase_admin","c","false","i","","anon","true","SEE function-callers inventory; dynamic callers UNKNOWN","UNCLASSIFIED","UNDECIDED","UNKNOWN"
"public","gbt_int8_compress(internal)","gbt_int8_compress","internal","internal","supabase_admin","c","false","i","","authenticated","true","SEE function-callers inventory; dynamic callers UNKNOWN","UNCLASSIFIED","UNDECIDED","UNKNOWN"
"public","gbt_int8_compress(internal)","gbt_int8_compress","internal","internal","supabase_admin","c","false","i","","PUBLIC","true","SEE function-callers inventory; dynamic callers UNKNOWN","UNCLASSIFIED","UNDECIDED","UNKNOWN"
"public","gbt_int8_compress(internal)","gbt_int8_compress","internal","internal","supabase_admin","c","false","i","","service_role","true","SEE function-callers inventory; dynamic callers UNKNOWN","UNCLASSIFIED","UNDECIDED","UNKNOWN"
"public","gbt_int8_consistent(internal,bigint,smallint,oid,internal)","gbt_int8_consistent","internal, bigint, smallint, oid, internal","boolean","supabase_admin","c","false","i","","anon","true","SEE function-callers inventory; dynamic callers UNKNOWN","UNCLASSIFIED","UNDECIDED","UNKNOWN"
"public","gbt_int8_consistent(internal,bigint,smallint,oid,internal)","gbt_int8_consistent","internal, bigint, smallint, oid, internal","boolean","supabase_admin","c","false","i","","authenticated","true","SEE function-callers inventory; dynamic callers UNKNOWN","UNCLASSIFIED","UNDECIDED","UNKNOWN"
"public","gbt_int8_consistent(internal,bigint,smallint,oid,internal)","gbt_int8_consistent","internal, bigint, smallint, oid, internal","boolean","supabase_admin","c","false","i","","PUBLIC","true","SEE function-callers inventory; dynamic callers UNKNOWN","UNCLASSIFIED","UNDECIDED","UNKNOWN"
"public","gbt_int8_consistent(internal,bigint,smallint,oid,internal)","gbt_int8_consistent","internal, bigint, smallint, oid, internal","boolean","supabase_admin","c","false","i","","service_role","true","SEE function-callers inventory; dynamic callers UNKNOWN","UNCLASSIFIED","UNDECIDED","UNKNOWN"
"public","gbt_int8_distance(internal,bigint,smallint,oid,internal)","gbt_int8_distance","internal, bigint, smallint, oid, internal","double precision","supabase_admin","c","false","i","","anon","true","SEE function-callers inventory; dynamic callers UNKNOWN","UNCLASSIFIED","UNDECIDED","UNKNOWN"
"public","gbt_int8_distance(internal,bigint,smallint,oid,internal)","gbt_int8_distance","internal, bigint, smallint, oid, internal","double precision","supabase_admin","c","false","i","","authenticated","true","SEE function-callers inventory; dynamic callers UNKNOWN","UNCLASSIFIED","UNDECIDED","UNKNOWN"
"public","gbt_int8_distance(internal,bigint,smallint,oid,internal)","gbt_int8_distance","internal, bigint, smallint, oid, internal","double precision","supabase_admin","c","false","i","","PUBLIC","true","SEE function-callers inventory; dynamic callers UNKNOWN","UNCLASSIFIED","UNDECIDED","UNKNOWN"
"public","gbt_int8_distance(internal,bigint,smallint,oid,internal)","gbt_int8_distance","internal, bigint, smallint, oid, internal","double precision","supabase_admin","c","false","i","","service_role","true","SEE function-callers inventory; dynamic callers UNKNOWN","UNCLASSIFIED","UNDECIDED","UNKNOWN"
"public","gbt_int8_fetch(internal)","gbt_int8_fetch","internal","internal","supabase_admin","c","false","i","","anon","true","SEE function-callers inventory; dynamic callers UNKNOWN","UNCLASSIFIED","UNDECIDED","UNKNOWN"
"public","gbt_int8_fetch(internal)","gbt_int8_fetch","internal","internal","supabase_admin","c","false","i","","authenticated","true","SEE function-callers inventory; dynamic callers UNKNOWN","UNCLASSIFIED","UNDECIDED","UNKNOWN"
"public","gbt_int8_fetch(internal)","gbt_int8_fetch","internal","internal","supabase_admin","c","false","i","","PUBLIC","true","SEE function-callers inventory; dynamic callers UNKNOWN","UNCLASSIFIED","UNDECIDED","UNKNOWN"
"public","gbt_int8_fetch(internal)","gbt_int8_fetch","internal","internal","supabase_admin","c","false","i","","service_role","true","SEE function-callers inventory; dynamic callers UNKNOWN","UNCLASSIFIED","UNDECIDED","UNKNOWN"
"public","gbt_int8_penalty(internal,internal,internal)","gbt_int8_penalty","internal, internal, internal","internal","supabase_admin","c","false","i","","anon","true","SEE function-callers inventory; dynamic callers UNKNOWN","UNCLASSIFIED","UNDECIDED","UNKNOWN"
"public","gbt_int8_penalty(internal,internal,internal)","gbt_int8_penalty","internal, internal, internal","internal","supabase_admin","c","false","i","","authenticated","true","SEE function-callers inventory; dynamic callers UNKNOWN","UNCLASSIFIED","UNDECIDED","UNKNOWN"
"public","gbt_int8_penalty(internal,internal,internal)","gbt_int8_penalty","internal, internal, internal","internal","supabase_admin","c","false","i","","PUBLIC","true","SEE function-callers inventory; dynamic callers UNKNOWN","UNCLASSIFIED","UNDECIDED","UNKNOWN"
"public","gbt_int8_penalty(internal,internal,internal)","gbt_int8_penalty","internal, internal, internal","internal","supabase_admin","c","false","i","","service_role","true","SEE function-callers inventory; dynamic callers UNKNOWN","UNCLASSIFIED","UNDECIDED","UNKNOWN"
"public","gbt_int8_picksplit(internal,internal)","gbt_int8_picksplit","internal, internal","internal","supabase_admin","c","false","i","","anon","true","SEE function-callers inventory; dynamic callers UNKNOWN","UNCLASSIFIED","UNDECIDED","UNKNOWN"
"public","gbt_int8_picksplit(internal,internal)","gbt_int8_picksplit","internal, internal","internal","supabase_admin","c","false","i","","authenticated","true","SEE function-callers inventory; dynamic callers UNKNOWN","UNCLASSIFIED","UNDECIDED","UNKNOWN"
"public","gbt_int8_picksplit(internal,internal)","gbt_int8_picksplit","internal, internal","internal","supabase_admin","c","false","i","","PUBLIC","true","SEE function-callers inventory; dynamic callers UNKNOWN","UNCLASSIFIED","UNDECIDED","UNKNOWN"
"public","gbt_int8_picksplit(internal,internal)","gbt_int8_picksplit","internal, internal","internal","supabase_admin","c","false","i","","service_role","true","SEE function-callers inventory; dynamic callers UNKNOWN","UNCLASSIFIED","UNDECIDED","UNKNOWN"
"public","gbt_int8_same(gbtreekey16,gbtreekey16,internal)","gbt_int8_same","gbtreekey16, gbtreekey16, internal","internal","supabase_admin","c","false","i","","anon","true","SEE function-callers inventory; dynamic callers UNKNOWN","UNCLASSIFIED","UNDECIDED","UNKNOWN"
"public","gbt_int8_same(gbtreekey16,gbtreekey16,internal)","gbt_int8_same","gbtreekey16, gbtreekey16, internal","internal","supabase_admin","c","false","i","","authenticated","true","SEE function-callers inventory; dynamic callers UNKNOWN","UNCLASSIFIED","UNDECIDED","UNKNOWN"
"public","gbt_int8_same(gbtreekey16,gbtreekey16,internal)","gbt_int8_same","gbtreekey16, gbtreekey16, internal","internal","supabase_admin","c","false","i","","PUBLIC","true","SEE function-callers inventory; dynamic callers UNKNOWN","UNCLASSIFIED","UNDECIDED","UNKNOWN"
"public","gbt_int8_same(gbtreekey16,gbtreekey16,internal)","gbt_int8_same","gbtreekey16, gbtreekey16, internal","internal","supabase_admin","c","false","i","","service_role","true","SEE function-callers inventory; dynamic callers UNKNOWN","UNCLASSIFIED","UNDECIDED","UNKNOWN"
"public","gbt_int8_union(internal,internal)","gbt_int8_union","internal, internal","gbtreekey16","supabase_admin","c","false","i","","anon","true","SEE function-callers inventory; dynamic callers UNKNOWN","UNCLASSIFIED","UNDECIDED","UNKNOWN"
"public","gbt_int8_union(internal,internal)","gbt_int8_union","internal, internal","gbtreekey16","supabase_admin","c","false","i","","authenticated","true","SEE function-callers inventory; dynamic callers UNKNOWN","UNCLASSIFIED","UNDECIDED","UNKNOWN"
"public","gbt_int8_union(internal,internal)","gbt_int8_union","internal, internal","gbtreekey16","supabase_admin","c","false","i","","PUBLIC","true","SEE function-callers inventory; dynamic callers UNKNOWN","UNCLASSIFIED","UNDECIDED","UNKNOWN"
"public","gbt_int8_union(internal,internal)","gbt_int8_union","internal, internal","gbtreekey16","supabase_admin","c","false","i","","service_role","true","SEE function-callers inventory; dynamic callers UNKNOWN","UNCLASSIFIED","UNDECIDED","UNKNOWN"
"public","gbt_intv_compress(internal)","gbt_intv_compress","internal","internal","supabase_admin","c","false","i","","anon","true","SEE function-callers inventory; dynamic callers UNKNOWN","UNCLASSIFIED","UNDECIDED","UNKNOWN"
"public","gbt_intv_compress(internal)","gbt_intv_compress","internal","internal","supabase_admin","c","false","i","","authenticated","true","SEE function-callers inventory; dynamic callers UNKNOWN","UNCLASSIFIED","UNDECIDED","UNKNOWN"
"public","gbt_intv_compress(internal)","gbt_intv_compress","internal","internal","supabase_admin","c","false","i","","PUBLIC","true","SEE function-callers inventory; dynamic callers UNKNOWN","UNCLASSIFIED","UNDECIDED","UNKNOWN"
"public","gbt_intv_compress(internal)","gbt_intv_compress","internal","internal","supabase_admin","c","false","i","","service_role","true","SEE function-callers inventory; dynamic callers UNKNOWN","UNCLASSIFIED","UNDECIDED","UNKNOWN"
"public","gbt_intv_consistent(internal,interval,smallint,oid,internal)","gbt_intv_consistent","internal, interval, smallint, oid, internal","boolean","supabase_admin","c","false","i","","anon","true","SEE function-callers inventory; dynamic callers UNKNOWN","UNCLASSIFIED","UNDECIDED","UNKNOWN"
"public","gbt_intv_consistent(internal,interval,smallint,oid,internal)","gbt_intv_consistent","internal, interval, smallint, oid, internal","boolean","supabase_admin","c","false","i","","authenticated","true","SEE function-callers inventory; dynamic callers UNKNOWN","UNCLASSIFIED","UNDECIDED","UNKNOWN"
"public","gbt_intv_consistent(internal,interval,smallint,oid,internal)","gbt_intv_consistent","internal, interval, smallint, oid, internal","boolean","supabase_admin","c","false","i","","PUBLIC","true","SEE function-callers inventory; dynamic callers UNKNOWN","UNCLASSIFIED","UNDECIDED","UNKNOWN"
"public","gbt_intv_consistent(internal,interval,smallint,oid,internal)","gbt_intv_consistent","internal, interval, smallint, oid, internal","boolean","supabase_admin","c","false","i","","service_role","true","SEE function-callers inventory; dynamic callers UNKNOWN","UNCLASSIFIED","UNDECIDED","UNKNOWN"
"public","gbt_intv_decompress(internal)","gbt_intv_decompress","internal","internal","supabase_admin","c","false","i","","anon","true","SEE function-callers inventory; dynamic callers UNKNOWN","UNCLASSIFIED","UNDECIDED","UNKNOWN"
"public","gbt_intv_decompress(internal)","gbt_intv_decompress","internal","internal","supabase_admin","c","false","i","","authenticated","true","SEE function-callers inventory; dynamic callers UNKNOWN","UNCLASSIFIED","UNDECIDED","UNKNOWN"
"public","gbt_intv_decompress(internal)","gbt_intv_decompress","internal","internal","supabase_admin","c","false","i","","PUBLIC","true","SEE function-callers inventory; dynamic callers UNKNOWN","UNCLASSIFIED","UNDECIDED","UNKNOWN"
"public","gbt_intv_decompress(internal)","gbt_intv_decompress","internal","internal","supabase_admin","c","false","i","","service_role","true","SEE function-callers inventory; dynamic callers UNKNOWN","UNCLASSIFIED","UNDECIDED","UNKNOWN"
"public","gbt_intv_distance(internal,interval,smallint,oid,internal)","gbt_intv_distance","internal, interval, smallint, oid, internal","double precision","supabase_admin","c","false","i","","anon","true","SEE function-callers inventory; dynamic callers UNKNOWN","UNCLASSIFIED","UNDECIDED","UNKNOWN"
"public","gbt_intv_distance(internal,interval,smallint,oid,internal)","gbt_intv_distance","internal, interval, smallint, oid, internal","double precision","supabase_admin","c","false","i","","authenticated","true","SEE function-callers inventory; dynamic callers UNKNOWN","UNCLASSIFIED","UNDECIDED","UNKNOWN"
"public","gbt_intv_distance(internal,interval,smallint,oid,internal)","gbt_intv_distance","internal, interval, smallint, oid, internal","double precision","supabase_admin","c","false","i","","PUBLIC","true","SEE function-callers inventory; dynamic callers UNKNOWN","UNCLASSIFIED","UNDECIDED","UNKNOWN"
"public","gbt_intv_distance(internal,interval,smallint,oid,internal)","gbt_intv_distance","internal, interval, smallint, oid, internal","double precision","supabase_admin","c","false","i","","service_role","true","SEE function-callers inventory; dynamic callers UNKNOWN","UNCLASSIFIED","UNDECIDED","UNKNOWN"
"public","gbt_intv_fetch(internal)","gbt_intv_fetch","internal","internal","supabase_admin","c","false","i","","anon","true","SEE function-callers inventory; dynamic callers UNKNOWN","UNCLASSIFIED","UNDECIDED","UNKNOWN"
"public","gbt_intv_fetch(internal)","gbt_intv_fetch","internal","internal","supabase_admin","c","false","i","","authenticated","true","SEE function-callers inventory; dynamic callers UNKNOWN","UNCLASSIFIED","UNDECIDED","UNKNOWN"
"public","gbt_intv_fetch(internal)","gbt_intv_fetch","internal","internal","supabase_admin","c","false","i","","PUBLIC","true","SEE function-callers inventory; dynamic callers UNKNOWN","UNCLASSIFIED","UNDECIDED","UNKNOWN"
"public","gbt_intv_fetch(internal)","gbt_intv_fetch","internal","internal","supabase_admin","c","false","i","","service_role","true","SEE function-callers inventory; dynamic callers UNKNOWN","UNCLASSIFIED","UNDECIDED","UNKNOWN"
"public","gbt_intv_penalty(internal,internal,internal)","gbt_intv_penalty","internal, internal, internal","internal","supabase_admin","c","false","i","","anon","true","SEE function-callers inventory; dynamic callers UNKNOWN","UNCLASSIFIED","UNDECIDED","UNKNOWN"
"public","gbt_intv_penalty(internal,internal,internal)","gbt_intv_penalty","internal, internal, internal","internal","supabase_admin","c","false","i","","authenticated","true","SEE function-callers inventory; dynamic callers UNKNOWN","UNCLASSIFIED","UNDECIDED","UNKNOWN"
"public","gbt_intv_penalty(internal,internal,internal)","gbt_intv_penalty","internal, internal, internal","internal","supabase_admin","c","false","i","","PUBLIC","true","SEE function-callers inventory; dynamic callers UNKNOWN","UNCLASSIFIED","UNDECIDED","UNKNOWN"
"public","gbt_intv_penalty(internal,internal,internal)","gbt_intv_penalty","internal, internal, internal","internal","supabase_admin","c","false","i","","service_role","true","SEE function-callers inventory; dynamic callers UNKNOWN","UNCLASSIFIED","UNDECIDED","UNKNOWN"
"public","gbt_intv_picksplit(internal,internal)","gbt_intv_picksplit","internal, internal","internal","supabase_admin","c","false","i","","anon","true","SEE function-callers inventory; dynamic callers UNKNOWN","UNCLASSIFIED","UNDECIDED","UNKNOWN"
"public","gbt_intv_picksplit(internal,internal)","gbt_intv_picksplit","internal, internal","internal","supabase_admin","c","false","i","","authenticated","true","SEE function-callers inventory; dynamic callers UNKNOWN","UNCLASSIFIED","UNDECIDED","UNKNOWN"
"public","gbt_intv_picksplit(internal,internal)","gbt_intv_picksplit","internal, internal","internal","supabase_admin","c","false","i","","PUBLIC","true","SEE function-callers inventory; dynamic callers UNKNOWN","UNCLASSIFIED","UNDECIDED","UNKNOWN"
"public","gbt_intv_picksplit(internal,internal)","gbt_intv_picksplit","internal, internal","internal","supabase_admin","c","false","i","","service_role","true","SEE function-callers inventory; dynamic callers UNKNOWN","UNCLASSIFIED","UNDECIDED","UNKNOWN"
"public","gbt_intv_same(gbtreekey32,gbtreekey32,internal)","gbt_intv_same","gbtreekey32, gbtreekey32, internal","internal","supabase_admin","c","false","i","","anon","true","SEE function-callers inventory; dynamic callers UNKNOWN","UNCLASSIFIED","UNDECIDED","UNKNOWN"
"public","gbt_intv_same(gbtreekey32,gbtreekey32,internal)","gbt_intv_same","gbtreekey32, gbtreekey32, internal","internal","supabase_admin","c","false","i","","authenticated","true","SEE function-callers inventory; dynamic callers UNKNOWN","UNCLASSIFIED","UNDECIDED","UNKNOWN"
"public","gbt_intv_same(gbtreekey32,gbtreekey32,internal)","gbt_intv_same","gbtreekey32, gbtreekey32, internal","internal","supabase_admin","c","false","i","","PUBLIC","true","SEE function-callers inventory; dynamic callers UNKNOWN","UNCLASSIFIED","UNDECIDED","UNKNOWN"
"public","gbt_intv_same(gbtreekey32,gbtreekey32,internal)","gbt_intv_same","gbtreekey32, gbtreekey32, internal","internal","supabase_admin","c","false","i","","service_role","true","SEE function-callers inventory; dynamic callers UNKNOWN","UNCLASSIFIED","UNDECIDED","UNKNOWN"
"public","gbt_intv_union(internal,internal)","gbt_intv_union","internal, internal","gbtreekey32","supabase_admin","c","false","i","","anon","true","SEE function-callers inventory; dynamic callers UNKNOWN","UNCLASSIFIED","UNDECIDED","UNKNOWN"
"public","gbt_intv_union(internal,internal)","gbt_intv_union","internal, internal","gbtreekey32","supabase_admin","c","false","i","","authenticated","true","SEE function-callers inventory; dynamic callers UNKNOWN","UNCLASSIFIED","UNDECIDED","UNKNOWN"
"public","gbt_intv_union(internal,internal)","gbt_intv_union","internal, internal","gbtreekey32","supabase_admin","c","false","i","","PUBLIC","true","SEE function-callers inventory; dynamic callers UNKNOWN","UNCLASSIFIED","UNDECIDED","UNKNOWN"
"public","gbt_intv_union(internal,internal)","gbt_intv_union","internal, internal","gbtreekey32","supabase_admin","c","false","i","","service_role","true","SEE function-callers inventory; dynamic callers UNKNOWN","UNCLASSIFIED","UNDECIDED","UNKNOWN"
"public","gbt_macad_compress(internal)","gbt_macad_compress","internal","internal","supabase_admin","c","false","i","","anon","true","SEE function-callers inventory; dynamic callers UNKNOWN","UNCLASSIFIED","UNDECIDED","UNKNOWN"
"public","gbt_macad_compress(internal)","gbt_macad_compress","internal","internal","supabase_admin","c","false","i","","authenticated","true","SEE function-callers inventory; dynamic callers UNKNOWN","UNCLASSIFIED","UNDECIDED","UNKNOWN"
"public","gbt_macad_compress(internal)","gbt_macad_compress","internal","internal","supabase_admin","c","false","i","","PUBLIC","true","SEE function-callers inventory; dynamic callers UNKNOWN","UNCLASSIFIED","UNDECIDED","UNKNOWN"
"public","gbt_macad_compress(internal)","gbt_macad_compress","internal","internal","supabase_admin","c","false","i","","service_role","true","SEE function-callers inventory; dynamic callers UNKNOWN","UNCLASSIFIED","UNDECIDED","UNKNOWN"
"public","gbt_macad_consistent(internal,macaddr,smallint,oid,internal)","gbt_macad_consistent","internal, macaddr, smallint, oid, internal","boolean","supabase_admin","c","false","i","","anon","true","SEE function-callers inventory; dynamic callers UNKNOWN","UNCLASSIFIED","UNDECIDED","UNKNOWN"
"public","gbt_macad_consistent(internal,macaddr,smallint,oid,internal)","gbt_macad_consistent","internal, macaddr, smallint, oid, internal","boolean","supabase_admin","c","false","i","","authenticated","true","SEE function-callers inventory; dynamic callers UNKNOWN","UNCLASSIFIED","UNDECIDED","UNKNOWN"
"public","gbt_macad_consistent(internal,macaddr,smallint,oid,internal)","gbt_macad_consistent","internal, macaddr, smallint, oid, internal","boolean","supabase_admin","c","false","i","","PUBLIC","true","SEE function-callers inventory; dynamic callers UNKNOWN","UNCLASSIFIED","UNDECIDED","UNKNOWN"
"public","gbt_macad_consistent(internal,macaddr,smallint,oid,internal)","gbt_macad_consistent","internal, macaddr, smallint, oid, internal","boolean","supabase_admin","c","false","i","","service_role","true","SEE function-callers inventory; dynamic callers UNKNOWN","UNCLASSIFIED","UNDECIDED","UNKNOWN"
"public","gbt_macad_fetch(internal)","gbt_macad_fetch","internal","internal","supabase_admin","c","false","i","","anon","true","SEE function-callers inventory; dynamic callers UNKNOWN","UNCLASSIFIED","UNDECIDED","UNKNOWN"
"public","gbt_macad_fetch(internal)","gbt_macad_fetch","internal","internal","supabase_admin","c","false","i","","authenticated","true","SEE function-callers inventory; dynamic callers UNKNOWN","UNCLASSIFIED","UNDECIDED","UNKNOWN"
"public","gbt_macad_fetch(internal)","gbt_macad_fetch","internal","internal","supabase_admin","c","false","i","","PUBLIC","true","SEE function-callers inventory; dynamic callers UNKNOWN","UNCLASSIFIED","UNDECIDED","UNKNOWN"
"public","gbt_macad_fetch(internal)","gbt_macad_fetch","internal","internal","supabase_admin","c","false","i","","service_role","true","SEE function-callers inventory; dynamic callers UNKNOWN","UNCLASSIFIED","UNDECIDED","UNKNOWN"
"public","gbt_macad_penalty(internal,internal,internal)","gbt_macad_penalty","internal, internal, internal","internal","supabase_admin","c","false","i","","anon","true","SEE function-callers inventory; dynamic callers UNKNOWN","UNCLASSIFIED","UNDECIDED","UNKNOWN"
"public","gbt_macad_penalty(internal,internal,internal)","gbt_macad_penalty","internal, internal, internal","internal","supabase_admin","c","false","i","","authenticated","true","SEE function-callers inventory; dynamic callers UNKNOWN","UNCLASSIFIED","UNDECIDED","UNKNOWN"
"public","gbt_macad_penalty(internal,internal,internal)","gbt_macad_penalty","internal, internal, internal","internal","supabase_admin","c","false","i","","PUBLIC","true","SEE function-callers inventory; dynamic callers UNKNOWN","UNCLASSIFIED","UNDECIDED","UNKNOWN"
"public","gbt_macad_penalty(internal,internal,internal)","gbt_macad_penalty","internal, internal, internal","internal","supabase_admin","c","false","i","","service_role","true","SEE function-callers inventory; dynamic callers UNKNOWN","UNCLASSIFIED","UNDECIDED","UNKNOWN"
"public","gbt_macad_picksplit(internal,internal)","gbt_macad_picksplit","internal, internal","internal","supabase_admin","c","false","i","","anon","true","SEE function-callers inventory; dynamic callers UNKNOWN","UNCLASSIFIED","UNDECIDED","UNKNOWN"
"public","gbt_macad_picksplit(internal,internal)","gbt_macad_picksplit","internal, internal","internal","supabase_admin","c","false","i","","authenticated","true","SEE function-callers inventory; dynamic callers UNKNOWN","UNCLASSIFIED","UNDECIDED","UNKNOWN"
"public","gbt_macad_picksplit(internal,internal)","gbt_macad_picksplit","internal, internal","internal","supabase_admin","c","false","i","","PUBLIC","true","SEE function-callers inventory; dynamic callers UNKNOWN","UNCLASSIFIED","UNDECIDED","UNKNOWN"
"public","gbt_macad_picksplit(internal,internal)","gbt_macad_picksplit","internal, internal","internal","supabase_admin","c","false","i","","service_role","true","SEE function-callers inventory; dynamic callers UNKNOWN","UNCLASSIFIED","UNDECIDED","UNKNOWN"
"public","gbt_macad_same(gbtreekey16,gbtreekey16,internal)","gbt_macad_same","gbtreekey16, gbtreekey16, internal","internal","supabase_admin","c","false","i","","anon","true","SEE function-callers inventory; dynamic callers UNKNOWN","UNCLASSIFIED","UNDECIDED","UNKNOWN"
"public","gbt_macad_same(gbtreekey16,gbtreekey16,internal)","gbt_macad_same","gbtreekey16, gbtreekey16, internal","internal","supabase_admin","c","false","i","","authenticated","true","SEE function-callers inventory; dynamic callers UNKNOWN","UNCLASSIFIED","UNDECIDED","UNKNOWN"
"public","gbt_macad_same(gbtreekey16,gbtreekey16,internal)","gbt_macad_same","gbtreekey16, gbtreekey16, internal","internal","supabase_admin","c","false","i","","PUBLIC","true","SEE function-callers inventory; dynamic callers UNKNOWN","UNCLASSIFIED","UNDECIDED","UNKNOWN"
"public","gbt_macad_same(gbtreekey16,gbtreekey16,internal)","gbt_macad_same","gbtreekey16, gbtreekey16, internal","internal","supabase_admin","c","false","i","","service_role","true","SEE function-callers inventory; dynamic callers UNKNOWN","UNCLASSIFIED","UNDECIDED","UNKNOWN"
"public","gbt_macad_union(internal,internal)","gbt_macad_union","internal, internal","gbtreekey16","supabase_admin","c","false","i","","anon","true","SEE function-callers inventory; dynamic callers UNKNOWN","UNCLASSIFIED","UNDECIDED","UNKNOWN"
"public","gbt_macad_union(internal,internal)","gbt_macad_union","internal, internal","gbtreekey16","supabase_admin","c","false","i","","authenticated","true","SEE function-callers inventory; dynamic callers UNKNOWN","UNCLASSIFIED","UNDECIDED","UNKNOWN"
"public","gbt_macad_union(internal,internal)","gbt_macad_union","internal, internal","gbtreekey16","supabase_admin","c","false","i","","PUBLIC","true","SEE function-callers inventory; dynamic callers UNKNOWN","UNCLASSIFIED","UNDECIDED","UNKNOWN"
"public","gbt_macad_union(internal,internal)","gbt_macad_union","internal, internal","gbtreekey16","supabase_admin","c","false","i","","service_role","true","SEE function-callers inventory; dynamic callers UNKNOWN","UNCLASSIFIED","UNDECIDED","UNKNOWN"
"public","gbt_macad8_compress(internal)","gbt_macad8_compress","internal","internal","supabase_admin","c","false","i","","anon","true","SEE function-callers inventory; dynamic callers UNKNOWN","UNCLASSIFIED","UNDECIDED","UNKNOWN"
"public","gbt_macad8_compress(internal)","gbt_macad8_compress","internal","internal","supabase_admin","c","false","i","","authenticated","true","SEE function-callers inventory; dynamic callers UNKNOWN","UNCLASSIFIED","UNDECIDED","UNKNOWN"
"public","gbt_macad8_compress(internal)","gbt_macad8_compress","internal","internal","supabase_admin","c","false","i","","PUBLIC","true","SEE function-callers inventory; dynamic callers UNKNOWN","UNCLASSIFIED","UNDECIDED","UNKNOWN"
"public","gbt_macad8_compress(internal)","gbt_macad8_compress","internal","internal","supabase_admin","c","false","i","","service_role","true","SEE function-callers inventory; dynamic callers UNKNOWN","UNCLASSIFIED","UNDECIDED","UNKNOWN"
"public","gbt_macad8_consistent(internal,macaddr8,smallint,oid,internal)","gbt_macad8_consistent","internal, macaddr8, smallint, oid, internal","boolean","supabase_admin","c","false","i","","anon","true","SEE function-callers inventory; dynamic callers UNKNOWN","UNCLASSIFIED","UNDECIDED","UNKNOWN"
"public","gbt_macad8_consistent(internal,macaddr8,smallint,oid,internal)","gbt_macad8_consistent","internal, macaddr8, smallint, oid, internal","boolean","supabase_admin","c","false","i","","authenticated","true","SEE function-callers inventory; dynamic callers UNKNOWN","UNCLASSIFIED","UNDECIDED","UNKNOWN"
"public","gbt_macad8_consistent(internal,macaddr8,smallint,oid,internal)","gbt_macad8_consistent","internal, macaddr8, smallint, oid, internal","boolean","supabase_admin","c","false","i","","PUBLIC","true","SEE function-callers inventory; dynamic callers UNKNOWN","UNCLASSIFIED","UNDECIDED","UNKNOWN"
"public","gbt_macad8_consistent(internal,macaddr8,smallint,oid,internal)","gbt_macad8_consistent","internal, macaddr8, smallint, oid, internal","boolean","supabase_admin","c","false","i","","service_role","true","SEE function-callers inventory; dynamic callers UNKNOWN","UNCLASSIFIED","UNDECIDED","UNKNOWN"
"public","gbt_macad8_fetch(internal)","gbt_macad8_fetch","internal","internal","supabase_admin","c","false","i","","anon","true","SEE function-callers inventory; dynamic callers UNKNOWN","UNCLASSIFIED","UNDECIDED","UNKNOWN"
"public","gbt_macad8_fetch(internal)","gbt_macad8_fetch","internal","internal","supabase_admin","c","false","i","","authenticated","true","SEE function-callers inventory; dynamic callers UNKNOWN","UNCLASSIFIED","UNDECIDED","UNKNOWN"
"public","gbt_macad8_fetch(internal)","gbt_macad8_fetch","internal","internal","supabase_admin","c","false","i","","PUBLIC","true","SEE function-callers inventory; dynamic callers UNKNOWN","UNCLASSIFIED","UNDECIDED","UNKNOWN"
"public","gbt_macad8_fetch(internal)","gbt_macad8_fetch","internal","internal","supabase_admin","c","false","i","","service_role","true","SEE function-callers inventory; dynamic callers UNKNOWN","UNCLASSIFIED","UNDECIDED","UNKNOWN"
"public","gbt_macad8_penalty(internal,internal,internal)","gbt_macad8_penalty","internal, internal, internal","internal","supabase_admin","c","false","i","","anon","true","SEE function-callers inventory; dynamic callers UNKNOWN","UNCLASSIFIED","UNDECIDED","UNKNOWN"
"public","gbt_macad8_penalty(internal,internal,internal)","gbt_macad8_penalty","internal, internal, internal","internal","supabase_admin","c","false","i","","authenticated","true","SEE function-callers inventory; dynamic callers UNKNOWN","UNCLASSIFIED","UNDECIDED","UNKNOWN"
"public","gbt_macad8_penalty(internal,internal,internal)","gbt_macad8_penalty","internal, internal, internal","internal","supabase_admin","c","false","i","","PUBLIC","true","SEE function-callers inventory; dynamic callers UNKNOWN","UNCLASSIFIED","UNDECIDED","UNKNOWN"
"public","gbt_macad8_penalty(internal,internal,internal)","gbt_macad8_penalty","internal, internal, internal","internal","supabase_admin","c","false","i","","service_role","true","SEE function-callers inventory; dynamic callers UNKNOWN","UNCLASSIFIED","UNDECIDED","UNKNOWN"
"public","gbt_macad8_picksplit(internal,internal)","gbt_macad8_picksplit","internal, internal","internal","supabase_admin","c","false","i","","anon","true","SEE function-callers inventory; dynamic callers UNKNOWN","UNCLASSIFIED","UNDECIDED","UNKNOWN"
"public","gbt_macad8_picksplit(internal,internal)","gbt_macad8_picksplit","internal, internal","internal","supabase_admin","c","false","i","","authenticated","true","SEE function-callers inventory; dynamic callers UNKNOWN","UNCLASSIFIED","UNDECIDED","UNKNOWN"
"public","gbt_macad8_picksplit(internal,internal)","gbt_macad8_picksplit","internal, internal","internal","supabase_admin","c","false","i","","PUBLIC","true","SEE function-callers inventory; dynamic callers UNKNOWN","UNCLASSIFIED","UNDECIDED","UNKNOWN"
"public","gbt_macad8_picksplit(internal,internal)","gbt_macad8_picksplit","internal, internal","internal","supabase_admin","c","false","i","","service_role","true","SEE function-callers inventory; dynamic callers UNKNOWN","UNCLASSIFIED","UNDECIDED","UNKNOWN"
"public","gbt_macad8_same(gbtreekey16,gbtreekey16,internal)","gbt_macad8_same","gbtreekey16, gbtreekey16, internal","internal","supabase_admin","c","false","i","","anon","true","SEE function-callers inventory; dynamic callers UNKNOWN","UNCLASSIFIED","UNDECIDED","UNKNOWN"
"public","gbt_macad8_same(gbtreekey16,gbtreekey16,internal)","gbt_macad8_same","gbtreekey16, gbtreekey16, internal","internal","supabase_admin","c","false","i","","authenticated","true","SEE function-callers inventory; dynamic callers UNKNOWN","UNCLASSIFIED","UNDECIDED","UNKNOWN"
"public","gbt_macad8_same(gbtreekey16,gbtreekey16,internal)","gbt_macad8_same","gbtreekey16, gbtreekey16, internal","internal","supabase_admin","c","false","i","","PUBLIC","true","SEE function-callers inventory; dynamic callers UNKNOWN","UNCLASSIFIED","UNDECIDED","UNKNOWN"
"public","gbt_macad8_same(gbtreekey16,gbtreekey16,internal)","gbt_macad8_same","gbtreekey16, gbtreekey16, internal","internal","supabase_admin","c","false","i","","service_role","true","SEE function-callers inventory; dynamic callers UNKNOWN","UNCLASSIFIED","UNDECIDED","UNKNOWN"
"public","gbt_macad8_union(internal,internal)","gbt_macad8_union","internal, internal","gbtreekey16","supabase_admin","c","false","i","","anon","true","SEE function-callers inventory; dynamic callers UNKNOWN","UNCLASSIFIED","UNDECIDED","UNKNOWN"
"public","gbt_macad8_union(internal,internal)","gbt_macad8_union","internal, internal","gbtreekey16","supabase_admin","c","false","i","","authenticated","true","SEE function-callers inventory; dynamic callers UNKNOWN","UNCLASSIFIED","UNDECIDED","UNKNOWN"
"public","gbt_macad8_union(internal,internal)","gbt_macad8_union","internal, internal","gbtreekey16","supabase_admin","c","false","i","","PUBLIC","true","SEE function-callers inventory; dynamic callers UNKNOWN","UNCLASSIFIED","UNDECIDED","UNKNOWN"
"public","gbt_macad8_union(internal,internal)","gbt_macad8_union","internal, internal","gbtreekey16","supabase_admin","c","false","i","","service_role","true","SEE function-callers inventory; dynamic callers UNKNOWN","UNCLASSIFIED","UNDECIDED","UNKNOWN"
"public","gbt_numeric_compress(internal)","gbt_numeric_compress","internal","internal","supabase_admin","c","false","i","","anon","true","SEE function-callers inventory; dynamic callers UNKNOWN","UNCLASSIFIED","UNDECIDED","UNKNOWN"
"public","gbt_numeric_compress(internal)","gbt_numeric_compress","internal","internal","supabase_admin","c","false","i","","authenticated","true","SEE function-callers inventory; dynamic callers UNKNOWN","UNCLASSIFIED","UNDECIDED","UNKNOWN"
"public","gbt_numeric_compress(internal)","gbt_numeric_compress","internal","internal","supabase_admin","c","false","i","","PUBLIC","true","SEE function-callers inventory; dynamic callers UNKNOWN","UNCLASSIFIED","UNDECIDED","UNKNOWN"
"public","gbt_numeric_compress(internal)","gbt_numeric_compress","internal","internal","supabase_admin","c","false","i","","service_role","true","SEE function-callers inventory; dynamic callers UNKNOWN","UNCLASSIFIED","UNDECIDED","UNKNOWN"
"public","gbt_numeric_consistent(internal,numeric,smallint,oid,internal)","gbt_numeric_consistent","internal, numeric, smallint, oid, internal","boolean","supabase_admin","c","false","i","","anon","true","SEE function-callers inventory; dynamic callers UNKNOWN","UNCLASSIFIED","UNDECIDED","UNKNOWN"
"public","gbt_numeric_consistent(internal,numeric,smallint,oid,internal)","gbt_numeric_consistent","internal, numeric, smallint, oid, internal","boolean","supabase_admin","c","false","i","","authenticated","true","SEE function-callers inventory; dynamic callers UNKNOWN","UNCLASSIFIED","UNDECIDED","UNKNOWN"
"public","gbt_numeric_consistent(internal,numeric,smallint,oid,internal)","gbt_numeric_consistent","internal, numeric, smallint, oid, internal","boolean","supabase_admin","c","false","i","","PUBLIC","true","SEE function-callers inventory; dynamic callers UNKNOWN","UNCLASSIFIED","UNDECIDED","UNKNOWN"
"public","gbt_numeric_consistent(internal,numeric,smallint,oid,internal)","gbt_numeric_consistent","internal, numeric, smallint, oid, internal","boolean","supabase_admin","c","false","i","","service_role","true","SEE function-callers inventory; dynamic callers UNKNOWN","UNCLASSIFIED","UNDECIDED","UNKNOWN"
"public","gbt_numeric_penalty(internal,internal,internal)","gbt_numeric_penalty","internal, internal, internal","internal","supabase_admin","c","false","i","","anon","true","SEE function-callers inventory; dynamic callers UNKNOWN","UNCLASSIFIED","UNDECIDED","UNKNOWN"
"public","gbt_numeric_penalty(internal,internal,internal)","gbt_numeric_penalty","internal, internal, internal","internal","supabase_admin","c","false","i","","authenticated","true","SEE function-callers inventory; dynamic callers UNKNOWN","UNCLASSIFIED","UNDECIDED","UNKNOWN"
"public","gbt_numeric_penalty(internal,internal,internal)","gbt_numeric_penalty","internal, internal, internal","internal","supabase_admin","c","false","i","","PUBLIC","true","SEE function-callers inventory; dynamic callers UNKNOWN","UNCLASSIFIED","UNDECIDED","UNKNOWN"
"public","gbt_numeric_penalty(internal,internal,internal)","gbt_numeric_penalty","internal, internal, internal","internal","supabase_admin","c","false","i","","service_role","true","SEE function-callers inventory; dynamic callers UNKNOWN","UNCLASSIFIED","UNDECIDED","UNKNOWN"
"public","gbt_numeric_picksplit(internal,internal)","gbt_numeric_picksplit","internal, internal","internal","supabase_admin","c","false","i","","anon","true","SEE function-callers inventory; dynamic callers UNKNOWN","UNCLASSIFIED","UNDECIDED","UNKNOWN"
"public","gbt_numeric_picksplit(internal,internal)","gbt_numeric_picksplit","internal, internal","internal","supabase_admin","c","false","i","","authenticated","true","SEE function-callers inventory; dynamic callers UNKNOWN","UNCLASSIFIED","UNDECIDED","UNKNOWN"
"public","gbt_numeric_picksplit(internal,internal)","gbt_numeric_picksplit","internal, internal","internal","supabase_admin","c","false","i","","PUBLIC","true","SEE function-callers inventory; dynamic callers UNKNOWN","UNCLASSIFIED","UNDECIDED","UNKNOWN"
"public","gbt_numeric_picksplit(internal,internal)","gbt_numeric_picksplit","internal, internal","internal","supabase_admin","c","false","i","","service_role","true","SEE function-callers inventory; dynamic callers UNKNOWN","UNCLASSIFIED","UNDECIDED","UNKNOWN"
"public","gbt_numeric_same(gbtreekey_var,gbtreekey_var,internal)","gbt_numeric_same","gbtreekey_var, gbtreekey_var, internal","internal","supabase_admin","c","false","i","","anon","true","SEE function-callers inventory; dynamic callers UNKNOWN","UNCLASSIFIED","UNDECIDED","UNKNOWN"
"public","gbt_numeric_same(gbtreekey_var,gbtreekey_var,internal)","gbt_numeric_same","gbtreekey_var, gbtreekey_var, internal","internal","supabase_admin","c","false","i","","authenticated","true","SEE function-callers inventory; dynamic callers UNKNOWN","UNCLASSIFIED","UNDECIDED","UNKNOWN"
"public","gbt_numeric_same(gbtreekey_var,gbtreekey_var,internal)","gbt_numeric_same","gbtreekey_var, gbtreekey_var, internal","internal","supabase_admin","c","false","i","","PUBLIC","true","SEE function-callers inventory; dynamic callers UNKNOWN","UNCLASSIFIED","UNDECIDED","UNKNOWN"
"public","gbt_numeric_same(gbtreekey_var,gbtreekey_var,internal)","gbt_numeric_same","gbtreekey_var, gbtreekey_var, internal","internal","supabase_admin","c","false","i","","service_role","true","SEE function-callers inventory; dynamic callers UNKNOWN","UNCLASSIFIED","UNDECIDED","UNKNOWN"
"public","gbt_numeric_union(internal,internal)","gbt_numeric_union","internal, internal","gbtreekey_var","supabase_admin","c","false","i","","anon","true","SEE function-callers inventory; dynamic callers UNKNOWN","UNCLASSIFIED","UNDECIDED","UNKNOWN"
"public","gbt_numeric_union(internal,internal)","gbt_numeric_union","internal, internal","gbtreekey_var","supabase_admin","c","false","i","","authenticated","true","SEE function-callers inventory; dynamic callers UNKNOWN","UNCLASSIFIED","UNDECIDED","UNKNOWN"
"public","gbt_numeric_union(internal,internal)","gbt_numeric_union","internal, internal","gbtreekey_var","supabase_admin","c","false","i","","PUBLIC","true","SEE function-callers inventory; dynamic callers UNKNOWN","UNCLASSIFIED","UNDECIDED","UNKNOWN"
"public","gbt_numeric_union(internal,internal)","gbt_numeric_union","internal, internal","gbtreekey_var","supabase_admin","c","false","i","","service_role","true","SEE function-callers inventory; dynamic callers UNKNOWN","UNCLASSIFIED","UNDECIDED","UNKNOWN"
"public","gbt_oid_compress(internal)","gbt_oid_compress","internal","internal","supabase_admin","c","false","i","","anon","true","SEE function-callers inventory; dynamic callers UNKNOWN","UNCLASSIFIED","UNDECIDED","UNKNOWN"
"public","gbt_oid_compress(internal)","gbt_oid_compress","internal","internal","supabase_admin","c","false","i","","authenticated","true","SEE function-callers inventory; dynamic callers UNKNOWN","UNCLASSIFIED","UNDECIDED","UNKNOWN"
"public","gbt_oid_compress(internal)","gbt_oid_compress","internal","internal","supabase_admin","c","false","i","","PUBLIC","true","SEE function-callers inventory; dynamic callers UNKNOWN","UNCLASSIFIED","UNDECIDED","UNKNOWN"
"public","gbt_oid_compress(internal)","gbt_oid_compress","internal","internal","supabase_admin","c","false","i","","service_role","true","SEE function-callers inventory; dynamic callers UNKNOWN","UNCLASSIFIED","UNDECIDED","UNKNOWN"
"public","gbt_oid_consistent(internal,oid,smallint,oid,internal)","gbt_oid_consistent","internal, oid, smallint, oid, internal","boolean","supabase_admin","c","false","i","","anon","true","SEE function-callers inventory; dynamic callers UNKNOWN","UNCLASSIFIED","UNDECIDED","UNKNOWN"
"public","gbt_oid_consistent(internal,oid,smallint,oid,internal)","gbt_oid_consistent","internal, oid, smallint, oid, internal","boolean","supabase_admin","c","false","i","","authenticated","true","SEE function-callers inventory; dynamic callers UNKNOWN","UNCLASSIFIED","UNDECIDED","UNKNOWN"
"public","gbt_oid_consistent(internal,oid,smallint,oid,internal)","gbt_oid_consistent","internal, oid, smallint, oid, internal","boolean","supabase_admin","c","false","i","","PUBLIC","true","SEE function-callers inventory; dynamic callers UNKNOWN","UNCLASSIFIED","UNDECIDED","UNKNOWN"
"public","gbt_oid_consistent(internal,oid,smallint,oid,internal)","gbt_oid_consistent","internal, oid, smallint, oid, internal","boolean","supabase_admin","c","false","i","","service_role","true","SEE function-callers inventory; dynamic callers UNKNOWN","UNCLASSIFIED","UNDECIDED","UNKNOWN"
"public","gbt_oid_distance(internal,oid,smallint,oid,internal)","gbt_oid_distance","internal, oid, smallint, oid, internal","double precision","supabase_admin","c","false","i","","anon","true","SEE function-callers inventory; dynamic callers UNKNOWN","UNCLASSIFIED","UNDECIDED","UNKNOWN"
"public","gbt_oid_distance(internal,oid,smallint,oid,internal)","gbt_oid_distance","internal, oid, smallint, oid, internal","double precision","supabase_admin","c","false","i","","authenticated","true","SEE function-callers inventory; dynamic callers UNKNOWN","UNCLASSIFIED","UNDECIDED","UNKNOWN"
"public","gbt_oid_distance(internal,oid,smallint,oid,internal)","gbt_oid_distance","internal, oid, smallint, oid, internal","double precision","supabase_admin","c","false","i","","PUBLIC","true","SEE function-callers inventory; dynamic callers UNKNOWN","UNCLASSIFIED","UNDECIDED","UNKNOWN"
"public","gbt_oid_distance(internal,oid,smallint,oid,internal)","gbt_oid_distance","internal, oid, smallint, oid, internal","double precision","supabase_admin","c","false","i","","service_role","true","SEE function-callers inventory; dynamic callers UNKNOWN","UNCLASSIFIED","UNDECIDED","UNKNOWN"
"public","gbt_oid_fetch(internal)","gbt_oid_fetch","internal","internal","supabase_admin","c","false","i","","anon","true","SEE function-callers inventory; dynamic callers UNKNOWN","UNCLASSIFIED","UNDECIDED","UNKNOWN"
"public","gbt_oid_fetch(internal)","gbt_oid_fetch","internal","internal","supabase_admin","c","false","i","","authenticated","true","SEE function-callers inventory; dynamic callers UNKNOWN","UNCLASSIFIED","UNDECIDED","UNKNOWN"
"public","gbt_oid_fetch(internal)","gbt_oid_fetch","internal","internal","supabase_admin","c","false","i","","PUBLIC","true","SEE function-callers inventory; dynamic callers UNKNOWN","UNCLASSIFIED","UNDECIDED","UNKNOWN"
"public","gbt_oid_fetch(internal)","gbt_oid_fetch","internal","internal","supabase_admin","c","false","i","","service_role","true","SEE function-callers inventory; dynamic callers UNKNOWN","UNCLASSIFIED","UNDECIDED","UNKNOWN"
"public","gbt_oid_penalty(internal,internal,internal)","gbt_oid_penalty","internal, internal, internal","internal","supabase_admin","c","false","i","","anon","true","SEE function-callers inventory; dynamic callers UNKNOWN","UNCLASSIFIED","UNDECIDED","UNKNOWN"
"public","gbt_oid_penalty(internal,internal,internal)","gbt_oid_penalty","internal, internal, internal","internal","supabase_admin","c","false","i","","authenticated","true","SEE function-callers inventory; dynamic callers UNKNOWN","UNCLASSIFIED","UNDECIDED","UNKNOWN"
"public","gbt_oid_penalty(internal,internal,internal)","gbt_oid_penalty","internal, internal, internal","internal","supabase_admin","c","false","i","","PUBLIC","true","SEE function-callers inventory; dynamic callers UNKNOWN","UNCLASSIFIED","UNDECIDED","UNKNOWN"
"public","gbt_oid_penalty(internal,internal,internal)","gbt_oid_penalty","internal, internal, internal","internal","supabase_admin","c","false","i","","service_role","true","SEE function-callers inventory; dynamic callers UNKNOWN","UNCLASSIFIED","UNDECIDED","UNKNOWN"
"public","gbt_oid_picksplit(internal,internal)","gbt_oid_picksplit","internal, internal","internal","supabase_admin","c","false","i","","anon","true","SEE function-callers inventory; dynamic callers UNKNOWN","UNCLASSIFIED","UNDECIDED","UNKNOWN"
"public","gbt_oid_picksplit(internal,internal)","gbt_oid_picksplit","internal, internal","internal","supabase_admin","c","false","i","","authenticated","true","SEE function-callers inventory; dynamic callers UNKNOWN","UNCLASSIFIED","UNDECIDED","UNKNOWN"
"public","gbt_oid_picksplit(internal,internal)","gbt_oid_picksplit","internal, internal","internal","supabase_admin","c","false","i","","PUBLIC","true","SEE function-callers inventory; dynamic callers UNKNOWN","UNCLASSIFIED","UNDECIDED","UNKNOWN"
"public","gbt_oid_picksplit(internal,internal)","gbt_oid_picksplit","internal, internal","internal","supabase_admin","c","false","i","","service_role","true","SEE function-callers inventory; dynamic callers UNKNOWN","UNCLASSIFIED","UNDECIDED","UNKNOWN"
"public","gbt_oid_same(gbtreekey8,gbtreekey8,internal)","gbt_oid_same","gbtreekey8, gbtreekey8, internal","internal","supabase_admin","c","false","i","","anon","true","SEE function-callers inventory; dynamic callers UNKNOWN","UNCLASSIFIED","UNDECIDED","UNKNOWN"
"public","gbt_oid_same(gbtreekey8,gbtreekey8,internal)","gbt_oid_same","gbtreekey8, gbtreekey8, internal","internal","supabase_admin","c","false","i","","authenticated","true","SEE function-callers inventory; dynamic callers UNKNOWN","UNCLASSIFIED","UNDECIDED","UNKNOWN"
"public","gbt_oid_same(gbtreekey8,gbtreekey8,internal)","gbt_oid_same","gbtreekey8, gbtreekey8, internal","internal","supabase_admin","c","false","i","","PUBLIC","true","SEE function-callers inventory; dynamic callers UNKNOWN","UNCLASSIFIED","UNDECIDED","UNKNOWN"
"public","gbt_oid_same(gbtreekey8,gbtreekey8,internal)","gbt_oid_same","gbtreekey8, gbtreekey8, internal","internal","supabase_admin","c","false","i","","service_role","true","SEE function-callers inventory; dynamic callers UNKNOWN","UNCLASSIFIED","UNDECIDED","UNKNOWN"
"public","gbt_oid_union(internal,internal)","gbt_oid_union","internal, internal","gbtreekey8","supabase_admin","c","false","i","","anon","true","SEE function-callers inventory; dynamic callers UNKNOWN","UNCLASSIFIED","UNDECIDED","UNKNOWN"
"public","gbt_oid_union(internal,internal)","gbt_oid_union","internal, internal","gbtreekey8","supabase_admin","c","false","i","","authenticated","true","SEE function-callers inventory; dynamic callers UNKNOWN","UNCLASSIFIED","UNDECIDED","UNKNOWN"
"public","gbt_oid_union(internal,internal)","gbt_oid_union","internal, internal","gbtreekey8","supabase_admin","c","false","i","","PUBLIC","true","SEE function-callers inventory; dynamic callers UNKNOWN","UNCLASSIFIED","UNDECIDED","UNKNOWN"
"public","gbt_oid_union(internal,internal)","gbt_oid_union","internal, internal","gbtreekey8","supabase_admin","c","false","i","","service_role","true","SEE function-callers inventory; dynamic callers UNKNOWN","UNCLASSIFIED","UNDECIDED","UNKNOWN"
"public","gbt_text_compress(internal)","gbt_text_compress","internal","internal","supabase_admin","c","false","i","","anon","true","SEE function-callers inventory; dynamic callers UNKNOWN","UNCLASSIFIED","UNDECIDED","UNKNOWN"
"public","gbt_text_compress(internal)","gbt_text_compress","internal","internal","supabase_admin","c","false","i","","authenticated","true","SEE function-callers inventory; dynamic callers UNKNOWN","UNCLASSIFIED","UNDECIDED","UNKNOWN"
"public","gbt_text_compress(internal)","gbt_text_compress","internal","internal","supabase_admin","c","false","i","","PUBLIC","true","SEE function-callers inventory; dynamic callers UNKNOWN","UNCLASSIFIED","UNDECIDED","UNKNOWN"
"public","gbt_text_compress(internal)","gbt_text_compress","internal","internal","supabase_admin","c","false","i","","service_role","true","SEE function-callers inventory; dynamic callers UNKNOWN","UNCLASSIFIED","UNDECIDED","UNKNOWN"
"public","gbt_text_consistent(internal,text,smallint,oid,internal)","gbt_text_consistent","internal, text, smallint, oid, internal","boolean","supabase_admin","c","false","i","","anon","true","SEE function-callers inventory; dynamic callers UNKNOWN","UNCLASSIFIED","UNDECIDED","UNKNOWN"
"public","gbt_text_consistent(internal,text,smallint,oid,internal)","gbt_text_consistent","internal, text, smallint, oid, internal","boolean","supabase_admin","c","false","i","","authenticated","true","SEE function-callers inventory; dynamic callers UNKNOWN","UNCLASSIFIED","UNDECIDED","UNKNOWN"
"public","gbt_text_consistent(internal,text,smallint,oid,internal)","gbt_text_consistent","internal, text, smallint, oid, internal","boolean","supabase_admin","c","false","i","","PUBLIC","true","SEE function-callers inventory; dynamic callers UNKNOWN","UNCLASSIFIED","UNDECIDED","UNKNOWN"
"public","gbt_text_consistent(internal,text,smallint,oid,internal)","gbt_text_consistent","internal, text, smallint, oid, internal","boolean","supabase_admin","c","false","i","","service_role","true","SEE function-callers inventory; dynamic callers UNKNOWN","UNCLASSIFIED","UNDECIDED","UNKNOWN"
"public","gbt_text_penalty(internal,internal,internal)","gbt_text_penalty","internal, internal, internal","internal","supabase_admin","c","false","i","","anon","true","SEE function-callers inventory; dynamic callers UNKNOWN","UNCLASSIFIED","UNDECIDED","UNKNOWN"
"public","gbt_text_penalty(internal,internal,internal)","gbt_text_penalty","internal, internal, internal","internal","supabase_admin","c","false","i","","authenticated","true","SEE function-callers inventory; dynamic callers UNKNOWN","UNCLASSIFIED","UNDECIDED","UNKNOWN"
"public","gbt_text_penalty(internal,internal,internal)","gbt_text_penalty","internal, internal, internal","internal","supabase_admin","c","false","i","","PUBLIC","true","SEE function-callers inventory; dynamic callers UNKNOWN","UNCLASSIFIED","UNDECIDED","UNKNOWN"
"public","gbt_text_penalty(internal,internal,internal)","gbt_text_penalty","internal, internal, internal","internal","supabase_admin","c","false","i","","service_role","true","SEE function-callers inventory; dynamic callers UNKNOWN","UNCLASSIFIED","UNDECIDED","UNKNOWN"
"public","gbt_text_picksplit(internal,internal)","gbt_text_picksplit","internal, internal","internal","supabase_admin","c","false","i","","anon","true","SEE function-callers inventory; dynamic callers UNKNOWN","UNCLASSIFIED","UNDECIDED","UNKNOWN"
"public","gbt_text_picksplit(internal,internal)","gbt_text_picksplit","internal, internal","internal","supabase_admin","c","false","i","","authenticated","true","SEE function-callers inventory; dynamic callers UNKNOWN","UNCLASSIFIED","UNDECIDED","UNKNOWN"
"public","gbt_text_picksplit(internal,internal)","gbt_text_picksplit","internal, internal","internal","supabase_admin","c","false","i","","PUBLIC","true","SEE function-callers inventory; dynamic callers UNKNOWN","UNCLASSIFIED","UNDECIDED","UNKNOWN"
"public","gbt_text_picksplit(internal,internal)","gbt_text_picksplit","internal, internal","internal","supabase_admin","c","false","i","","service_role","true","SEE function-callers inventory; dynamic callers UNKNOWN","UNCLASSIFIED","UNDECIDED","UNKNOWN"
"public","gbt_text_same(gbtreekey_var,gbtreekey_var,internal)","gbt_text_same","gbtreekey_var, gbtreekey_var, internal","internal","supabase_admin","c","false","i","","anon","true","SEE function-callers inventory; dynamic callers UNKNOWN","UNCLASSIFIED","UNDECIDED","UNKNOWN"
"public","gbt_text_same(gbtreekey_var,gbtreekey_var,internal)","gbt_text_same","gbtreekey_var, gbtreekey_var, internal","internal","supabase_admin","c","false","i","","authenticated","true","SEE function-callers inventory; dynamic callers UNKNOWN","UNCLASSIFIED","UNDECIDED","UNKNOWN"
"public","gbt_text_same(gbtreekey_var,gbtreekey_var,internal)","gbt_text_same","gbtreekey_var, gbtreekey_var, internal","internal","supabase_admin","c","false","i","","PUBLIC","true","SEE function-callers inventory; dynamic callers UNKNOWN","UNCLASSIFIED","UNDECIDED","UNKNOWN"
"public","gbt_text_same(gbtreekey_var,gbtreekey_var,internal)","gbt_text_same","gbtreekey_var, gbtreekey_var, internal","internal","supabase_admin","c","false","i","","service_role","true","SEE function-callers inventory; dynamic callers UNKNOWN","UNCLASSIFIED","UNDECIDED","UNKNOWN"
"public","gbt_text_union(internal,internal)","gbt_text_union","internal, internal","gbtreekey_var","supabase_admin","c","false","i","","anon","true","SEE function-callers inventory; dynamic callers UNKNOWN","UNCLASSIFIED","UNDECIDED","UNKNOWN"
"public","gbt_text_union(internal,internal)","gbt_text_union","internal, internal","gbtreekey_var","supabase_admin","c","false","i","","authenticated","true","SEE function-callers inventory; dynamic callers UNKNOWN","UNCLASSIFIED","UNDECIDED","UNKNOWN"
"public","gbt_text_union(internal,internal)","gbt_text_union","internal, internal","gbtreekey_var","supabase_admin","c","false","i","","PUBLIC","true","SEE function-callers inventory; dynamic callers UNKNOWN","UNCLASSIFIED","UNDECIDED","UNKNOWN"
"public","gbt_text_union(internal,internal)","gbt_text_union","internal, internal","gbtreekey_var","supabase_admin","c","false","i","","service_role","true","SEE function-callers inventory; dynamic callers UNKNOWN","UNCLASSIFIED","UNDECIDED","UNKNOWN"
"public","gbt_time_compress(internal)","gbt_time_compress","internal","internal","supabase_admin","c","false","i","","anon","true","SEE function-callers inventory; dynamic callers UNKNOWN","UNCLASSIFIED","UNDECIDED","UNKNOWN"
"public","gbt_time_compress(internal)","gbt_time_compress","internal","internal","supabase_admin","c","false","i","","authenticated","true","SEE function-callers inventory; dynamic callers UNKNOWN","UNCLASSIFIED","UNDECIDED","UNKNOWN"
"public","gbt_time_compress(internal)","gbt_time_compress","internal","internal","supabase_admin","c","false","i","","PUBLIC","true","SEE function-callers inventory; dynamic callers UNKNOWN","UNCLASSIFIED","UNDECIDED","UNKNOWN"
"public","gbt_time_compress(internal)","gbt_time_compress","internal","internal","supabase_admin","c","false","i","","service_role","true","SEE function-callers inventory; dynamic callers UNKNOWN","UNCLASSIFIED","UNDECIDED","UNKNOWN"
"public","gbt_time_consistent(internal,time without time zone,smallint,oid,internal)","gbt_time_consistent","internal, time without time zone, smallint, oid, internal","boolean","supabase_admin","c","false","i","","anon","true","SEE function-callers inventory; dynamic callers UNKNOWN","UNCLASSIFIED","UNDECIDED","UNKNOWN"
"public","gbt_time_consistent(internal,time without time zone,smallint,oid,internal)","gbt_time_consistent","internal, time without time zone, smallint, oid, internal","boolean","supabase_admin","c","false","i","","authenticated","true","SEE function-callers inventory; dynamic callers UNKNOWN","UNCLASSIFIED","UNDECIDED","UNKNOWN"
"public","gbt_time_consistent(internal,time without time zone,smallint,oid,internal)","gbt_time_consistent","internal, time without time zone, smallint, oid, internal","boolean","supabase_admin","c","false","i","","PUBLIC","true","SEE function-callers inventory; dynamic callers UNKNOWN","UNCLASSIFIED","UNDECIDED","UNKNOWN"
"public","gbt_time_consistent(internal,time without time zone,smallint,oid,internal)","gbt_time_consistent","internal, time without time zone, smallint, oid, internal","boolean","supabase_admin","c","false","i","","service_role","true","SEE function-callers inventory; dynamic callers UNKNOWN","UNCLASSIFIED","UNDECIDED","UNKNOWN"
"public","gbt_time_distance(internal,time without time zone,smallint,oid,internal)","gbt_time_distance","internal, time without time zone, smallint, oid, internal","double precision","supabase_admin","c","false","i","","anon","true","SEE function-callers inventory; dynamic callers UNKNOWN","UNCLASSIFIED","UNDECIDED","UNKNOWN"
"public","gbt_time_distance(internal,time without time zone,smallint,oid,internal)","gbt_time_distance","internal, time without time zone, smallint, oid, internal","double precision","supabase_admin","c","false","i","","authenticated","true","SEE function-callers inventory; dynamic callers UNKNOWN","UNCLASSIFIED","UNDECIDED","UNKNOWN"
"public","gbt_time_distance(internal,time without time zone,smallint,oid,internal)","gbt_time_distance","internal, time without time zone, smallint, oid, internal","double precision","supabase_admin","c","false","i","","PUBLIC","true","SEE function-callers inventory; dynamic callers UNKNOWN","UNCLASSIFIED","UNDECIDED","UNKNOWN"
"public","gbt_time_distance(internal,time without time zone,smallint,oid,internal)","gbt_time_distance","internal, time without time zone, smallint, oid, internal","double precision","supabase_admin","c","false","i","","service_role","true","SEE function-callers inventory; dynamic callers UNKNOWN","UNCLASSIFIED","UNDECIDED","UNKNOWN"
"public","gbt_time_fetch(internal)","gbt_time_fetch","internal","internal","supabase_admin","c","false","i","","anon","true","SEE function-callers inventory; dynamic callers UNKNOWN","UNCLASSIFIED","UNDECIDED","UNKNOWN"
"public","gbt_time_fetch(internal)","gbt_time_fetch","internal","internal","supabase_admin","c","false","i","","authenticated","true","SEE function-callers inventory; dynamic callers UNKNOWN","UNCLASSIFIED","UNDECIDED","UNKNOWN"
"public","gbt_time_fetch(internal)","gbt_time_fetch","internal","internal","supabase_admin","c","false","i","","PUBLIC","true","SEE function-callers inventory; dynamic callers UNKNOWN","UNCLASSIFIED","UNDECIDED","UNKNOWN"
"public","gbt_time_fetch(internal)","gbt_time_fetch","internal","internal","supabase_admin","c","false","i","","service_role","true","SEE function-callers inventory; dynamic callers UNKNOWN","UNCLASSIFIED","UNDECIDED","UNKNOWN"
"public","gbt_time_penalty(internal,internal,internal)","gbt_time_penalty","internal, internal, internal","internal","supabase_admin","c","false","i","","anon","true","SEE function-callers inventory; dynamic callers UNKNOWN","UNCLASSIFIED","UNDECIDED","UNKNOWN"
"public","gbt_time_penalty(internal,internal,internal)","gbt_time_penalty","internal, internal, internal","internal","supabase_admin","c","false","i","","authenticated","true","SEE function-callers inventory; dynamic callers UNKNOWN","UNCLASSIFIED","UNDECIDED","UNKNOWN"
"public","gbt_time_penalty(internal,internal,internal)","gbt_time_penalty","internal, internal, internal","internal","supabase_admin","c","false","i","","PUBLIC","true","SEE function-callers inventory; dynamic callers UNKNOWN","UNCLASSIFIED","UNDECIDED","UNKNOWN"
"public","gbt_time_penalty(internal,internal,internal)","gbt_time_penalty","internal, internal, internal","internal","supabase_admin","c","false","i","","service_role","true","SEE function-callers inventory; dynamic callers UNKNOWN","UNCLASSIFIED","UNDECIDED","UNKNOWN"
"public","gbt_time_picksplit(internal,internal)","gbt_time_picksplit","internal, internal","internal","supabase_admin","c","false","i","","anon","true","SEE function-callers inventory; dynamic callers UNKNOWN","UNCLASSIFIED","UNDECIDED","UNKNOWN"
"public","gbt_time_picksplit(internal,internal)","gbt_time_picksplit","internal, internal","internal","supabase_admin","c","false","i","","authenticated","true","SEE function-callers inventory; dynamic callers UNKNOWN","UNCLASSIFIED","UNDECIDED","UNKNOWN"
"public","gbt_time_picksplit(internal,internal)","gbt_time_picksplit","internal, internal","internal","supabase_admin","c","false","i","","PUBLIC","true","SEE function-callers inventory; dynamic callers UNKNOWN","UNCLASSIFIED","UNDECIDED","UNKNOWN"
"public","gbt_time_picksplit(internal,internal)","gbt_time_picksplit","internal, internal","internal","supabase_admin","c","false","i","","service_role","true","SEE function-callers inventory; dynamic callers UNKNOWN","UNCLASSIFIED","UNDECIDED","UNKNOWN"
"public","gbt_time_same(gbtreekey16,gbtreekey16,internal)","gbt_time_same","gbtreekey16, gbtreekey16, internal","internal","supabase_admin","c","false","i","","anon","true","SEE function-callers inventory; dynamic callers UNKNOWN","UNCLASSIFIED","UNDECIDED","UNKNOWN"
"public","gbt_time_same(gbtreekey16,gbtreekey16,internal)","gbt_time_same","gbtreekey16, gbtreekey16, internal","internal","supabase_admin","c","false","i","","authenticated","true","SEE function-callers inventory; dynamic callers UNKNOWN","UNCLASSIFIED","UNDECIDED","UNKNOWN"
"public","gbt_time_same(gbtreekey16,gbtreekey16,internal)","gbt_time_same","gbtreekey16, gbtreekey16, internal","internal","supabase_admin","c","false","i","","PUBLIC","true","SEE function-callers inventory; dynamic callers UNKNOWN","UNCLASSIFIED","UNDECIDED","UNKNOWN"
"public","gbt_time_same(gbtreekey16,gbtreekey16,internal)","gbt_time_same","gbtreekey16, gbtreekey16, internal","internal","supabase_admin","c","false","i","","service_role","true","SEE function-callers inventory; dynamic callers UNKNOWN","UNCLASSIFIED","UNDECIDED","UNKNOWN"
"public","gbt_time_union(internal,internal)","gbt_time_union","internal, internal","gbtreekey16","supabase_admin","c","false","i","","anon","true","SEE function-callers inventory; dynamic callers UNKNOWN","UNCLASSIFIED","UNDECIDED","UNKNOWN"
"public","gbt_time_union(internal,internal)","gbt_time_union","internal, internal","gbtreekey16","supabase_admin","c","false","i","","authenticated","true","SEE function-callers inventory; dynamic callers UNKNOWN","UNCLASSIFIED","UNDECIDED","UNKNOWN"
"public","gbt_time_union(internal,internal)","gbt_time_union","internal, internal","gbtreekey16","supabase_admin","c","false","i","","PUBLIC","true","SEE function-callers inventory; dynamic callers UNKNOWN","UNCLASSIFIED","UNDECIDED","UNKNOWN"
"public","gbt_time_union(internal,internal)","gbt_time_union","internal, internal","gbtreekey16","supabase_admin","c","false","i","","service_role","true","SEE function-callers inventory; dynamic callers UNKNOWN","UNCLASSIFIED","UNDECIDED","UNKNOWN"
"public","gbt_timetz_compress(internal)","gbt_timetz_compress","internal","internal","supabase_admin","c","false","i","","anon","true","SEE function-callers inventory; dynamic callers UNKNOWN","UNCLASSIFIED","UNDECIDED","UNKNOWN"
"public","gbt_timetz_compress(internal)","gbt_timetz_compress","internal","internal","supabase_admin","c","false","i","","authenticated","true","SEE function-callers inventory; dynamic callers UNKNOWN","UNCLASSIFIED","UNDECIDED","UNKNOWN"
"public","gbt_timetz_compress(internal)","gbt_timetz_compress","internal","internal","supabase_admin","c","false","i","","PUBLIC","true","SEE function-callers inventory; dynamic callers UNKNOWN","UNCLASSIFIED","UNDECIDED","UNKNOWN"
"public","gbt_timetz_compress(internal)","gbt_timetz_compress","internal","internal","supabase_admin","c","false","i","","service_role","true","SEE function-callers inventory; dynamic callers UNKNOWN","UNCLASSIFIED","UNDECIDED","UNKNOWN"
"public","gbt_timetz_consistent(internal,time with time zone,smallint,oid,internal)","gbt_timetz_consistent","internal, time with time zone, smallint, oid, internal","boolean","supabase_admin","c","false","i","","anon","true","SEE function-callers inventory; dynamic callers UNKNOWN","UNCLASSIFIED","UNDECIDED","UNKNOWN"
"public","gbt_timetz_consistent(internal,time with time zone,smallint,oid,internal)","gbt_timetz_consistent","internal, time with time zone, smallint, oid, internal","boolean","supabase_admin","c","false","i","","authenticated","true","SEE function-callers inventory; dynamic callers UNKNOWN","UNCLASSIFIED","UNDECIDED","UNKNOWN"
"public","gbt_timetz_consistent(internal,time with time zone,smallint,oid,internal)","gbt_timetz_consistent","internal, time with time zone, smallint, oid, internal","boolean","supabase_admin","c","false","i","","PUBLIC","true","SEE function-callers inventory; dynamic callers UNKNOWN","UNCLASSIFIED","UNDECIDED","UNKNOWN"
"public","gbt_timetz_consistent(internal,time with time zone,smallint,oid,internal)","gbt_timetz_consistent","internal, time with time zone, smallint, oid, internal","boolean","supabase_admin","c","false","i","","service_role","true","SEE function-callers inventory; dynamic callers UNKNOWN","UNCLASSIFIED","UNDECIDED","UNKNOWN"
"public","gbt_ts_compress(internal)","gbt_ts_compress","internal","internal","supabase_admin","c","false","i","","anon","true","SEE function-callers inventory; dynamic callers UNKNOWN","UNCLASSIFIED","UNDECIDED","UNKNOWN"
"public","gbt_ts_compress(internal)","gbt_ts_compress","internal","internal","supabase_admin","c","false","i","","authenticated","true","SEE function-callers inventory; dynamic callers UNKNOWN","UNCLASSIFIED","UNDECIDED","UNKNOWN"
"public","gbt_ts_compress(internal)","gbt_ts_compress","internal","internal","supabase_admin","c","false","i","","PUBLIC","true","SEE function-callers inventory; dynamic callers UNKNOWN","UNCLASSIFIED","UNDECIDED","UNKNOWN"
"public","gbt_ts_compress(internal)","gbt_ts_compress","internal","internal","supabase_admin","c","false","i","","service_role","true","SEE function-callers inventory; dynamic callers UNKNOWN","UNCLASSIFIED","UNDECIDED","UNKNOWN"
"public","gbt_ts_consistent(internal,timestamp without time zone,smallint,oid,internal)","gbt_ts_consistent","internal, timestamp without time zone, smallint, oid, internal","boolean","supabase_admin","c","false","i","","anon","true","SEE function-callers inventory; dynamic callers UNKNOWN","UNCLASSIFIED","UNDECIDED","UNKNOWN"
"public","gbt_ts_consistent(internal,timestamp without time zone,smallint,oid,internal)","gbt_ts_consistent","internal, timestamp without time zone, smallint, oid, internal","boolean","supabase_admin","c","false","i","","authenticated","true","SEE function-callers inventory; dynamic callers UNKNOWN","UNCLASSIFIED","UNDECIDED","UNKNOWN"
"public","gbt_ts_consistent(internal,timestamp without time zone,smallint,oid,internal)","gbt_ts_consistent","internal, timestamp without time zone, smallint, oid, internal","boolean","supabase_admin","c","false","i","","PUBLIC","true","SEE function-callers inventory; dynamic callers UNKNOWN","UNCLASSIFIED","UNDECIDED","UNKNOWN"
"public","gbt_ts_consistent(internal,timestamp without time zone,smallint,oid,internal)","gbt_ts_consistent","internal, timestamp without time zone, smallint, oid, internal","boolean","supabase_admin","c","false","i","","service_role","true","SEE function-callers inventory; dynamic callers UNKNOWN","UNCLASSIFIED","UNDECIDED","UNKNOWN"
"public","gbt_ts_distance(internal,timestamp without time zone,smallint,oid,internal)","gbt_ts_distance","internal, timestamp without time zone, smallint, oid, internal","double precision","supabase_admin","c","false","i","","anon","true","SEE function-callers inventory; dynamic callers UNKNOWN","UNCLASSIFIED","UNDECIDED","UNKNOWN"
"public","gbt_ts_distance(internal,timestamp without time zone,smallint,oid,internal)","gbt_ts_distance","internal, timestamp without time zone, smallint, oid, internal","double precision","supabase_admin","c","false","i","","authenticated","true","SEE function-callers inventory; dynamic callers UNKNOWN","UNCLASSIFIED","UNDECIDED","UNKNOWN"
"public","gbt_ts_distance(internal,timestamp without time zone,smallint,oid,internal)","gbt_ts_distance","internal, timestamp without time zone, smallint, oid, internal","double precision","supabase_admin","c","false","i","","PUBLIC","true","SEE function-callers inventory; dynamic callers UNKNOWN","UNCLASSIFIED","UNDECIDED","UNKNOWN"
"public","gbt_ts_distance(internal,timestamp without time zone,smallint,oid,internal)","gbt_ts_distance","internal, timestamp without time zone, smallint, oid, internal","double precision","supabase_admin","c","false","i","","service_role","true","SEE function-callers inventory; dynamic callers UNKNOWN","UNCLASSIFIED","UNDECIDED","UNKNOWN"
"public","gbt_ts_fetch(internal)","gbt_ts_fetch","internal","internal","supabase_admin","c","false","i","","anon","true","SEE function-callers inventory; dynamic callers UNKNOWN","UNCLASSIFIED","UNDECIDED","UNKNOWN"
"public","gbt_ts_fetch(internal)","gbt_ts_fetch","internal","internal","supabase_admin","c","false","i","","authenticated","true","SEE function-callers inventory; dynamic callers UNKNOWN","UNCLASSIFIED","UNDECIDED","UNKNOWN"
"public","gbt_ts_fetch(internal)","gbt_ts_fetch","internal","internal","supabase_admin","c","false","i","","PUBLIC","true","SEE function-callers inventory; dynamic callers UNKNOWN","UNCLASSIFIED","UNDECIDED","UNKNOWN"
"public","gbt_ts_fetch(internal)","gbt_ts_fetch","internal","internal","supabase_admin","c","false","i","","service_role","true","SEE function-callers inventory; dynamic callers UNKNOWN","UNCLASSIFIED","UNDECIDED","UNKNOWN"
"public","gbt_ts_penalty(internal,internal,internal)","gbt_ts_penalty","internal, internal, internal","internal","supabase_admin","c","false","i","","anon","true","SEE function-callers inventory; dynamic callers UNKNOWN","UNCLASSIFIED","UNDECIDED","UNKNOWN"
"public","gbt_ts_penalty(internal,internal,internal)","gbt_ts_penalty","internal, internal, internal","internal","supabase_admin","c","false","i","","authenticated","true","SEE function-callers inventory; dynamic callers UNKNOWN","UNCLASSIFIED","UNDECIDED","UNKNOWN"
"public","gbt_ts_penalty(internal,internal,internal)","gbt_ts_penalty","internal, internal, internal","internal","supabase_admin","c","false","i","","PUBLIC","true","SEE function-callers inventory; dynamic callers UNKNOWN","UNCLASSIFIED","UNDECIDED","UNKNOWN"
"public","gbt_ts_penalty(internal,internal,internal)","gbt_ts_penalty","internal, internal, internal","internal","supabase_admin","c","false","i","","service_role","true","SEE function-callers inventory; dynamic callers UNKNOWN","UNCLASSIFIED","UNDECIDED","UNKNOWN"
"public","gbt_ts_picksplit(internal,internal)","gbt_ts_picksplit","internal, internal","internal","supabase_admin","c","false","i","","anon","true","SEE function-callers inventory; dynamic callers UNKNOWN","UNCLASSIFIED","UNDECIDED","UNKNOWN"
"public","gbt_ts_picksplit(internal,internal)","gbt_ts_picksplit","internal, internal","internal","supabase_admin","c","false","i","","authenticated","true","SEE function-callers inventory; dynamic callers UNKNOWN","UNCLASSIFIED","UNDECIDED","UNKNOWN"
"public","gbt_ts_picksplit(internal,internal)","gbt_ts_picksplit","internal, internal","internal","supabase_admin","c","false","i","","PUBLIC","true","SEE function-callers inventory; dynamic callers UNKNOWN","UNCLASSIFIED","UNDECIDED","UNKNOWN"
"public","gbt_ts_picksplit(internal,internal)","gbt_ts_picksplit","internal, internal","internal","supabase_admin","c","false","i","","service_role","true","SEE function-callers inventory; dynamic callers UNKNOWN","UNCLASSIFIED","UNDECIDED","UNKNOWN"
"public","gbt_ts_same(gbtreekey16,gbtreekey16,internal)","gbt_ts_same","gbtreekey16, gbtreekey16, internal","internal","supabase_admin","c","false","i","","anon","true","SEE function-callers inventory; dynamic callers UNKNOWN","UNCLASSIFIED","UNDECIDED","UNKNOWN"
"public","gbt_ts_same(gbtreekey16,gbtreekey16,internal)","gbt_ts_same","gbtreekey16, gbtreekey16, internal","internal","supabase_admin","c","false","i","","authenticated","true","SEE function-callers inventory; dynamic callers UNKNOWN","UNCLASSIFIED","UNDECIDED","UNKNOWN"
"public","gbt_ts_same(gbtreekey16,gbtreekey16,internal)","gbt_ts_same","gbtreekey16, gbtreekey16, internal","internal","supabase_admin","c","false","i","","PUBLIC","true","SEE function-callers inventory; dynamic callers UNKNOWN","UNCLASSIFIED","UNDECIDED","UNKNOWN"
"public","gbt_ts_same(gbtreekey16,gbtreekey16,internal)","gbt_ts_same","gbtreekey16, gbtreekey16, internal","internal","supabase_admin","c","false","i","","service_role","true","SEE function-callers inventory; dynamic callers UNKNOWN","UNCLASSIFIED","UNDECIDED","UNKNOWN"
"public","gbt_ts_union(internal,internal)","gbt_ts_union","internal, internal","gbtreekey16","supabase_admin","c","false","i","","anon","true","SEE function-callers inventory; dynamic callers UNKNOWN","UNCLASSIFIED","UNDECIDED","UNKNOWN"
"public","gbt_ts_union(internal,internal)","gbt_ts_union","internal, internal","gbtreekey16","supabase_admin","c","false","i","","authenticated","true","SEE function-callers inventory; dynamic callers UNKNOWN","UNCLASSIFIED","UNDECIDED","UNKNOWN"
"public","gbt_ts_union(internal,internal)","gbt_ts_union","internal, internal","gbtreekey16","supabase_admin","c","false","i","","PUBLIC","true","SEE function-callers inventory; dynamic callers UNKNOWN","UNCLASSIFIED","UNDECIDED","UNKNOWN"
"public","gbt_ts_union(internal,internal)","gbt_ts_union","internal, internal","gbtreekey16","supabase_admin","c","false","i","","service_role","true","SEE function-callers inventory; dynamic callers UNKNOWN","UNCLASSIFIED","UNDECIDED","UNKNOWN"
"public","gbt_tstz_compress(internal)","gbt_tstz_compress","internal","internal","supabase_admin","c","false","i","","anon","true","SEE function-callers inventory; dynamic callers UNKNOWN","UNCLASSIFIED","UNDECIDED","UNKNOWN"
"public","gbt_tstz_compress(internal)","gbt_tstz_compress","internal","internal","supabase_admin","c","false","i","","authenticated","true","SEE function-callers inventory; dynamic callers UNKNOWN","UNCLASSIFIED","UNDECIDED","UNKNOWN"
"public","gbt_tstz_compress(internal)","gbt_tstz_compress","internal","internal","supabase_admin","c","false","i","","PUBLIC","true","SEE function-callers inventory; dynamic callers UNKNOWN","UNCLASSIFIED","UNDECIDED","UNKNOWN"
"public","gbt_tstz_compress(internal)","gbt_tstz_compress","internal","internal","supabase_admin","c","false","i","","service_role","true","SEE function-callers inventory; dynamic callers UNKNOWN","UNCLASSIFIED","UNDECIDED","UNKNOWN"
"public","gbt_tstz_consistent(internal,timestamp with time zone,smallint,oid,internal)","gbt_tstz_consistent","internal, timestamp with time zone, smallint, oid, internal","boolean","supabase_admin","c","false","i","","anon","true","SEE function-callers inventory; dynamic callers UNKNOWN","UNCLASSIFIED","UNDECIDED","UNKNOWN"
"public","gbt_tstz_consistent(internal,timestamp with time zone,smallint,oid,internal)","gbt_tstz_consistent","internal, timestamp with time zone, smallint, oid, internal","boolean","supabase_admin","c","false","i","","authenticated","true","SEE function-callers inventory; dynamic callers UNKNOWN","UNCLASSIFIED","UNDECIDED","UNKNOWN"
"public","gbt_tstz_consistent(internal,timestamp with time zone,smallint,oid,internal)","gbt_tstz_consistent","internal, timestamp with time zone, smallint, oid, internal","boolean","supabase_admin","c","false","i","","PUBLIC","true","SEE function-callers inventory; dynamic callers UNKNOWN","UNCLASSIFIED","UNDECIDED","UNKNOWN"
"public","gbt_tstz_consistent(internal,timestamp with time zone,smallint,oid,internal)","gbt_tstz_consistent","internal, timestamp with time zone, smallint, oid, internal","boolean","supabase_admin","c","false","i","","service_role","true","SEE function-callers inventory; dynamic callers UNKNOWN","UNCLASSIFIED","UNDECIDED","UNKNOWN"
"public","gbt_tstz_distance(internal,timestamp with time zone,smallint,oid,internal)","gbt_tstz_distance","internal, timestamp with time zone, smallint, oid, internal","double precision","supabase_admin","c","false","i","","anon","true","SEE function-callers inventory; dynamic callers UNKNOWN","UNCLASSIFIED","UNDECIDED","UNKNOWN"
"public","gbt_tstz_distance(internal,timestamp with time zone,smallint,oid,internal)","gbt_tstz_distance","internal, timestamp with time zone, smallint, oid, internal","double precision","supabase_admin","c","false","i","","authenticated","true","SEE function-callers inventory; dynamic callers UNKNOWN","UNCLASSIFIED","UNDECIDED","UNKNOWN"
"public","gbt_tstz_distance(internal,timestamp with time zone,smallint,oid,internal)","gbt_tstz_distance","internal, timestamp with time zone, smallint, oid, internal","double precision","supabase_admin","c","false","i","","PUBLIC","true","SEE function-callers inventory; dynamic callers UNKNOWN","UNCLASSIFIED","UNDECIDED","UNKNOWN"
"public","gbt_tstz_distance(internal,timestamp with time zone,smallint,oid,internal)","gbt_tstz_distance","internal, timestamp with time zone, smallint, oid, internal","double precision","supabase_admin","c","false","i","","service_role","true","SEE function-callers inventory; dynamic callers UNKNOWN","UNCLASSIFIED","UNDECIDED","UNKNOWN"
"public","gbt_uuid_compress(internal)","gbt_uuid_compress","internal","internal","supabase_admin","c","false","i","","anon","true","SEE function-callers inventory; dynamic callers UNKNOWN","UNCLASSIFIED","UNDECIDED","UNKNOWN"
"public","gbt_uuid_compress(internal)","gbt_uuid_compress","internal","internal","supabase_admin","c","false","i","","authenticated","true","SEE function-callers inventory; dynamic callers UNKNOWN","UNCLASSIFIED","UNDECIDED","UNKNOWN"
"public","gbt_uuid_compress(internal)","gbt_uuid_compress","internal","internal","supabase_admin","c","false","i","","PUBLIC","true","SEE function-callers inventory; dynamic callers UNKNOWN","UNCLASSIFIED","UNDECIDED","UNKNOWN"
"public","gbt_uuid_compress(internal)","gbt_uuid_compress","internal","internal","supabase_admin","c","false","i","","service_role","true","SEE function-callers inventory; dynamic callers UNKNOWN","UNCLASSIFIED","UNDECIDED","UNKNOWN"
"public","gbt_uuid_consistent(internal,uuid,smallint,oid,internal)","gbt_uuid_consistent","internal, uuid, smallint, oid, internal","boolean","supabase_admin","c","false","i","","anon","true","SEE function-callers inventory; dynamic callers UNKNOWN","UNCLASSIFIED","UNDECIDED","UNKNOWN"
"public","gbt_uuid_consistent(internal,uuid,smallint,oid,internal)","gbt_uuid_consistent","internal, uuid, smallint, oid, internal","boolean","supabase_admin","c","false","i","","authenticated","true","SEE function-callers inventory; dynamic callers UNKNOWN","UNCLASSIFIED","UNDECIDED","UNKNOWN"
"public","gbt_uuid_consistent(internal,uuid,smallint,oid,internal)","gbt_uuid_consistent","internal, uuid, smallint, oid, internal","boolean","supabase_admin","c","false","i","","PUBLIC","true","SEE function-callers inventory; dynamic callers UNKNOWN","UNCLASSIFIED","UNDECIDED","UNKNOWN"
"public","gbt_uuid_consistent(internal,uuid,smallint,oid,internal)","gbt_uuid_consistent","internal, uuid, smallint, oid, internal","boolean","supabase_admin","c","false","i","","service_role","true","SEE function-callers inventory; dynamic callers UNKNOWN","UNCLASSIFIED","UNDECIDED","UNKNOWN"
"public","gbt_uuid_fetch(internal)","gbt_uuid_fetch","internal","internal","supabase_admin","c","false","i","","anon","true","SEE function-callers inventory; dynamic callers UNKNOWN","UNCLASSIFIED","UNDECIDED","UNKNOWN"
"public","gbt_uuid_fetch(internal)","gbt_uuid_fetch","internal","internal","supabase_admin","c","false","i","","authenticated","true","SEE function-callers inventory; dynamic callers UNKNOWN","UNCLASSIFIED","UNDECIDED","UNKNOWN"
"public","gbt_uuid_fetch(internal)","gbt_uuid_fetch","internal","internal","supabase_admin","c","false","i","","PUBLIC","true","SEE function-callers inventory; dynamic callers UNKNOWN","UNCLASSIFIED","UNDECIDED","UNKNOWN"
"public","gbt_uuid_fetch(internal)","gbt_uuid_fetch","internal","internal","supabase_admin","c","false","i","","service_role","true","SEE function-callers inventory; dynamic callers UNKNOWN","UNCLASSIFIED","UNDECIDED","UNKNOWN"
"public","gbt_uuid_penalty(internal,internal,internal)","gbt_uuid_penalty","internal, internal, internal","internal","supabase_admin","c","false","i","","anon","true","SEE function-callers inventory; dynamic callers UNKNOWN","UNCLASSIFIED","UNDECIDED","UNKNOWN"
"public","gbt_uuid_penalty(internal,internal,internal)","gbt_uuid_penalty","internal, internal, internal","internal","supabase_admin","c","false","i","","authenticated","true","SEE function-callers inventory; dynamic callers UNKNOWN","UNCLASSIFIED","UNDECIDED","UNKNOWN"
"public","gbt_uuid_penalty(internal,internal,internal)","gbt_uuid_penalty","internal, internal, internal","internal","supabase_admin","c","false","i","","PUBLIC","true","SEE function-callers inventory; dynamic callers UNKNOWN","UNCLASSIFIED","UNDECIDED","UNKNOWN"
"public","gbt_uuid_penalty(internal,internal,internal)","gbt_uuid_penalty","internal, internal, internal","internal","supabase_admin","c","false","i","","service_role","true","SEE function-callers inventory; dynamic callers UNKNOWN","UNCLASSIFIED","UNDECIDED","UNKNOWN"
"public","gbt_uuid_picksplit(internal,internal)","gbt_uuid_picksplit","internal, internal","internal","supabase_admin","c","false","i","","anon","true","SEE function-callers inventory; dynamic callers UNKNOWN","UNCLASSIFIED","UNDECIDED","UNKNOWN"
"public","gbt_uuid_picksplit(internal,internal)","gbt_uuid_picksplit","internal, internal","internal","supabase_admin","c","false","i","","authenticated","true","SEE function-callers inventory; dynamic callers UNKNOWN","UNCLASSIFIED","UNDECIDED","UNKNOWN"
"public","gbt_uuid_picksplit(internal,internal)","gbt_uuid_picksplit","internal, internal","internal","supabase_admin","c","false","i","","PUBLIC","true","SEE function-callers inventory; dynamic callers UNKNOWN","UNCLASSIFIED","UNDECIDED","UNKNOWN"
"public","gbt_uuid_picksplit(internal,internal)","gbt_uuid_picksplit","internal, internal","internal","supabase_admin","c","false","i","","service_role","true","SEE function-callers inventory; dynamic callers UNKNOWN","UNCLASSIFIED","UNDECIDED","UNKNOWN"
"public","gbt_uuid_same(gbtreekey32,gbtreekey32,internal)","gbt_uuid_same","gbtreekey32, gbtreekey32, internal","internal","supabase_admin","c","false","i","","anon","true","SEE function-callers inventory; dynamic callers UNKNOWN","UNCLASSIFIED","UNDECIDED","UNKNOWN"
"public","gbt_uuid_same(gbtreekey32,gbtreekey32,internal)","gbt_uuid_same","gbtreekey32, gbtreekey32, internal","internal","supabase_admin","c","false","i","","authenticated","true","SEE function-callers inventory; dynamic callers UNKNOWN","UNCLASSIFIED","UNDECIDED","UNKNOWN"
"public","gbt_uuid_same(gbtreekey32,gbtreekey32,internal)","gbt_uuid_same","gbtreekey32, gbtreekey32, internal","internal","supabase_admin","c","false","i","","PUBLIC","true","SEE function-callers inventory; dynamic callers UNKNOWN","UNCLASSIFIED","UNDECIDED","UNKNOWN"
"public","gbt_uuid_same(gbtreekey32,gbtreekey32,internal)","gbt_uuid_same","gbtreekey32, gbtreekey32, internal","internal","supabase_admin","c","false","i","","service_role","true","SEE function-callers inventory; dynamic callers UNKNOWN","UNCLASSIFIED","UNDECIDED","UNKNOWN"
"public","gbt_uuid_union(internal,internal)","gbt_uuid_union","internal, internal","gbtreekey32","supabase_admin","c","false","i","","anon","true","SEE function-callers inventory; dynamic callers UNKNOWN","UNCLASSIFIED","UNDECIDED","UNKNOWN"
"public","gbt_uuid_union(internal,internal)","gbt_uuid_union","internal, internal","gbtreekey32","supabase_admin","c","false","i","","authenticated","true","SEE function-callers inventory; dynamic callers UNKNOWN","UNCLASSIFIED","UNDECIDED","UNKNOWN"
"public","gbt_uuid_union(internal,internal)","gbt_uuid_union","internal, internal","gbtreekey32","supabase_admin","c","false","i","","PUBLIC","true","SEE function-callers inventory; dynamic callers UNKNOWN","UNCLASSIFIED","UNDECIDED","UNKNOWN"
"public","gbt_uuid_union(internal,internal)","gbt_uuid_union","internal, internal","gbtreekey32","supabase_admin","c","false","i","","service_role","true","SEE function-callers inventory; dynamic callers UNKNOWN","UNCLASSIFIED","UNDECIDED","UNKNOWN"
"public","gbt_var_decompress(internal)","gbt_var_decompress","internal","internal","supabase_admin","c","false","i","","anon","true","SEE function-callers inventory; dynamic callers UNKNOWN","UNCLASSIFIED","UNDECIDED","UNKNOWN"
"public","gbt_var_decompress(internal)","gbt_var_decompress","internal","internal","supabase_admin","c","false","i","","authenticated","true","SEE function-callers inventory; dynamic callers UNKNOWN","UNCLASSIFIED","UNDECIDED","UNKNOWN"
"public","gbt_var_decompress(internal)","gbt_var_decompress","internal","internal","supabase_admin","c","false","i","","PUBLIC","true","SEE function-callers inventory; dynamic callers UNKNOWN","UNCLASSIFIED","UNDECIDED","UNKNOWN"
"public","gbt_var_decompress(internal)","gbt_var_decompress","internal","internal","supabase_admin","c","false","i","","service_role","true","SEE function-callers inventory; dynamic callers UNKNOWN","UNCLASSIFIED","UNDECIDED","UNKNOWN"
"public","gbt_var_fetch(internal)","gbt_var_fetch","internal","internal","supabase_admin","c","false","i","","anon","true","SEE function-callers inventory; dynamic callers UNKNOWN","UNCLASSIFIED","UNDECIDED","UNKNOWN"
"public","gbt_var_fetch(internal)","gbt_var_fetch","internal","internal","supabase_admin","c","false","i","","authenticated","true","SEE function-callers inventory; dynamic callers UNKNOWN","UNCLASSIFIED","UNDECIDED","UNKNOWN"
"public","gbt_var_fetch(internal)","gbt_var_fetch","internal","internal","supabase_admin","c","false","i","","PUBLIC","true","SEE function-callers inventory; dynamic callers UNKNOWN","UNCLASSIFIED","UNDECIDED","UNKNOWN"
"public","gbt_var_fetch(internal)","gbt_var_fetch","internal","internal","supabase_admin","c","false","i","","service_role","true","SEE function-callers inventory; dynamic callers UNKNOWN","UNCLASSIFIED","UNDECIDED","UNKNOWN"
"public","gbtreekey_var_in(cstring)","gbtreekey_var_in","cstring","gbtreekey_var","supabase_admin","c","false","i","","anon","true","SEE function-callers inventory; dynamic callers UNKNOWN","UNCLASSIFIED","UNDECIDED","UNKNOWN"
"public","gbtreekey_var_in(cstring)","gbtreekey_var_in","cstring","gbtreekey_var","supabase_admin","c","false","i","","authenticated","true","SEE function-callers inventory; dynamic callers UNKNOWN","UNCLASSIFIED","UNDECIDED","UNKNOWN"
"public","gbtreekey_var_in(cstring)","gbtreekey_var_in","cstring","gbtreekey_var","supabase_admin","c","false","i","","PUBLIC","true","SEE function-callers inventory; dynamic callers UNKNOWN","UNCLASSIFIED","UNDECIDED","UNKNOWN"
"public","gbtreekey_var_in(cstring)","gbtreekey_var_in","cstring","gbtreekey_var","supabase_admin","c","false","i","","service_role","true","SEE function-callers inventory; dynamic callers UNKNOWN","UNCLASSIFIED","UNDECIDED","UNKNOWN"
"public","gbtreekey_var_out(gbtreekey_var)","gbtreekey_var_out","gbtreekey_var","cstring","supabase_admin","c","false","i","","anon","true","SEE function-callers inventory; dynamic callers UNKNOWN","UNCLASSIFIED","UNDECIDED","UNKNOWN"
"public","gbtreekey_var_out(gbtreekey_var)","gbtreekey_var_out","gbtreekey_var","cstring","supabase_admin","c","false","i","","authenticated","true","SEE function-callers inventory; dynamic callers UNKNOWN","UNCLASSIFIED","UNDECIDED","UNKNOWN"
"public","gbtreekey_var_out(gbtreekey_var)","gbtreekey_var_out","gbtreekey_var","cstring","supabase_admin","c","false","i","","PUBLIC","true","SEE function-callers inventory; dynamic callers UNKNOWN","UNCLASSIFIED","UNDECIDED","UNKNOWN"
"public","gbtreekey_var_out(gbtreekey_var)","gbtreekey_var_out","gbtreekey_var","cstring","supabase_admin","c","false","i","","service_role","true","SEE function-callers inventory; dynamic callers UNKNOWN","UNCLASSIFIED","UNDECIDED","UNKNOWN"
"public","gbtreekey16_in(cstring)","gbtreekey16_in","cstring","gbtreekey16","supabase_admin","c","false","i","","anon","true","SEE function-callers inventory; dynamic callers UNKNOWN","UNCLASSIFIED","UNDECIDED","UNKNOWN"
"public","gbtreekey16_in(cstring)","gbtreekey16_in","cstring","gbtreekey16","supabase_admin","c","false","i","","authenticated","true","SEE function-callers inventory; dynamic callers UNKNOWN","UNCLASSIFIED","UNDECIDED","UNKNOWN"
"public","gbtreekey16_in(cstring)","gbtreekey16_in","cstring","gbtreekey16","supabase_admin","c","false","i","","PUBLIC","true","SEE function-callers inventory; dynamic callers UNKNOWN","UNCLASSIFIED","UNDECIDED","UNKNOWN"
"public","gbtreekey16_in(cstring)","gbtreekey16_in","cstring","gbtreekey16","supabase_admin","c","false","i","","service_role","true","SEE function-callers inventory; dynamic callers UNKNOWN","UNCLASSIFIED","UNDECIDED","UNKNOWN"
"public","gbtreekey16_out(gbtreekey16)","gbtreekey16_out","gbtreekey16","cstring","supabase_admin","c","false","i","","anon","true","SEE function-callers inventory; dynamic callers UNKNOWN","UNCLASSIFIED","UNDECIDED","UNKNOWN"
"public","gbtreekey16_out(gbtreekey16)","gbtreekey16_out","gbtreekey16","cstring","supabase_admin","c","false","i","","authenticated","true","SEE function-callers inventory; dynamic callers UNKNOWN","UNCLASSIFIED","UNDECIDED","UNKNOWN"
"public","gbtreekey16_out(gbtreekey16)","gbtreekey16_out","gbtreekey16","cstring","supabase_admin","c","false","i","","PUBLIC","true","SEE function-callers inventory; dynamic callers UNKNOWN","UNCLASSIFIED","UNDECIDED","UNKNOWN"
"public","gbtreekey16_out(gbtreekey16)","gbtreekey16_out","gbtreekey16","cstring","supabase_admin","c","false","i","","service_role","true","SEE function-callers inventory; dynamic callers UNKNOWN","UNCLASSIFIED","UNDECIDED","UNKNOWN"
"public","gbtreekey2_in(cstring)","gbtreekey2_in","cstring","gbtreekey2","supabase_admin","c","false","i","","anon","true","SEE function-callers inventory; dynamic callers UNKNOWN","UNCLASSIFIED","UNDECIDED","UNKNOWN"
"public","gbtreekey2_in(cstring)","gbtreekey2_in","cstring","gbtreekey2","supabase_admin","c","false","i","","authenticated","true","SEE function-callers inventory; dynamic callers UNKNOWN","UNCLASSIFIED","UNDECIDED","UNKNOWN"
"public","gbtreekey2_in(cstring)","gbtreekey2_in","cstring","gbtreekey2","supabase_admin","c","false","i","","PUBLIC","true","SEE function-callers inventory; dynamic callers UNKNOWN","UNCLASSIFIED","UNDECIDED","UNKNOWN"
"public","gbtreekey2_in(cstring)","gbtreekey2_in","cstring","gbtreekey2","supabase_admin","c","false","i","","service_role","true","SEE function-callers inventory; dynamic callers UNKNOWN","UNCLASSIFIED","UNDECIDED","UNKNOWN"
"public","gbtreekey2_out(gbtreekey2)","gbtreekey2_out","gbtreekey2","cstring","supabase_admin","c","false","i","","anon","true","SEE function-callers inventory; dynamic callers UNKNOWN","UNCLASSIFIED","UNDECIDED","UNKNOWN"
"public","gbtreekey2_out(gbtreekey2)","gbtreekey2_out","gbtreekey2","cstring","supabase_admin","c","false","i","","authenticated","true","SEE function-callers inventory; dynamic callers UNKNOWN","UNCLASSIFIED","UNDECIDED","UNKNOWN"
"public","gbtreekey2_out(gbtreekey2)","gbtreekey2_out","gbtreekey2","cstring","supabase_admin","c","false","i","","PUBLIC","true","SEE function-callers inventory; dynamic callers UNKNOWN","UNCLASSIFIED","UNDECIDED","UNKNOWN"
"public","gbtreekey2_out(gbtreekey2)","gbtreekey2_out","gbtreekey2","cstring","supabase_admin","c","false","i","","service_role","true","SEE function-callers inventory; dynamic callers UNKNOWN","UNCLASSIFIED","UNDECIDED","UNKNOWN"
"public","gbtreekey32_in(cstring)","gbtreekey32_in","cstring","gbtreekey32","supabase_admin","c","false","i","","anon","true","SEE function-callers inventory; dynamic callers UNKNOWN","UNCLASSIFIED","UNDECIDED","UNKNOWN"
"public","gbtreekey32_in(cstring)","gbtreekey32_in","cstring","gbtreekey32","supabase_admin","c","false","i","","authenticated","true","SEE function-callers inventory; dynamic callers UNKNOWN","UNCLASSIFIED","UNDECIDED","UNKNOWN"
"public","gbtreekey32_in(cstring)","gbtreekey32_in","cstring","gbtreekey32","supabase_admin","c","false","i","","PUBLIC","true","SEE function-callers inventory; dynamic callers UNKNOWN","UNCLASSIFIED","UNDECIDED","UNKNOWN"
"public","gbtreekey32_in(cstring)","gbtreekey32_in","cstring","gbtreekey32","supabase_admin","c","false","i","","service_role","true","SEE function-callers inventory; dynamic callers UNKNOWN","UNCLASSIFIED","UNDECIDED","UNKNOWN"
"public","gbtreekey32_out(gbtreekey32)","gbtreekey32_out","gbtreekey32","cstring","supabase_admin","c","false","i","","anon","true","SEE function-callers inventory; dynamic callers UNKNOWN","UNCLASSIFIED","UNDECIDED","UNKNOWN"
"public","gbtreekey32_out(gbtreekey32)","gbtreekey32_out","gbtreekey32","cstring","supabase_admin","c","false","i","","authenticated","true","SEE function-callers inventory; dynamic callers UNKNOWN","UNCLASSIFIED","UNDECIDED","UNKNOWN"
"public","gbtreekey32_out(gbtreekey32)","gbtreekey32_out","gbtreekey32","cstring","supabase_admin","c","false","i","","PUBLIC","true","SEE function-callers inventory; dynamic callers UNKNOWN","UNCLASSIFIED","UNDECIDED","UNKNOWN"
"public","gbtreekey32_out(gbtreekey32)","gbtreekey32_out","gbtreekey32","cstring","supabase_admin","c","false","i","","service_role","true","SEE function-callers inventory; dynamic callers UNKNOWN","UNCLASSIFIED","UNDECIDED","UNKNOWN"
"public","gbtreekey4_in(cstring)","gbtreekey4_in","cstring","gbtreekey4","supabase_admin","c","false","i","","anon","true","SEE function-callers inventory; dynamic callers UNKNOWN","UNCLASSIFIED","UNDECIDED","UNKNOWN"
"public","gbtreekey4_in(cstring)","gbtreekey4_in","cstring","gbtreekey4","supabase_admin","c","false","i","","authenticated","true","SEE function-callers inventory; dynamic callers UNKNOWN","UNCLASSIFIED","UNDECIDED","UNKNOWN"
"public","gbtreekey4_in(cstring)","gbtreekey4_in","cstring","gbtreekey4","supabase_admin","c","false","i","","PUBLIC","true","SEE function-callers inventory; dynamic callers UNKNOWN","UNCLASSIFIED","UNDECIDED","UNKNOWN"
"public","gbtreekey4_in(cstring)","gbtreekey4_in","cstring","gbtreekey4","supabase_admin","c","false","i","","service_role","true","SEE function-callers inventory; dynamic callers UNKNOWN","UNCLASSIFIED","UNDECIDED","UNKNOWN"
"public","gbtreekey4_out(gbtreekey4)","gbtreekey4_out","gbtreekey4","cstring","supabase_admin","c","false","i","","anon","true","SEE function-callers inventory; dynamic callers UNKNOWN","UNCLASSIFIED","UNDECIDED","UNKNOWN"
"public","gbtreekey4_out(gbtreekey4)","gbtreekey4_out","gbtreekey4","cstring","supabase_admin","c","false","i","","authenticated","true","SEE function-callers inventory; dynamic callers UNKNOWN","UNCLASSIFIED","UNDECIDED","UNKNOWN"
"public","gbtreekey4_out(gbtreekey4)","gbtreekey4_out","gbtreekey4","cstring","supabase_admin","c","false","i","","PUBLIC","true","SEE function-callers inventory; dynamic callers UNKNOWN","UNCLASSIFIED","UNDECIDED","UNKNOWN"
"public","gbtreekey4_out(gbtreekey4)","gbtreekey4_out","gbtreekey4","cstring","supabase_admin","c","false","i","","service_role","true","SEE function-callers inventory; dynamic callers UNKNOWN","UNCLASSIFIED","UNDECIDED","UNKNOWN"
"public","gbtreekey8_in(cstring)","gbtreekey8_in","cstring","gbtreekey8","supabase_admin","c","false","i","","anon","true","SEE function-callers inventory; dynamic callers UNKNOWN","UNCLASSIFIED","UNDECIDED","UNKNOWN"
"public","gbtreekey8_in(cstring)","gbtreekey8_in","cstring","gbtreekey8","supabase_admin","c","false","i","","authenticated","true","SEE function-callers inventory; dynamic callers UNKNOWN","UNCLASSIFIED","UNDECIDED","UNKNOWN"
"public","gbtreekey8_in(cstring)","gbtreekey8_in","cstring","gbtreekey8","supabase_admin","c","false","i","","PUBLIC","true","SEE function-callers inventory; dynamic callers UNKNOWN","UNCLASSIFIED","UNDECIDED","UNKNOWN"
"public","gbtreekey8_in(cstring)","gbtreekey8_in","cstring","gbtreekey8","supabase_admin","c","false","i","","service_role","true","SEE function-callers inventory; dynamic callers UNKNOWN","UNCLASSIFIED","UNDECIDED","UNKNOWN"
"public","gbtreekey8_out(gbtreekey8)","gbtreekey8_out","gbtreekey8","cstring","supabase_admin","c","false","i","","anon","true","SEE function-callers inventory; dynamic callers UNKNOWN","UNCLASSIFIED","UNDECIDED","UNKNOWN"
"public","gbtreekey8_out(gbtreekey8)","gbtreekey8_out","gbtreekey8","cstring","supabase_admin","c","false","i","","authenticated","true","SEE function-callers inventory; dynamic callers UNKNOWN","UNCLASSIFIED","UNDECIDED","UNKNOWN"
"public","gbtreekey8_out(gbtreekey8)","gbtreekey8_out","gbtreekey8","cstring","supabase_admin","c","false","i","","PUBLIC","true","SEE function-callers inventory; dynamic callers UNKNOWN","UNCLASSIFIED","UNDECIDED","UNKNOWN"
"public","gbtreekey8_out(gbtreekey8)","gbtreekey8_out","gbtreekey8","cstring","supabase_admin","c","false","i","","service_role","true","SEE function-callers inventory; dynamic callers UNKNOWN","UNCLASSIFIED","UNDECIDED","UNKNOWN"
"public","get_available_time_slots(uuid,date,integer,integer)","get_available_time_slots","p_staff_id uuid, p_date date, p_duration_minutes integer, p_slot_interval_minutes integer","TABLE(time_slot time without time zone, is_available boolean, conflict_reason text)","postgres","plpgsql","false","v","search_path=public, auth, extensions","anon","true","SEE function-callers inventory; dynamic callers UNKNOWN","UNCLASSIFIED","UNDECIDED","UNKNOWN"
"public","get_available_time_slots(uuid,date,integer,integer)","get_available_time_slots","p_staff_id uuid, p_date date, p_duration_minutes integer, p_slot_interval_minutes integer","TABLE(time_slot time without time zone, is_available boolean, conflict_reason text)","postgres","plpgsql","false","v","search_path=public, auth, extensions","authenticated","true","SEE function-callers inventory; dynamic callers UNKNOWN","UNCLASSIFIED","UNDECIDED","UNKNOWN"
"public","get_available_time_slots(uuid,date,integer,integer)","get_available_time_slots","p_staff_id uuid, p_date date, p_duration_minutes integer, p_slot_interval_minutes integer","TABLE(time_slot time without time zone, is_available boolean, conflict_reason text)","postgres","plpgsql","false","v","search_path=public, auth, extensions","PUBLIC","true","SEE function-callers inventory; dynamic callers UNKNOWN","UNCLASSIFIED","UNDECIDED","UNKNOWN"
"public","get_available_time_slots(uuid,date,integer,integer)","get_available_time_slots","p_staff_id uuid, p_date date, p_duration_minutes integer, p_slot_interval_minutes integer","TABLE(time_slot time without time zone, is_available boolean, conflict_reason text)","postgres","plpgsql","false","v","search_path=public, auth, extensions","service_role","true","SEE function-callers inventory; dynamic callers UNKNOWN","UNCLASSIFIED","UNDECIDED","UNKNOWN"
"public","get_clinic_settings(uuid,text)","get_clinic_settings","p_clinic_id uuid, p_category text","jsonb","postgres","plpgsql","true","v","search_path=public","anon","false","SEE function-callers inventory; dynamic callers UNKNOWN","UNCLASSIFIED","UNDECIDED","UNKNOWN"
"public","get_clinic_settings(uuid,text)","get_clinic_settings","p_clinic_id uuid, p_category text","jsonb","postgres","plpgsql","true","v","search_path=public","authenticated","false","SEE function-callers inventory; dynamic callers UNKNOWN","UNCLASSIFIED","UNDECIDED","UNKNOWN"
"public","get_clinic_settings(uuid,text)","get_clinic_settings","p_clinic_id uuid, p_category text","jsonb","postgres","plpgsql","true","v","search_path=public","PUBLIC","false","SEE function-callers inventory; dynamic callers UNKNOWN","UNCLASSIFIED","UNDECIDED","UNKNOWN"
"public","get_clinic_settings(uuid,text)","get_clinic_settings","p_clinic_id uuid, p_category text","jsonb","postgres","plpgsql","true","v","search_path=public","service_role","true","SEE function-callers inventory; dynamic callers UNKNOWN","UNCLASSIFIED","UNDECIDED","UNKNOWN"
"public","get_current_clinic_id()","get_current_clinic_id","","uuid","postgres","plpgsql","true","s","search_path=public, auth, extensions","anon","false","SEE function-callers inventory; dynamic callers UNKNOWN","UNCLASSIFIED","UNDECIDED","UNKNOWN"
"public","get_current_clinic_id()","get_current_clinic_id","","uuid","postgres","plpgsql","true","s","search_path=public, auth, extensions","authenticated","false","SEE function-callers inventory; dynamic callers UNKNOWN","UNCLASSIFIED","UNDECIDED","UNKNOWN"
"public","get_current_clinic_id()","get_current_clinic_id","","uuid","postgres","plpgsql","true","s","search_path=public, auth, extensions","PUBLIC","false","SEE function-callers inventory; dynamic callers UNKNOWN","UNCLASSIFIED","UNDECIDED","UNKNOWN"
"public","get_current_clinic_id()","get_current_clinic_id","","uuid","postgres","plpgsql","true","s","search_path=public, auth, extensions","service_role","true","SEE function-callers inventory; dynamic callers UNKNOWN","UNCLASSIFIED","UNDECIDED","UNKNOWN"
"public","get_current_role()","get_current_role","","text","postgres","plpgsql","true","s","search_path=public, auth, extensions","anon","false","SEE function-callers inventory; dynamic callers UNKNOWN","UNCLASSIFIED","UNDECIDED","UNKNOWN"
"public","get_current_role()","get_current_role","","text","postgres","plpgsql","true","s","search_path=public, auth, extensions","authenticated","false","SEE function-callers inventory; dynamic callers UNKNOWN","UNCLASSIFIED","UNDECIDED","UNKNOWN"
"public","get_current_role()","get_current_role","","text","postgres","plpgsql","true","s","search_path=public, auth, extensions","PUBLIC","false","SEE function-callers inventory; dynamic callers UNKNOWN","UNCLASSIFIED","UNDECIDED","UNKNOWN"
"public","get_current_role()","get_current_role","","text","postgres","plpgsql","true","s","search_path=public, auth, extensions","service_role","true","SEE function-callers inventory; dynamic callers UNKNOWN","UNCLASSIFIED","UNDECIDED","UNKNOWN"
"public","get_hourly_revenue_pattern(uuid)","get_hourly_revenue_pattern","clinic_uuid uuid","TABLE(hour_of_day integer, total_revenue numeric, transaction_count integer, avg_transaction_amount numeric)","postgres","plpgsql","false","v","search_path=public, auth, extensions","anon","true","SEE function-callers inventory; dynamic callers UNKNOWN","UNCLASSIFIED","UNDECIDED","UNKNOWN"
"public","get_hourly_revenue_pattern(uuid)","get_hourly_revenue_pattern","clinic_uuid uuid","TABLE(hour_of_day integer, total_revenue numeric, transaction_count integer, avg_transaction_amount numeric)","postgres","plpgsql","false","v","search_path=public, auth, extensions","authenticated","true","SEE function-callers inventory; dynamic callers UNKNOWN","UNCLASSIFIED","UNDECIDED","UNKNOWN"
"public","get_hourly_revenue_pattern(uuid)","get_hourly_revenue_pattern","clinic_uuid uuid","TABLE(hour_of_day integer, total_revenue numeric, transaction_count integer, avg_transaction_amount numeric)","postgres","plpgsql","false","v","search_path=public, auth, extensions","PUBLIC","true","SEE function-callers inventory; dynamic callers UNKNOWN","UNCLASSIFIED","UNDECIDED","UNKNOWN"
"public","get_hourly_revenue_pattern(uuid)","get_hourly_revenue_pattern","clinic_uuid uuid","TABLE(hour_of_day integer, total_revenue numeric, transaction_count integer, avg_transaction_amount numeric)","postgres","plpgsql","false","v","search_path=public, auth, extensions","service_role","true","SEE function-callers inventory; dynamic callers UNKNOWN","UNCLASSIFIED","UNDECIDED","UNKNOWN"
"public","get_hourly_visit_pattern(uuid)","get_hourly_visit_pattern","clinic_uuid uuid","TABLE(hour_of_day integer, day_of_week integer, visit_count integer, avg_revenue numeric)","postgres","plpgsql","false","v","search_path=public, auth, extensions","anon","false","SEE function-callers inventory; dynamic callers UNKNOWN","UNCLASSIFIED","UNDECIDED","UNKNOWN"
"public","get_hourly_visit_pattern(uuid)","get_hourly_visit_pattern","clinic_uuid uuid","TABLE(hour_of_day integer, day_of_week integer, visit_count integer, avg_revenue numeric)","postgres","plpgsql","false","v","search_path=public, auth, extensions","authenticated","false","SEE function-callers inventory; dynamic callers UNKNOWN","UNCLASSIFIED","UNDECIDED","UNKNOWN"
"public","get_hourly_visit_pattern(uuid)","get_hourly_visit_pattern","clinic_uuid uuid","TABLE(hour_of_day integer, day_of_week integer, visit_count integer, avg_revenue numeric)","postgres","plpgsql","false","v","search_path=public, auth, extensions","PUBLIC","false","SEE function-callers inventory; dynamic callers UNKNOWN","UNCLASSIFIED","UNDECIDED","UNKNOWN"
"public","get_hourly_visit_pattern(uuid)","get_hourly_visit_pattern","clinic_uuid uuid","TABLE(hour_of_day integer, day_of_week integer, visit_count integer, avg_revenue numeric)","postgres","plpgsql","false","v","search_path=public, auth, extensions","service_role","true","SEE function-callers inventory; dynamic callers UNKNOWN","UNCLASSIFIED","UNDECIDED","UNKNOWN"
"public","get_invite_by_token(uuid)","get_invite_by_token","invite_token uuid","TABLE(id uuid, clinic_id uuid, email character varying, role character varying, expires_at timestamp with time zone, accepted_at timestamp with time zone, clinic_name text)","postgres","plpgsql","true","v","search_path=public","anon","false","SEE function-callers inventory; dynamic callers UNKNOWN","UNCLASSIFIED","UNDECIDED","UNKNOWN"
"public","get_invite_by_token(uuid)","get_invite_by_token","invite_token uuid","TABLE(id uuid, clinic_id uuid, email character varying, role character varying, expires_at timestamp with time zone, accepted_at timestamp with time zone, clinic_name text)","postgres","plpgsql","true","v","search_path=public","authenticated","false","SEE function-callers inventory; dynamic callers UNKNOWN","UNCLASSIFIED","UNDECIDED","UNKNOWN"
"public","get_invite_by_token(uuid)","get_invite_by_token","invite_token uuid","TABLE(id uuid, clinic_id uuid, email character varying, role character varying, expires_at timestamp with time zone, accepted_at timestamp with time zone, clinic_name text)","postgres","plpgsql","true","v","search_path=public","PUBLIC","false","SEE function-callers inventory; dynamic callers UNKNOWN","UNCLASSIFIED","UNDECIDED","UNKNOWN"
"public","get_invite_by_token(uuid)","get_invite_by_token","invite_token uuid","TABLE(id uuid, clinic_id uuid, email character varying, role character varying, expires_at timestamp with time zone, accepted_at timestamp with time zone, clinic_name text)","postgres","plpgsql","true","v","search_path=public","service_role","true","SEE function-callers inventory; dynamic callers UNKNOWN","UNCLASSIFIED","UNDECIDED","UNKNOWN"
"public","get_line_public_booking_context(uuid)","get_line_public_booking_context","p_clinic_id uuid","TABLE(line_booking_enabled boolean, credential_generation_id uuid, is_active boolean, liff_id text, login_channel_id text, oa_basic_id text, provider_identity_verified_at timestamp with time zone)","postgres","sql","false","s","search_path=pg_catalog, public","anon","false","SEE function-callers inventory; dynamic callers UNKNOWN","UNCLASSIFIED","UNDECIDED","UNKNOWN"
"public","get_line_public_booking_context(uuid)","get_line_public_booking_context","p_clinic_id uuid","TABLE(line_booking_enabled boolean, credential_generation_id uuid, is_active boolean, liff_id text, login_channel_id text, oa_basic_id text, provider_identity_verified_at timestamp with time zone)","postgres","sql","false","s","search_path=pg_catalog, public","authenticated","false","SEE function-callers inventory; dynamic callers UNKNOWN","UNCLASSIFIED","UNDECIDED","UNKNOWN"
"public","get_line_public_booking_context(uuid)","get_line_public_booking_context","p_clinic_id uuid","TABLE(line_booking_enabled boolean, credential_generation_id uuid, is_active boolean, liff_id text, login_channel_id text, oa_basic_id text, provider_identity_verified_at timestamp with time zone)","postgres","sql","false","s","search_path=pg_catalog, public","PUBLIC","false","SEE function-callers inventory; dynamic callers UNKNOWN","UNCLASSIFIED","UNDECIDED","UNKNOWN"
"public","get_line_public_booking_context(uuid)","get_line_public_booking_context","p_clinic_id uuid","TABLE(line_booking_enabled boolean, credential_generation_id uuid, is_active boolean, liff_id text, login_channel_id text, oa_basic_id text, provider_identity_verified_at timestamp with time zone)","postgres","sql","false","s","search_path=pg_catalog, public","service_role","true","SEE function-callers inventory; dynamic callers UNKNOWN","UNCLASSIFIED","UNDECIDED","UNKNOWN"
"public","get_sibling_clinic_ids(uuid)","get_sibling_clinic_ids","clinic_id uuid","uuid[]","postgres","plpgsql","true","s","search_path=public, auth, extensions","anon","false","SEE function-callers inventory; dynamic callers UNKNOWN","UNCLASSIFIED","UNDECIDED","UNKNOWN"
"public","get_sibling_clinic_ids(uuid)","get_sibling_clinic_ids","clinic_id uuid","uuid[]","postgres","plpgsql","true","s","search_path=public, auth, extensions","authenticated","false","SEE function-callers inventory; dynamic callers UNKNOWN","UNCLASSIFIED","UNDECIDED","UNKNOWN"
"public","get_sibling_clinic_ids(uuid)","get_sibling_clinic_ids","clinic_id uuid","uuid[]","postgres","plpgsql","true","s","search_path=public, auth, extensions","PUBLIC","false","SEE function-callers inventory; dynamic callers UNKNOWN","UNCLASSIFIED","UNDECIDED","UNKNOWN"
"public","get_sibling_clinic_ids(uuid)","get_sibling_clinic_ids","clinic_id uuid","uuid[]","postgres","plpgsql","true","s","search_path=public, auth, extensions","service_role","true","SEE function-callers inventory; dynamic callers UNKNOWN","UNCLASSIFIED","UNDECIDED","UNKNOWN"
"public","initialize_customer_line_generation()","initialize_customer_line_generation","","trigger","postgres","plpgsql","false","v","search_path=pg_catalog, public","anon","false","SEE function-callers inventory; dynamic callers UNKNOWN","UNCLASSIFIED","UNDECIDED","UNKNOWN"
"public","initialize_customer_line_generation()","initialize_customer_line_generation","","trigger","postgres","plpgsql","false","v","search_path=pg_catalog, public","authenticated","false","SEE function-callers inventory; dynamic callers UNKNOWN","UNCLASSIFIED","UNDECIDED","UNKNOWN"
"public","initialize_customer_line_generation()","initialize_customer_line_generation","","trigger","postgres","plpgsql","false","v","search_path=pg_catalog, public","PUBLIC","false","SEE function-callers inventory; dynamic callers UNKNOWN","UNCLASSIFIED","UNDECIDED","UNKNOWN"
"public","initialize_customer_line_generation()","initialize_customer_line_generation","","trigger","postgres","plpgsql","false","v","search_path=pg_catalog, public","service_role","true","SEE function-callers inventory; dynamic callers UNKNOWN","UNCLASSIFIED","UNDECIDED","UNKNOWN"
"public","initialize_line_credential_generation()","initialize_line_credential_generation","","trigger","postgres","plpgsql","false","v","search_path=pg_catalog, public","anon","false","SEE function-callers inventory; dynamic callers UNKNOWN","UNCLASSIFIED","UNDECIDED","UNKNOWN"
"public","initialize_line_credential_generation()","initialize_line_credential_generation","","trigger","postgres","plpgsql","false","v","search_path=pg_catalog, public","authenticated","false","SEE function-callers inventory; dynamic callers UNKNOWN","UNCLASSIFIED","UNDECIDED","UNKNOWN"
"public","initialize_line_credential_generation()","initialize_line_credential_generation","","trigger","postgres","plpgsql","false","v","search_path=pg_catalog, public","PUBLIC","false","SEE function-callers inventory; dynamic callers UNKNOWN","UNCLASSIFIED","UNDECIDED","UNKNOWN"
"public","initialize_line_credential_generation()","initialize_line_credential_generation","","trigger","postgres","plpgsql","false","v","search_path=pg_catalog, public","service_role","true","SEE function-callers inventory; dynamic callers UNKNOWN","UNCLASSIFIED","UNDECIDED","UNKNOWN"
"public","initialize_line_message_outbox_generation()","initialize_line_message_outbox_generation","","trigger","postgres","plpgsql","false","v","search_path=pg_catalog, public","anon","false","SEE function-callers inventory; dynamic callers UNKNOWN","UNCLASSIFIED","UNDECIDED","UNKNOWN"
"public","initialize_line_message_outbox_generation()","initialize_line_message_outbox_generation","","trigger","postgres","plpgsql","false","v","search_path=pg_catalog, public","authenticated","false","SEE function-callers inventory; dynamic callers UNKNOWN","UNCLASSIFIED","UNDECIDED","UNKNOWN"
"public","initialize_line_message_outbox_generation()","initialize_line_message_outbox_generation","","trigger","postgres","plpgsql","false","v","search_path=pg_catalog, public","PUBLIC","false","SEE function-callers inventory; dynamic callers UNKNOWN","UNCLASSIFIED","UNDECIDED","UNKNOWN"
"public","initialize_line_message_outbox_generation()","initialize_line_message_outbox_generation","","trigger","postgres","plpgsql","false","v","search_path=pg_catalog, public","service_role","true","SEE function-callers inventory; dynamic callers UNKNOWN","UNCLASSIFIED","UNDECIDED","UNKNOWN"
"public","int2_dist(smallint,smallint)","int2_dist","smallint, smallint","smallint","supabase_admin","c","false","i","","anon","true","SEE function-callers inventory; dynamic callers UNKNOWN","UNCLASSIFIED","UNDECIDED","UNKNOWN"
"public","int2_dist(smallint,smallint)","int2_dist","smallint, smallint","smallint","supabase_admin","c","false","i","","authenticated","true","SEE function-callers inventory; dynamic callers UNKNOWN","UNCLASSIFIED","UNDECIDED","UNKNOWN"
"public","int2_dist(smallint,smallint)","int2_dist","smallint, smallint","smallint","supabase_admin","c","false","i","","PUBLIC","true","SEE function-callers inventory; dynamic callers UNKNOWN","UNCLASSIFIED","UNDECIDED","UNKNOWN"
"public","int2_dist(smallint,smallint)","int2_dist","smallint, smallint","smallint","supabase_admin","c","false","i","","service_role","true","SEE function-callers inventory; dynamic callers UNKNOWN","UNCLASSIFIED","UNDECIDED","UNKNOWN"
"public","int4_dist(integer,integer)","int4_dist","integer, integer","integer","supabase_admin","c","false","i","","anon","true","SEE function-callers inventory; dynamic callers UNKNOWN","UNCLASSIFIED","UNDECIDED","UNKNOWN"
"public","int4_dist(integer,integer)","int4_dist","integer, integer","integer","supabase_admin","c","false","i","","authenticated","true","SEE function-callers inventory; dynamic callers UNKNOWN","UNCLASSIFIED","UNDECIDED","UNKNOWN"
"public","int4_dist(integer,integer)","int4_dist","integer, integer","integer","supabase_admin","c","false","i","","PUBLIC","true","SEE function-callers inventory; dynamic callers UNKNOWN","UNCLASSIFIED","UNDECIDED","UNKNOWN"
"public","int4_dist(integer,integer)","int4_dist","integer, integer","integer","supabase_admin","c","false","i","","service_role","true","SEE function-callers inventory; dynamic callers UNKNOWN","UNCLASSIFIED","UNDECIDED","UNKNOWN"
"public","int8_dist(bigint,bigint)","int8_dist","bigint, bigint","bigint","supabase_admin","c","false","i","","anon","true","SEE function-callers inventory; dynamic callers UNKNOWN","UNCLASSIFIED","UNDECIDED","UNKNOWN"
"public","int8_dist(bigint,bigint)","int8_dist","bigint, bigint","bigint","supabase_admin","c","false","i","","authenticated","true","SEE function-callers inventory; dynamic callers UNKNOWN","UNCLASSIFIED","UNDECIDED","UNKNOWN"
"public","int8_dist(bigint,bigint)","int8_dist","bigint, bigint","bigint","supabase_admin","c","false","i","","PUBLIC","true","SEE function-callers inventory; dynamic callers UNKNOWN","UNCLASSIFIED","UNDECIDED","UNKNOWN"
"public","int8_dist(bigint,bigint)","int8_dist","bigint, bigint","bigint","supabase_admin","c","false","i","","service_role","true","SEE function-callers inventory; dynamic callers UNKNOWN","UNCLASSIFIED","UNDECIDED","UNKNOWN"
"public","interval_dist(interval,interval)","interval_dist","interval, interval","interval","supabase_admin","c","false","i","","anon","true","SEE function-callers inventory; dynamic callers UNKNOWN","UNCLASSIFIED","UNDECIDED","UNKNOWN"
"public","interval_dist(interval,interval)","interval_dist","interval, interval","interval","supabase_admin","c","false","i","","authenticated","true","SEE function-callers inventory; dynamic callers UNKNOWN","UNCLASSIFIED","UNDECIDED","UNKNOWN"
"public","interval_dist(interval,interval)","interval_dist","interval, interval","interval","supabase_admin","c","false","i","","PUBLIC","true","SEE function-callers inventory; dynamic callers UNKNOWN","UNCLASSIFIED","UNDECIDED","UNKNOWN"
"public","interval_dist(interval,interval)","interval_dist","interval, interval","interval","supabase_admin","c","false","i","","service_role","true","SEE function-callers inventory; dynamic callers UNKNOWN","UNCLASSIFIED","UNDECIDED","UNKNOWN"
"public","is_admin()","is_admin","","boolean","postgres","plpgsql","true","s","search_path=public, auth, extensions","anon","false","SEE function-callers inventory; dynamic callers UNKNOWN","UNCLASSIFIED","UNDECIDED","UNKNOWN"
"public","is_admin()","is_admin","","boolean","postgres","plpgsql","true","s","search_path=public, auth, extensions","authenticated","false","SEE function-callers inventory; dynamic callers UNKNOWN","UNCLASSIFIED","UNDECIDED","UNKNOWN"
"public","is_admin()","is_admin","","boolean","postgres","plpgsql","true","s","search_path=public, auth, extensions","PUBLIC","false","SEE function-callers inventory; dynamic callers UNKNOWN","UNCLASSIFIED","UNDECIDED","UNKNOWN"
"public","is_admin()","is_admin","","boolean","postgres","plpgsql","true","s","search_path=public, auth, extensions","service_role","true","SEE function-callers inventory; dynamic callers UNKNOWN","UNCLASSIFIED","UNDECIDED","UNKNOWN"
"public","jwt_clinic_id()","jwt_clinic_id","","uuid","postgres","plpgsql","true","s","search_path=public, auth, extensions","anon","false","SEE function-callers inventory; dynamic callers UNKNOWN","UNCLASSIFIED","UNDECIDED","UNKNOWN"
"public","jwt_clinic_id()","jwt_clinic_id","","uuid","postgres","plpgsql","true","s","search_path=public, auth, extensions","authenticated","false","SEE function-callers inventory; dynamic callers UNKNOWN","UNCLASSIFIED","UNDECIDED","UNKNOWN"
"public","jwt_clinic_id()","jwt_clinic_id","","uuid","postgres","plpgsql","true","s","search_path=public, auth, extensions","PUBLIC","false","SEE function-callers inventory; dynamic callers UNKNOWN","UNCLASSIFIED","UNDECIDED","UNKNOWN"
"public","jwt_clinic_id()","jwt_clinic_id","","uuid","postgres","plpgsql","true","s","search_path=public, auth, extensions","service_role","true","SEE function-callers inventory; dynamic callers UNKNOWN","UNCLASSIFIED","UNDECIDED","UNKNOWN"
"public","jwt_is_admin()","jwt_is_admin","","boolean","postgres","plpgsql","true","s","search_path=public, auth, extensions","anon","false","SEE function-callers inventory; dynamic callers UNKNOWN","UNCLASSIFIED","UNDECIDED","UNKNOWN"
"public","jwt_is_admin()","jwt_is_admin","","boolean","postgres","plpgsql","true","s","search_path=public, auth, extensions","authenticated","false","SEE function-callers inventory; dynamic callers UNKNOWN","UNCLASSIFIED","UNDECIDED","UNKNOWN"
"public","jwt_is_admin()","jwt_is_admin","","boolean","postgres","plpgsql","true","s","search_path=public, auth, extensions","PUBLIC","false","SEE function-callers inventory; dynamic callers UNKNOWN","UNCLASSIFIED","UNDECIDED","UNKNOWN"
"public","jwt_is_admin()","jwt_is_admin","","boolean","postgres","plpgsql","true","s","search_path=public, auth, extensions","service_role","true","SEE function-callers inventory; dynamic callers UNKNOWN","UNCLASSIFIED","UNDECIDED","UNKNOWN"
"public","list_authorized_line_chat_messages(uuid,uuid,uuid)","list_authorized_line_chat_messages","p_clinic_id uuid, p_conversation_id uuid, p_actor_user_id uuid","TABLE(direction text, id uuid, message_type text, occurred_at timestamp with time zone, status text, text_content text)","postgres","plpgsql","false","v","search_path=pg_catalog, public","anon","false","SEE function-callers inventory; dynamic callers UNKNOWN","UNCLASSIFIED","UNDECIDED","UNKNOWN"
"public","list_authorized_line_chat_messages(uuid,uuid,uuid)","list_authorized_line_chat_messages","p_clinic_id uuid, p_conversation_id uuid, p_actor_user_id uuid","TABLE(direction text, id uuid, message_type text, occurred_at timestamp with time zone, status text, text_content text)","postgres","plpgsql","false","v","search_path=pg_catalog, public","authenticated","false","SEE function-callers inventory; dynamic callers UNKNOWN","UNCLASSIFIED","UNDECIDED","UNKNOWN"
"public","list_authorized_line_chat_messages(uuid,uuid,uuid)","list_authorized_line_chat_messages","p_clinic_id uuid, p_conversation_id uuid, p_actor_user_id uuid","TABLE(direction text, id uuid, message_type text, occurred_at timestamp with time zone, status text, text_content text)","postgres","plpgsql","false","v","search_path=pg_catalog, public","PUBLIC","false","SEE function-callers inventory; dynamic callers UNKNOWN","UNCLASSIFIED","UNDECIDED","UNKNOWN"
"public","list_authorized_line_chat_messages(uuid,uuid,uuid)","list_authorized_line_chat_messages","p_clinic_id uuid, p_conversation_id uuid, p_actor_user_id uuid","TABLE(direction text, id uuid, message_type text, occurred_at timestamp with time zone, status text, text_content text)","postgres","plpgsql","false","v","search_path=pg_catalog, public","service_role","true","SEE function-callers inventory; dynamic callers UNKNOWN","UNCLASSIFIED","UNDECIDED","UNKNOWN"
"public","list_line_chat_delivery_clinics(integer)","list_line_chat_delivery_clinics","p_limit integer","TABLE(clinic_id uuid)","postgres","plpgsql","false","v","search_path=pg_catalog, public","anon","false","SEE function-callers inventory; dynamic callers UNKNOWN","UNCLASSIFIED","UNDECIDED","UNKNOWN"
"public","list_line_chat_delivery_clinics(integer)","list_line_chat_delivery_clinics","p_limit integer","TABLE(clinic_id uuid)","postgres","plpgsql","false","v","search_path=pg_catalog, public","authenticated","false","SEE function-callers inventory; dynamic callers UNKNOWN","UNCLASSIFIED","UNDECIDED","UNKNOWN"
"public","list_line_chat_delivery_clinics(integer)","list_line_chat_delivery_clinics","p_limit integer","TABLE(clinic_id uuid)","postgres","plpgsql","false","v","search_path=pg_catalog, public","PUBLIC","false","SEE function-callers inventory; dynamic callers UNKNOWN","UNCLASSIFIED","UNDECIDED","UNKNOWN"
"public","list_line_chat_delivery_clinics(integer)","list_line_chat_delivery_clinics","p_limit integer","TABLE(clinic_id uuid)","postgres","plpgsql","false","v","search_path=pg_catalog, public","service_role","true","SEE function-callers inventory; dynamic callers UNKNOWN","UNCLASSIFIED","UNDECIDED","UNKNOWN"
"public","log_reservation_created()","log_reservation_created","","trigger","postgres","plpgsql","true","v","search_path=public, auth, extensions","anon","false","SEE function-callers inventory; dynamic callers UNKNOWN","UNCLASSIFIED","UNDECIDED","UNKNOWN"
"public","log_reservation_created()","log_reservation_created","","trigger","postgres","plpgsql","true","v","search_path=public, auth, extensions","authenticated","false","SEE function-callers inventory; dynamic callers UNKNOWN","UNCLASSIFIED","UNDECIDED","UNKNOWN"
"public","log_reservation_created()","log_reservation_created","","trigger","postgres","plpgsql","true","v","search_path=public, auth, extensions","PUBLIC","false","SEE function-callers inventory; dynamic callers UNKNOWN","UNCLASSIFIED","UNDECIDED","UNKNOWN"
"public","log_reservation_created()","log_reservation_created","","trigger","postgres","plpgsql","true","v","search_path=public, auth, extensions","service_role","true","SEE function-callers inventory; dynamic callers UNKNOWN","UNCLASSIFIED","UNDECIDED","UNKNOWN"
"public","log_reservation_deleted()","log_reservation_deleted","","trigger","postgres","plpgsql","true","v","search_path=public, auth, extensions","anon","false","SEE function-callers inventory; dynamic callers UNKNOWN","UNCLASSIFIED","UNDECIDED","UNKNOWN"
"public","log_reservation_deleted()","log_reservation_deleted","","trigger","postgres","plpgsql","true","v","search_path=public, auth, extensions","authenticated","false","SEE function-callers inventory; dynamic callers UNKNOWN","UNCLASSIFIED","UNDECIDED","UNKNOWN"
"public","log_reservation_deleted()","log_reservation_deleted","","trigger","postgres","plpgsql","true","v","search_path=public, auth, extensions","PUBLIC","false","SEE function-callers inventory; dynamic callers UNKNOWN","UNCLASSIFIED","UNDECIDED","UNKNOWN"
"public","log_reservation_deleted()","log_reservation_deleted","","trigger","postgres","plpgsql","true","v","search_path=public, auth, extensions","service_role","true","SEE function-callers inventory; dynamic callers UNKNOWN","UNCLASSIFIED","UNDECIDED","UNKNOWN"
"public","log_reservation_updated()","log_reservation_updated","","trigger","postgres","plpgsql","true","v","search_path=public, auth, extensions","anon","false","SEE function-callers inventory; dynamic callers UNKNOWN","UNCLASSIFIED","UNDECIDED","UNKNOWN"
"public","log_reservation_updated()","log_reservation_updated","","trigger","postgres","plpgsql","true","v","search_path=public, auth, extensions","authenticated","false","SEE function-callers inventory; dynamic callers UNKNOWN","UNCLASSIFIED","UNDECIDED","UNKNOWN"
"public","log_reservation_updated()","log_reservation_updated","","trigger","postgres","plpgsql","true","v","search_path=public, auth, extensions","PUBLIC","false","SEE function-callers inventory; dynamic callers UNKNOWN","UNCLASSIFIED","UNDECIDED","UNKNOWN"
"public","log_reservation_updated()","log_reservation_updated","","trigger","postgres","plpgsql","true","v","search_path=public, auth, extensions","service_role","true","SEE function-callers inventory; dynamic callers UNKNOWN","UNCLASSIFIED","UNDECIDED","UNKNOWN"
"public","manager_patient_period_series(uuid[],timestamp with time zone,timestamp with time zone,text)","manager_patient_period_series","p_clinic_ids uuid[], p_start timestamp with time zone, p_end timestamp with time zone, p_bucket text","TABLE(bucket_start date, bucket_end date, patient_count bigint, new_patients bigint, repeat_patients bigint, converted_new_patients bigint, visit_count bigint, total_revenue numeric)","postgres","sql","false","s","search_path=public","anon","false","SEE function-callers inventory; dynamic callers UNKNOWN","UNCLASSIFIED","UNDECIDED","UNKNOWN"
"public","manager_patient_period_series(uuid[],timestamp with time zone,timestamp with time zone,text)","manager_patient_period_series","p_clinic_ids uuid[], p_start timestamp with time zone, p_end timestamp with time zone, p_bucket text","TABLE(bucket_start date, bucket_end date, patient_count bigint, new_patients bigint, repeat_patients bigint, converted_new_patients bigint, visit_count bigint, total_revenue numeric)","postgres","sql","false","s","search_path=public","authenticated","false","SEE function-callers inventory; dynamic callers UNKNOWN","UNCLASSIFIED","UNDECIDED","UNKNOWN"
"public","manager_patient_period_series(uuid[],timestamp with time zone,timestamp with time zone,text)","manager_patient_period_series","p_clinic_ids uuid[], p_start timestamp with time zone, p_end timestamp with time zone, p_bucket text","TABLE(bucket_start date, bucket_end date, patient_count bigint, new_patients bigint, repeat_patients bigint, converted_new_patients bigint, visit_count bigint, total_revenue numeric)","postgres","sql","false","s","search_path=public","PUBLIC","false","SEE function-callers inventory; dynamic callers UNKNOWN","UNCLASSIFIED","UNDECIDED","UNKNOWN"
"public","manager_patient_period_series(uuid[],timestamp with time zone,timestamp with time zone,text)","manager_patient_period_series","p_clinic_ids uuid[], p_start timestamp with time zone, p_end timestamp with time zone, p_bucket text","TABLE(bucket_start date, bucket_end date, patient_count bigint, new_patients bigint, repeat_patients bigint, converted_new_patients bigint, visit_count bigint, total_revenue numeric)","postgres","sql","false","s","search_path=public","service_role","true","SEE function-callers inventory; dynamic callers UNKNOWN","UNCLASSIFIED","UNDECIDED","UNKNOWN"
"public","manager_patient_period_totals(uuid[],timestamp with time zone,timestamp with time zone)","manager_patient_period_totals","p_clinic_ids uuid[], p_start timestamp with time zone, p_end timestamp with time zone","TABLE(clinic_id uuid, patient_count bigint, new_patients bigint, repeat_patients bigint, converted_new_patients bigint, visit_count bigint, total_revenue numeric)","postgres","sql","false","s","search_path=public","anon","false","SEE function-callers inventory; dynamic callers UNKNOWN","UNCLASSIFIED","UNDECIDED","UNKNOWN"
"public","manager_patient_period_totals(uuid[],timestamp with time zone,timestamp with time zone)","manager_patient_period_totals","p_clinic_ids uuid[], p_start timestamp with time zone, p_end timestamp with time zone","TABLE(clinic_id uuid, patient_count bigint, new_patients bigint, repeat_patients bigint, converted_new_patients bigint, visit_count bigint, total_revenue numeric)","postgres","sql","false","s","search_path=public","authenticated","false","SEE function-callers inventory; dynamic callers UNKNOWN","UNCLASSIFIED","UNDECIDED","UNKNOWN"
"public","manager_patient_period_totals(uuid[],timestamp with time zone,timestamp with time zone)","manager_patient_period_totals","p_clinic_ids uuid[], p_start timestamp with time zone, p_end timestamp with time zone","TABLE(clinic_id uuid, patient_count bigint, new_patients bigint, repeat_patients bigint, converted_new_patients bigint, visit_count bigint, total_revenue numeric)","postgres","sql","false","s","search_path=public","PUBLIC","false","SEE function-callers inventory; dynamic callers UNKNOWN","UNCLASSIFIED","UNDECIDED","UNKNOWN"
"public","manager_patient_period_totals(uuid[],timestamp with time zone,timestamp with time zone)","manager_patient_period_totals","p_clinic_ids uuid[], p_start timestamp with time zone, p_end timestamp with time zone","TABLE(clinic_id uuid, patient_count bigint, new_patients bigint, repeat_patients bigint, converted_new_patients bigint, visit_count bigint, total_revenue numeric)","postgres","sql","false","s","search_path=public","service_role","true","SEE function-callers inventory; dynamic callers UNKNOWN","UNCLASSIFIED","UNDECIDED","UNKNOWN"
"public","manager_revenue_context_breakdown(uuid[],date,date)","manager_revenue_context_breakdown","p_clinic_ids uuid[], p_start date, p_end date","TABLE(revenue_context_code text, revenue_context_name text, total_revenue numeric, item_count bigint, needs_review_count bigint, blocked_count bigint)","postgres","sql","false","s","search_path=public","anon","false","SEE function-callers inventory; dynamic callers UNKNOWN","UNCLASSIFIED","UNDECIDED","UNKNOWN"
"public","manager_revenue_context_breakdown(uuid[],date,date)","manager_revenue_context_breakdown","p_clinic_ids uuid[], p_start date, p_end date","TABLE(revenue_context_code text, revenue_context_name text, total_revenue numeric, item_count bigint, needs_review_count bigint, blocked_count bigint)","postgres","sql","false","s","search_path=public","authenticated","false","SEE function-callers inventory; dynamic callers UNKNOWN","UNCLASSIFIED","UNDECIDED","UNKNOWN"
"public","manager_revenue_context_breakdown(uuid[],date,date)","manager_revenue_context_breakdown","p_clinic_ids uuid[], p_start date, p_end date","TABLE(revenue_context_code text, revenue_context_name text, total_revenue numeric, item_count bigint, needs_review_count bigint, blocked_count bigint)","postgres","sql","false","s","search_path=public","PUBLIC","false","SEE function-callers inventory; dynamic callers UNKNOWN","UNCLASSIFIED","UNDECIDED","UNKNOWN"
"public","manager_revenue_context_breakdown(uuid[],date,date)","manager_revenue_context_breakdown","p_clinic_ids uuid[], p_start date, p_end date","TABLE(revenue_context_code text, revenue_context_name text, total_revenue numeric, item_count bigint, needs_review_count bigint, blocked_count bigint)","postgres","sql","false","s","search_path=public","service_role","true","SEE function-callers inventory; dynamic callers UNKNOWN","UNCLASSIFIED","UNDECIDED","UNKNOWN"
"public","manager_revenue_period_series(uuid[],date,date,text)","manager_revenue_period_series","p_clinic_ids uuid[], p_start date, p_end date, p_bucket text","TABLE(bucket_start date, bucket_end date, operating_revenue numeric, insurance_revenue numeric, private_revenue numeric, visit_count bigint)","postgres","sql","false","s","search_path=public","anon","false","SEE function-callers inventory; dynamic callers UNKNOWN","UNCLASSIFIED","UNDECIDED","UNKNOWN"
"public","manager_revenue_period_series(uuid[],date,date,text)","manager_revenue_period_series","p_clinic_ids uuid[], p_start date, p_end date, p_bucket text","TABLE(bucket_start date, bucket_end date, operating_revenue numeric, insurance_revenue numeric, private_revenue numeric, visit_count bigint)","postgres","sql","false","s","search_path=public","authenticated","false","SEE function-callers inventory; dynamic callers UNKNOWN","UNCLASSIFIED","UNDECIDED","UNKNOWN"
"public","manager_revenue_period_series(uuid[],date,date,text)","manager_revenue_period_series","p_clinic_ids uuid[], p_start date, p_end date, p_bucket text","TABLE(bucket_start date, bucket_end date, operating_revenue numeric, insurance_revenue numeric, private_revenue numeric, visit_count bigint)","postgres","sql","false","s","search_path=public","PUBLIC","false","SEE function-callers inventory; dynamic callers UNKNOWN","UNCLASSIFIED","UNDECIDED","UNKNOWN"
"public","manager_revenue_period_series(uuid[],date,date,text)","manager_revenue_period_series","p_clinic_ids uuid[], p_start date, p_end date, p_bucket text","TABLE(bucket_start date, bucket_end date, operating_revenue numeric, insurance_revenue numeric, private_revenue numeric, visit_count bigint)","postgres","sql","false","s","search_path=public","service_role","true","SEE function-callers inventory; dynamic callers UNKNOWN","UNCLASSIFIED","UNDECIDED","UNKNOWN"
"public","manager_revenue_period_totals(uuid[],date,date)","manager_revenue_period_totals","p_clinic_ids uuid[], p_start date, p_end date","TABLE(clinic_id uuid, operating_revenue numeric, insurance_revenue numeric, private_revenue numeric, product_revenue numeric, ticket_revenue numeric, traffic_accident_revenue numeric, workers_comp_revenue numeric, patient_copay_estimated numeric, insurer_receivable_estimated numeric, private_revenue_estimated numeric, visit_count bigint, report_days bigint, missing_report_days bigint, needs_review_count bigint, blocked_count bigint, first_report_date date)","postgres","sql","false","s","search_path=public","anon","false","SEE function-callers inventory; dynamic callers UNKNOWN","UNCLASSIFIED","UNDECIDED","UNKNOWN"
"public","manager_revenue_period_totals(uuid[],date,date)","manager_revenue_period_totals","p_clinic_ids uuid[], p_start date, p_end date","TABLE(clinic_id uuid, operating_revenue numeric, insurance_revenue numeric, private_revenue numeric, product_revenue numeric, ticket_revenue numeric, traffic_accident_revenue numeric, workers_comp_revenue numeric, patient_copay_estimated numeric, insurer_receivable_estimated numeric, private_revenue_estimated numeric, visit_count bigint, report_days bigint, missing_report_days bigint, needs_review_count bigint, blocked_count bigint, first_report_date date)","postgres","sql","false","s","search_path=public","authenticated","false","SEE function-callers inventory; dynamic callers UNKNOWN","UNCLASSIFIED","UNDECIDED","UNKNOWN"
"public","manager_revenue_period_totals(uuid[],date,date)","manager_revenue_period_totals","p_clinic_ids uuid[], p_start date, p_end date","TABLE(clinic_id uuid, operating_revenue numeric, insurance_revenue numeric, private_revenue numeric, product_revenue numeric, ticket_revenue numeric, traffic_accident_revenue numeric, workers_comp_revenue numeric, patient_copay_estimated numeric, insurer_receivable_estimated numeric, private_revenue_estimated numeric, visit_count bigint, report_days bigint, missing_report_days bigint, needs_review_count bigint, blocked_count bigint, first_report_date date)","postgres","sql","false","s","search_path=public","PUBLIC","false","SEE function-callers inventory; dynamic callers UNKNOWN","UNCLASSIFIED","UNDECIDED","UNKNOWN"
"public","manager_revenue_period_totals(uuid[],date,date)","manager_revenue_period_totals","p_clinic_ids uuid[], p_start date, p_end date","TABLE(clinic_id uuid, operating_revenue numeric, insurance_revenue numeric, private_revenue numeric, product_revenue numeric, ticket_revenue numeric, traffic_accident_revenue numeric, workers_comp_revenue numeric, patient_copay_estimated numeric, insurer_receivable_estimated numeric, private_revenue_estimated numeric, visit_count bigint, report_days bigint, missing_report_days bigint, needs_review_count bigint, blocked_count bigint, first_report_date date)","postgres","sql","false","s","search_path=public","service_role","true","SEE function-callers inventory; dynamic callers UNKNOWN","UNCLASSIFIED","UNDECIDED","UNKNOWN"
"public","normalize_customer_phone(text)","normalize_customer_phone","input text","text","postgres","sql","false","i","search_path=public, auth, extensions","anon","true","SEE function-callers inventory; dynamic callers UNKNOWN","UNCLASSIFIED","UNDECIDED","UNKNOWN"
"public","normalize_customer_phone(text)","normalize_customer_phone","input text","text","postgres","sql","false","i","search_path=public, auth, extensions","authenticated","true","SEE function-callers inventory; dynamic callers UNKNOWN","UNCLASSIFIED","UNDECIDED","UNKNOWN"
"public","normalize_customer_phone(text)","normalize_customer_phone","input text","text","postgres","sql","false","i","search_path=public, auth, extensions","PUBLIC","true","SEE function-callers inventory; dynamic callers UNKNOWN","UNCLASSIFIED","UNDECIDED","UNKNOWN"
"public","normalize_customer_phone(text)","normalize_customer_phone","input text","text","postgres","sql","false","i","search_path=public, auth, extensions","service_role","true","SEE function-callers inventory; dynamic callers UNKNOWN","UNCLASSIFIED","UNDECIDED","UNKNOWN"
"public","oid_dist(oid,oid)","oid_dist","oid, oid","oid","supabase_admin","c","false","i","","anon","true","SEE function-callers inventory; dynamic callers UNKNOWN","UNCLASSIFIED","UNDECIDED","UNKNOWN"
"public","oid_dist(oid,oid)","oid_dist","oid, oid","oid","supabase_admin","c","false","i","","authenticated","true","SEE function-callers inventory; dynamic callers UNKNOWN","UNCLASSIFIED","UNDECIDED","UNKNOWN"
"public","oid_dist(oid,oid)","oid_dist","oid, oid","oid","supabase_admin","c","false","i","","PUBLIC","true","SEE function-callers inventory; dynamic callers UNKNOWN","UNCLASSIFIED","UNDECIDED","UNKNOWN"
"public","oid_dist(oid,oid)","oid_dist","oid, oid","oid","supabase_admin","c","false","i","","service_role","true","SEE function-callers inventory; dynamic callers UNKNOWN","UNCLASSIFIED","UNDECIDED","UNKNOWN"
"public","predict_revenue(uuid,integer)","predict_revenue","clinic_uuid uuid, forecast_days integer","TABLE(forecast_date date, predicted_revenue numeric, confidence_level character varying)","postgres","plpgsql","false","v","search_path=public, auth, extensions","anon","true","SEE function-callers inventory; dynamic callers UNKNOWN","UNCLASSIFIED","UNDECIDED","UNKNOWN"
"public","predict_revenue(uuid,integer)","predict_revenue","clinic_uuid uuid, forecast_days integer","TABLE(forecast_date date, predicted_revenue numeric, confidence_level character varying)","postgres","plpgsql","false","v","search_path=public, auth, extensions","authenticated","true","SEE function-callers inventory; dynamic callers UNKNOWN","UNCLASSIFIED","UNDECIDED","UNKNOWN"
"public","predict_revenue(uuid,integer)","predict_revenue","clinic_uuid uuid, forecast_days integer","TABLE(forecast_date date, predicted_revenue numeric, confidence_level character varying)","postgres","plpgsql","false","v","search_path=public, auth, extensions","PUBLIC","true","SEE function-callers inventory; dynamic callers UNKNOWN","UNCLASSIFIED","UNDECIDED","UNKNOWN"
"public","predict_revenue(uuid,integer)","predict_revenue","clinic_uuid uuid, forecast_days integer","TABLE(forecast_date date, predicted_revenue numeric, confidence_level character varying)","postgres","plpgsql","false","v","search_path=public, auth, extensions","service_role","true","SEE function-callers inventory; dynamic callers UNKNOWN","UNCLASSIFIED","UNDECIDED","UNKNOWN"
"public","process_line_webhook_delivery(uuid,uuid,jsonb)","process_line_webhook_delivery","p_clinic_id uuid, p_credential_generation_id uuid, p_events jsonb","jsonb","postgres","plpgsql","false","v","search_path=pg_catalog, public","anon","false","SEE function-callers inventory; dynamic callers UNKNOWN","UNCLASSIFIED","UNDECIDED","UNKNOWN"
"public","process_line_webhook_delivery(uuid,uuid,jsonb)","process_line_webhook_delivery","p_clinic_id uuid, p_credential_generation_id uuid, p_events jsonb","jsonb","postgres","plpgsql","false","v","search_path=pg_catalog, public","authenticated","false","SEE function-callers inventory; dynamic callers UNKNOWN","UNCLASSIFIED","UNDECIDED","UNKNOWN"
"public","process_line_webhook_delivery(uuid,uuid,jsonb)","process_line_webhook_delivery","p_clinic_id uuid, p_credential_generation_id uuid, p_events jsonb","jsonb","postgres","plpgsql","false","v","search_path=pg_catalog, public","PUBLIC","false","SEE function-callers inventory; dynamic callers UNKNOWN","UNCLASSIFIED","UNDECIDED","UNKNOWN"
"public","process_line_webhook_delivery(uuid,uuid,jsonb)","process_line_webhook_delivery","p_clinic_id uuid, p_credential_generation_id uuid, p_events jsonb","jsonb","postgres","plpgsql","false","v","search_path=pg_catalog, public","service_role","true","SEE function-callers inventory; dynamic callers UNKNOWN","UNCLASSIFIED","UNDECIDED","UNKNOWN"
"public","protect_customer_line_identity()","protect_customer_line_identity","","trigger","postgres","plpgsql","false","v","search_path=pg_catalog, public","anon","false","SEE function-callers inventory; dynamic callers UNKNOWN","UNCLASSIFIED","UNDECIDED","UNKNOWN"
"public","protect_customer_line_identity()","protect_customer_line_identity","","trigger","postgres","plpgsql","false","v","search_path=pg_catalog, public","authenticated","false","SEE function-callers inventory; dynamic callers UNKNOWN","UNCLASSIFIED","UNDECIDED","UNKNOWN"
"public","protect_customer_line_identity()","protect_customer_line_identity","","trigger","postgres","plpgsql","false","v","search_path=pg_catalog, public","PUBLIC","false","SEE function-callers inventory; dynamic callers UNKNOWN","UNCLASSIFIED","UNDECIDED","UNKNOWN"
"public","protect_customer_line_identity()","protect_customer_line_identity","","trigger","postgres","plpgsql","false","v","search_path=pg_catalog, public","service_role","true","SEE function-callers inventory; dynamic callers UNKNOWN","UNCLASSIFIED","UNDECIDED","UNKNOWN"
"public","protect_insurance_fee_schedule_revision()","protect_insurance_fee_schedule_revision","","trigger","postgres","plpgsql","false","v","search_path=public, extensions","anon","false","SEE function-callers inventory; dynamic callers UNKNOWN","UNCLASSIFIED","UNDECIDED","UNKNOWN"
"public","protect_insurance_fee_schedule_revision()","protect_insurance_fee_schedule_revision","","trigger","postgres","plpgsql","false","v","search_path=public, extensions","authenticated","false","SEE function-callers inventory; dynamic callers UNKNOWN","UNCLASSIFIED","UNDECIDED","UNKNOWN"
"public","protect_insurance_fee_schedule_revision()","protect_insurance_fee_schedule_revision","","trigger","postgres","plpgsql","false","v","search_path=public, extensions","PUBLIC","false","SEE function-callers inventory; dynamic callers UNKNOWN","UNCLASSIFIED","UNDECIDED","UNKNOWN"
"public","protect_insurance_fee_schedule_revision()","protect_insurance_fee_schedule_revision","","trigger","postgres","plpgsql","false","v","search_path=public, extensions","service_role","true","SEE function-callers inventory; dynamic callers UNKNOWN","UNCLASSIFIED","UNDECIDED","UNKNOWN"
"public","purge_expired_line_chat_data(uuid)","purge_expired_line_chat_data","p_clinic_id uuid","TABLE(deleted_messages integer, deleted_webhook_events integer)","postgres","plpgsql","false","v","search_path=pg_catalog, public","anon","false","SEE function-callers inventory; dynamic callers UNKNOWN","UNCLASSIFIED","UNDECIDED","UNKNOWN"
"public","purge_expired_line_chat_data(uuid)","purge_expired_line_chat_data","p_clinic_id uuid","TABLE(deleted_messages integer, deleted_webhook_events integer)","postgres","plpgsql","false","v","search_path=pg_catalog, public","authenticated","false","SEE function-callers inventory; dynamic callers UNKNOWN","UNCLASSIFIED","UNDECIDED","UNKNOWN"
"public","purge_expired_line_chat_data(uuid)","purge_expired_line_chat_data","p_clinic_id uuid","TABLE(deleted_messages integer, deleted_webhook_events integer)","postgres","plpgsql","false","v","search_path=pg_catalog, public","PUBLIC","false","SEE function-callers inventory; dynamic callers UNKNOWN","UNCLASSIFIED","UNDECIDED","UNKNOWN"
"public","purge_expired_line_chat_data(uuid)","purge_expired_line_chat_data","p_clinic_id uuid","TABLE(deleted_messages integer, deleted_webhook_events integer)","postgres","plpgsql","false","v","search_path=pg_catalog, public","service_role","true","SEE function-callers inventory; dynamic callers UNKNOWN","UNCLASSIFIED","UNDECIDED","UNKNOWN"
"public","quarantine_unverified_line_notification_history()","quarantine_unverified_line_notification_history","","void","postgres","plpgsql","false","v","search_path=pg_catalog, public","anon","false","SEE function-callers inventory; dynamic callers UNKNOWN","UNCLASSIFIED","UNDECIDED","UNKNOWN"
"public","quarantine_unverified_line_notification_history()","quarantine_unverified_line_notification_history","","void","postgres","plpgsql","false","v","search_path=pg_catalog, public","authenticated","false","SEE function-callers inventory; dynamic callers UNKNOWN","UNCLASSIFIED","UNDECIDED","UNKNOWN"
"public","quarantine_unverified_line_notification_history()","quarantine_unverified_line_notification_history","","void","postgres","plpgsql","false","v","search_path=pg_catalog, public","PUBLIC","false","SEE function-callers inventory; dynamic callers UNKNOWN","UNCLASSIFIED","UNDECIDED","UNKNOWN"
"public","quarantine_unverified_line_notification_history()","quarantine_unverified_line_notification_history","","void","postgres","plpgsql","false","v","search_path=pg_catalog, public","service_role","true","SEE function-callers inventory; dynamic callers UNKNOWN","UNCLASSIFIED","UNDECIDED","UNKNOWN"
"public","recalculate_daily_report_totals(uuid)","recalculate_daily_report_totals","p_daily_report_id uuid","void","postgres","plpgsql","true","v","search_path=public","anon","false","SEE function-callers inventory; dynamic callers UNKNOWN","UNCLASSIFIED","UNDECIDED","UNKNOWN"
"public","recalculate_daily_report_totals(uuid)","recalculate_daily_report_totals","p_daily_report_id uuid","void","postgres","plpgsql","true","v","search_path=public","authenticated","false","SEE function-callers inventory; dynamic callers UNKNOWN","UNCLASSIFIED","UNDECIDED","UNKNOWN"
"public","recalculate_daily_report_totals(uuid)","recalculate_daily_report_totals","p_daily_report_id uuid","void","postgres","plpgsql","true","v","search_path=public","PUBLIC","false","SEE function-callers inventory; dynamic callers UNKNOWN","UNCLASSIFIED","UNDECIDED","UNKNOWN"
"public","recalculate_daily_report_totals(uuid)","recalculate_daily_report_totals","p_daily_report_id uuid","void","postgres","plpgsql","true","v","search_path=public","service_role","true","SEE function-callers inventory; dynamic callers UNKNOWN","UNCLASSIFIED","UNDECIDED","UNKNOWN"
"public","refresh_daily_stats()","refresh_daily_stats","","void","postgres","plpgsql","true","v","search_path=public, auth, extensions","anon","false","SEE function-callers inventory; dynamic callers UNKNOWN","UNCLASSIFIED","UNDECIDED","UNKNOWN"
"public","refresh_daily_stats()","refresh_daily_stats","","void","postgres","plpgsql","true","v","search_path=public, auth, extensions","authenticated","false","SEE function-callers inventory; dynamic callers UNKNOWN","UNCLASSIFIED","UNDECIDED","UNKNOWN"
"public","refresh_daily_stats()","refresh_daily_stats","","void","postgres","plpgsql","true","v","search_path=public, auth, extensions","PUBLIC","false","SEE function-callers inventory; dynamic callers UNKNOWN","UNCLASSIFIED","UNDECIDED","UNKNOWN"
"public","refresh_daily_stats()","refresh_daily_stats","","void","postgres","plpgsql","true","v","search_path=public, auth, extensions","service_role","true","SEE function-callers inventory; dynamic callers UNKNOWN","UNCLASSIFIED","UNDECIDED","UNKNOWN"
"public","reject_overlapping_confirmed_customer_coverage()","reject_overlapping_confirmed_customer_coverage","","trigger","postgres","plpgsql","false","v","search_path=public, auth, extensions","anon","false","SEE function-callers inventory; dynamic callers UNKNOWN","UNCLASSIFIED","UNDECIDED","UNKNOWN"
"public","reject_overlapping_confirmed_customer_coverage()","reject_overlapping_confirmed_customer_coverage","","trigger","postgres","plpgsql","false","v","search_path=public, auth, extensions","authenticated","false","SEE function-callers inventory; dynamic callers UNKNOWN","UNCLASSIFIED","UNDECIDED","UNKNOWN"
"public","reject_overlapping_confirmed_customer_coverage()","reject_overlapping_confirmed_customer_coverage","","trigger","postgres","plpgsql","false","v","search_path=public, auth, extensions","PUBLIC","false","SEE function-callers inventory; dynamic callers UNKNOWN","UNCLASSIFIED","UNDECIDED","UNKNOWN"
"public","reject_overlapping_confirmed_customer_coverage()","reject_overlapping_confirmed_customer_coverage","","trigger","postgres","plpgsql","false","v","search_path=public, auth, extensions","service_role","true","SEE function-callers inventory; dynamic callers UNKNOWN","UNCLASSIFIED","UNDECIDED","UNKNOWN"
"public","release_line_setup_verification_claim(uuid,uuid,uuid)","release_line_setup_verification_claim","p_clinic_id uuid, p_setup_session_id uuid, p_claim_token uuid","void","postgres","plpgsql","false","v","search_path=pg_catalog, public","anon","false","SEE function-callers inventory; dynamic callers UNKNOWN","UNCLASSIFIED","UNDECIDED","UNKNOWN"
"public","release_line_setup_verification_claim(uuid,uuid,uuid)","release_line_setup_verification_claim","p_clinic_id uuid, p_setup_session_id uuid, p_claim_token uuid","void","postgres","plpgsql","false","v","search_path=pg_catalog, public","authenticated","false","SEE function-callers inventory; dynamic callers UNKNOWN","UNCLASSIFIED","UNDECIDED","UNKNOWN"
"public","release_line_setup_verification_claim(uuid,uuid,uuid)","release_line_setup_verification_claim","p_clinic_id uuid, p_setup_session_id uuid, p_claim_token uuid","void","postgres","plpgsql","false","v","search_path=pg_catalog, public","PUBLIC","false","SEE function-callers inventory; dynamic callers UNKNOWN","UNCLASSIFIED","UNDECIDED","UNKNOWN"
"public","release_line_setup_verification_claim(uuid,uuid,uuid)","release_line_setup_verification_claim","p_clinic_id uuid, p_setup_session_id uuid, p_claim_token uuid","void","postgres","plpgsql","false","v","search_path=pg_catalog, public","service_role","true","SEE function-callers inventory; dynamic callers UNKNOWN","UNCLASSIFIED","UNDECIDED","UNKNOWN"
"public","relink_line_contact_generation(uuid,uuid,text,uuid)","relink_line_contact_generation","p_clinic_id uuid, p_previous_contact_id uuid, p_line_user_id text, p_customer_id uuid","uuid","postgres","plpgsql","true","v","search_path=pg_catalog, public","anon","false","SEE function-callers inventory; dynamic callers UNKNOWN","UNCLASSIFIED","UNDECIDED","UNKNOWN"
"public","relink_line_contact_generation(uuid,uuid,text,uuid)","relink_line_contact_generation","p_clinic_id uuid, p_previous_contact_id uuid, p_line_user_id text, p_customer_id uuid","uuid","postgres","plpgsql","true","v","search_path=pg_catalog, public","authenticated","false","SEE function-callers inventory; dynamic callers UNKNOWN","UNCLASSIFIED","UNDECIDED","UNKNOWN"
"public","relink_line_contact_generation(uuid,uuid,text,uuid)","relink_line_contact_generation","p_clinic_id uuid, p_previous_contact_id uuid, p_line_user_id text, p_customer_id uuid","uuid","postgres","plpgsql","true","v","search_path=pg_catalog, public","PUBLIC","false","SEE function-callers inventory; dynamic callers UNKNOWN","UNCLASSIFIED","UNDECIDED","UNKNOWN"
"public","relink_line_contact_generation(uuid,uuid,text,uuid)","relink_line_contact_generation","p_clinic_id uuid, p_previous_contact_id uuid, p_line_user_id text, p_customer_id uuid","uuid","postgres","plpgsql","true","v","search_path=pg_catalog, public","service_role","true","SEE function-callers inventory; dynamic callers UNKNOWN","UNCLASSIFIED","UNDECIDED","UNKNOWN"
"public","renew_line_chat_outbox_claim(uuid,uuid,uuid)","renew_line_chat_outbox_claim","p_clinic_id uuid, p_outbox_id uuid, p_claim_token uuid","TABLE(credential_generation_id uuid, line_user_id text, text_content text)","postgres","plpgsql","false","v","search_path=pg_catalog, public","anon","false","SEE function-callers inventory; dynamic callers UNKNOWN","UNCLASSIFIED","UNDECIDED","UNKNOWN"
"public","renew_line_chat_outbox_claim(uuid,uuid,uuid)","renew_line_chat_outbox_claim","p_clinic_id uuid, p_outbox_id uuid, p_claim_token uuid","TABLE(credential_generation_id uuid, line_user_id text, text_content text)","postgres","plpgsql","false","v","search_path=pg_catalog, public","authenticated","false","SEE function-callers inventory; dynamic callers UNKNOWN","UNCLASSIFIED","UNDECIDED","UNKNOWN"
"public","renew_line_chat_outbox_claim(uuid,uuid,uuid)","renew_line_chat_outbox_claim","p_clinic_id uuid, p_outbox_id uuid, p_claim_token uuid","TABLE(credential_generation_id uuid, line_user_id text, text_content text)","postgres","plpgsql","false","v","search_path=pg_catalog, public","PUBLIC","false","SEE function-callers inventory; dynamic callers UNKNOWN","UNCLASSIFIED","UNDECIDED","UNKNOWN"
"public","renew_line_chat_outbox_claim(uuid,uuid,uuid)","renew_line_chat_outbox_claim","p_clinic_id uuid, p_outbox_id uuid, p_claim_token uuid","TABLE(credential_generation_id uuid, line_user_id text, text_content text)","postgres","plpgsql","false","v","search_path=pg_catalog, public","service_role","true","SEE function-callers inventory; dynamic callers UNKNOWN","UNCLASSIFIED","UNDECIDED","UNKNOWN"
"public","renew_line_notification_claim(uuid,uuid,uuid)","renew_line_notification_claim","p_clinic_id uuid, p_outbox_id uuid, p_claim_token uuid","boolean","postgres","plpgsql","false","v","search_path=pg_catalog, public","anon","false","SEE function-callers inventory; dynamic callers UNKNOWN","UNCLASSIFIED","UNDECIDED","UNKNOWN"
"public","renew_line_notification_claim(uuid,uuid,uuid)","renew_line_notification_claim","p_clinic_id uuid, p_outbox_id uuid, p_claim_token uuid","boolean","postgres","plpgsql","false","v","search_path=pg_catalog, public","authenticated","false","SEE function-callers inventory; dynamic callers UNKNOWN","UNCLASSIFIED","UNDECIDED","UNKNOWN"
"public","renew_line_notification_claim(uuid,uuid,uuid)","renew_line_notification_claim","p_clinic_id uuid, p_outbox_id uuid, p_claim_token uuid","boolean","postgres","plpgsql","false","v","search_path=pg_catalog, public","PUBLIC","false","SEE function-callers inventory; dynamic callers UNKNOWN","UNCLASSIFIED","UNDECIDED","UNKNOWN"
"public","renew_line_notification_claim(uuid,uuid,uuid)","renew_line_notification_claim","p_clinic_id uuid, p_outbox_id uuid, p_claim_token uuid","boolean","postgres","plpgsql","false","v","search_path=pg_catalog, public","service_role","true","SEE function-callers inventory; dynamic callers UNKNOWN","UNCLASSIFIED","UNDECIDED","UNKNOWN"
"public","replace_manager_clinic_assignments(uuid,uuid[],text,uuid,uuid)","replace_manager_clinic_assignments","p_manager_user_id uuid, p_clinic_ids uuid[], p_revoke_reason text, p_actor_user_id uuid, p_primary_clinic_id uuid","void","postgres","plpgsql","true","v","search_path=public, auth, extensions","anon","false","SEE function-callers inventory; dynamic callers UNKNOWN","UNCLASSIFIED","UNDECIDED","UNKNOWN"
"public","replace_manager_clinic_assignments(uuid,uuid[],text,uuid,uuid)","replace_manager_clinic_assignments","p_manager_user_id uuid, p_clinic_ids uuid[], p_revoke_reason text, p_actor_user_id uuid, p_primary_clinic_id uuid","void","postgres","plpgsql","true","v","search_path=public, auth, extensions","authenticated","false","SEE function-callers inventory; dynamic callers UNKNOWN","UNCLASSIFIED","UNDECIDED","UNKNOWN"
"public","replace_manager_clinic_assignments(uuid,uuid[],text,uuid,uuid)","replace_manager_clinic_assignments","p_manager_user_id uuid, p_clinic_ids uuid[], p_revoke_reason text, p_actor_user_id uuid, p_primary_clinic_id uuid","void","postgres","plpgsql","true","v","search_path=public, auth, extensions","PUBLIC","false","SEE function-callers inventory; dynamic callers UNKNOWN","UNCLASSIFIED","UNDECIDED","UNKNOWN"
"public","replace_manager_clinic_assignments(uuid,uuid[],text,uuid,uuid)","replace_manager_clinic_assignments","p_manager_user_id uuid, p_clinic_ids uuid[], p_revoke_reason text, p_actor_user_id uuid, p_primary_clinic_id uuid","void","postgres","plpgsql","true","v","search_path=public, auth, extensions","service_role","true","SEE function-callers inventory; dynamic callers UNKNOWN","UNCLASSIFIED","UNDECIDED","UNKNOWN"
"public","replace_manager_clinic_assignments(uuid,uuid[],text,uuid)","replace_manager_clinic_assignments","p_manager_user_id uuid, p_clinic_ids uuid[], p_revoke_reason text, p_actor_user_id uuid","void","postgres","plpgsql","true","v","search_path=public, auth, extensions","anon","false","SEE function-callers inventory; dynamic callers UNKNOWN","UNCLASSIFIED","UNDECIDED","UNKNOWN"
"public","replace_manager_clinic_assignments(uuid,uuid[],text,uuid)","replace_manager_clinic_assignments","p_manager_user_id uuid, p_clinic_ids uuid[], p_revoke_reason text, p_actor_user_id uuid","void","postgres","plpgsql","true","v","search_path=public, auth, extensions","authenticated","false","SEE function-callers inventory; dynamic callers UNKNOWN","UNCLASSIFIED","UNDECIDED","UNKNOWN"
"public","replace_manager_clinic_assignments(uuid,uuid[],text,uuid)","replace_manager_clinic_assignments","p_manager_user_id uuid, p_clinic_ids uuid[], p_revoke_reason text, p_actor_user_id uuid","void","postgres","plpgsql","true","v","search_path=public, auth, extensions","PUBLIC","false","SEE function-callers inventory; dynamic callers UNKNOWN","UNCLASSIFIED","UNDECIDED","UNKNOWN"
"public","replace_manager_clinic_assignments(uuid,uuid[],text,uuid)","replace_manager_clinic_assignments","p_manager_user_id uuid, p_clinic_ids uuid[], p_revoke_reason text, p_actor_user_id uuid","void","postgres","plpgsql","true","v","search_path=public, auth, extensions","service_role","true","SEE function-callers inventory; dynamic callers UNKNOWN","UNCLASSIFIED","UNDECIDED","UNKNOWN"
"public","rotate_line_credential_generation(uuid,uuid,uuid,jsonb,uuid)","rotate_line_credential_generation","p_clinic_id uuid, p_setup_session_id uuid, p_new_generation_id uuid, p_credentials jsonb, p_updated_by uuid","uuid","postgres","plpgsql","false","v","search_path=pg_catalog, public","anon","false","SEE function-callers inventory; dynamic callers UNKNOWN","UNCLASSIFIED","UNDECIDED","UNKNOWN"
"public","rotate_line_credential_generation(uuid,uuid,uuid,jsonb,uuid)","rotate_line_credential_generation","p_clinic_id uuid, p_setup_session_id uuid, p_new_generation_id uuid, p_credentials jsonb, p_updated_by uuid","uuid","postgres","plpgsql","false","v","search_path=pg_catalog, public","authenticated","false","SEE function-callers inventory; dynamic callers UNKNOWN","UNCLASSIFIED","UNDECIDED","UNKNOWN"
"public","rotate_line_credential_generation(uuid,uuid,uuid,jsonb,uuid)","rotate_line_credential_generation","p_clinic_id uuid, p_setup_session_id uuid, p_new_generation_id uuid, p_credentials jsonb, p_updated_by uuid","uuid","postgres","plpgsql","false","v","search_path=pg_catalog, public","PUBLIC","false","SEE function-callers inventory; dynamic callers UNKNOWN","UNCLASSIFIED","UNDECIDED","UNKNOWN"
"public","rotate_line_credential_generation(uuid,uuid,uuid,jsonb,uuid)","rotate_line_credential_generation","p_clinic_id uuid, p_setup_session_id uuid, p_new_generation_id uuid, p_credentials jsonb, p_updated_by uuid","uuid","postgres","plpgsql","false","v","search_path=pg_catalog, public","service_role","true","SEE function-callers inventory; dynamic callers UNKNOWN","UNCLASSIFIED","UNDECIDED","UNKNOWN"
"public","run_line_chat_cleanup_if_due()","run_line_chat_cleanup_if_due","","TABLE(skipped boolean, deleted_messages integer, deleted_webhook_events integer)","postgres","plpgsql","false","v","search_path=pg_catalog, public","anon","false","SEE function-callers inventory; dynamic callers UNKNOWN","UNCLASSIFIED","UNDECIDED","UNKNOWN"
"public","run_line_chat_cleanup_if_due()","run_line_chat_cleanup_if_due","","TABLE(skipped boolean, deleted_messages integer, deleted_webhook_events integer)","postgres","plpgsql","false","v","search_path=pg_catalog, public","authenticated","false","SEE function-callers inventory; dynamic callers UNKNOWN","UNCLASSIFIED","UNDECIDED","UNKNOWN"
"public","run_line_chat_cleanup_if_due()","run_line_chat_cleanup_if_due","","TABLE(skipped boolean, deleted_messages integer, deleted_webhook_events integer)","postgres","plpgsql","false","v","search_path=pg_catalog, public","PUBLIC","false","SEE function-callers inventory; dynamic callers UNKNOWN","UNCLASSIFIED","UNDECIDED","UNKNOWN"
"public","run_line_chat_cleanup_if_due()","run_line_chat_cleanup_if_due","","TABLE(skipped boolean, deleted_messages integer, deleted_webhook_events integer)","postgres","plpgsql","false","v","search_path=pg_catalog, public","service_role","true","SEE function-callers inventory; dynamic callers UNKNOWN","UNCLASSIFIED","UNDECIDED","UNKNOWN"
"public","set_updated_at()","set_updated_at","","trigger","postgres","plpgsql","false","v","search_path=public, auth, extensions","anon","true","SEE function-callers inventory; dynamic callers UNKNOWN","UNCLASSIFIED","UNDECIDED","UNKNOWN"
"public","set_updated_at()","set_updated_at","","trigger","postgres","plpgsql","false","v","search_path=public, auth, extensions","authenticated","true","SEE function-callers inventory; dynamic callers UNKNOWN","UNCLASSIFIED","UNDECIDED","UNKNOWN"
"public","set_updated_at()","set_updated_at","","trigger","postgres","plpgsql","false","v","search_path=public, auth, extensions","PUBLIC","true","SEE function-callers inventory; dynamic callers UNKNOWN","UNCLASSIFIED","UNDECIDED","UNKNOWN"
"public","set_updated_at()","set_updated_at","","trigger","postgres","plpgsql","false","v","search_path=public, auth, extensions","service_role","true","SEE function-callers inventory; dynamic callers UNKNOWN","UNCLASSIFIED","UNDECIDED","UNKNOWN"
"public","sync_arrived_reservation_daily_report_item()","sync_arrived_reservation_daily_report_item","","trigger","postgres","plpgsql","true","v","search_path=public, auth, extensions","anon","false","SEE function-callers inventory; dynamic callers UNKNOWN","UNCLASSIFIED","UNDECIDED","UNKNOWN"
"public","sync_arrived_reservation_daily_report_item()","sync_arrived_reservation_daily_report_item","","trigger","postgres","plpgsql","true","v","search_path=public, auth, extensions","authenticated","false","SEE function-callers inventory; dynamic callers UNKNOWN","UNCLASSIFIED","UNDECIDED","UNKNOWN"
"public","sync_arrived_reservation_daily_report_item()","sync_arrived_reservation_daily_report_item","","trigger","postgres","plpgsql","true","v","search_path=public, auth, extensions","PUBLIC","false","SEE function-callers inventory; dynamic callers UNKNOWN","UNCLASSIFIED","UNDECIDED","UNKNOWN"
"public","sync_arrived_reservation_daily_report_item()","sync_arrived_reservation_daily_report_item","","trigger","postgres","plpgsql","true","v","search_path=public, auth, extensions","service_role","true","SEE function-callers inventory; dynamic callers UNKNOWN","UNCLASSIFIED","UNDECIDED","UNKNOWN"
"public","sync_daily_report_item_totals()","sync_daily_report_item_totals","","trigger","postgres","plpgsql","true","v","search_path=public, auth, extensions","anon","false","SEE function-callers inventory; dynamic callers UNKNOWN","UNCLASSIFIED","UNDECIDED","UNKNOWN"
"public","sync_daily_report_item_totals()","sync_daily_report_item_totals","","trigger","postgres","plpgsql","true","v","search_path=public, auth, extensions","authenticated","false","SEE function-callers inventory; dynamic callers UNKNOWN","UNCLASSIFIED","UNDECIDED","UNKNOWN"
"public","sync_daily_report_item_totals()","sync_daily_report_item_totals","","trigger","postgres","plpgsql","true","v","search_path=public, auth, extensions","PUBLIC","false","SEE function-callers inventory; dynamic callers UNKNOWN","UNCLASSIFIED","UNDECIDED","UNKNOWN"
"public","sync_daily_report_item_totals()","sync_daily_report_item_totals","","trigger","postgres","plpgsql","true","v","search_path=public, auth, extensions","service_role","true","SEE function-callers inventory; dynamic callers UNKNOWN","UNCLASSIFIED","UNDECIDED","UNKNOWN"
"public","sync_failed_line_notification_tracking()","sync_failed_line_notification_tracking","","trigger","postgres","plpgsql","false","v","search_path=pg_catalog, public","anon","false","SEE function-callers inventory; dynamic callers UNKNOWN","UNCLASSIFIED","UNDECIDED","UNKNOWN"
"public","sync_failed_line_notification_tracking()","sync_failed_line_notification_tracking","","trigger","postgres","plpgsql","false","v","search_path=pg_catalog, public","authenticated","false","SEE function-callers inventory; dynamic callers UNKNOWN","UNCLASSIFIED","UNDECIDED","UNKNOWN"
"public","sync_failed_line_notification_tracking()","sync_failed_line_notification_tracking","","trigger","postgres","plpgsql","false","v","search_path=pg_catalog, public","PUBLIC","false","SEE function-callers inventory; dynamic callers UNKNOWN","UNCLASSIFIED","UNDECIDED","UNKNOWN"
"public","sync_failed_line_notification_tracking()","sync_failed_line_notification_tracking","","trigger","postgres","plpgsql","false","v","search_path=pg_catalog, public","service_role","true","SEE function-callers inventory; dynamic callers UNKNOWN","UNCLASSIFIED","UNDECIDED","UNKNOWN"
"public","time_dist(time without time zone,time without time zone)","time_dist","time without time zone, time without time zone","interval","supabase_admin","c","false","i","","anon","true","SEE function-callers inventory; dynamic callers UNKNOWN","UNCLASSIFIED","UNDECIDED","UNKNOWN"
"public","time_dist(time without time zone,time without time zone)","time_dist","time without time zone, time without time zone","interval","supabase_admin","c","false","i","","authenticated","true","SEE function-callers inventory; dynamic callers UNKNOWN","UNCLASSIFIED","UNDECIDED","UNKNOWN"
"public","time_dist(time without time zone,time without time zone)","time_dist","time without time zone, time without time zone","interval","supabase_admin","c","false","i","","PUBLIC","true","SEE function-callers inventory; dynamic callers UNKNOWN","UNCLASSIFIED","UNDECIDED","UNKNOWN"
"public","time_dist(time without time zone,time without time zone)","time_dist","time without time zone, time without time zone","interval","supabase_admin","c","false","i","","service_role","true","SEE function-callers inventory; dynamic callers UNKNOWN","UNCLASSIFIED","UNDECIDED","UNKNOWN"
"public","ts_dist(timestamp without time zone,timestamp without time zone)","ts_dist","timestamp without time zone, timestamp without time zone","interval","supabase_admin","c","false","i","","anon","true","SEE function-callers inventory; dynamic callers UNKNOWN","UNCLASSIFIED","UNDECIDED","UNKNOWN"
"public","ts_dist(timestamp without time zone,timestamp without time zone)","ts_dist","timestamp without time zone, timestamp without time zone","interval","supabase_admin","c","false","i","","authenticated","true","SEE function-callers inventory; dynamic callers UNKNOWN","UNCLASSIFIED","UNDECIDED","UNKNOWN"
"public","ts_dist(timestamp without time zone,timestamp without time zone)","ts_dist","timestamp without time zone, timestamp without time zone","interval","supabase_admin","c","false","i","","PUBLIC","true","SEE function-callers inventory; dynamic callers UNKNOWN","UNCLASSIFIED","UNDECIDED","UNKNOWN"
"public","ts_dist(timestamp without time zone,timestamp without time zone)","ts_dist","timestamp without time zone, timestamp without time zone","interval","supabase_admin","c","false","i","","service_role","true","SEE function-callers inventory; dynamic callers UNKNOWN","UNCLASSIFIED","UNDECIDED","UNKNOWN"
"public","tstz_dist(timestamp with time zone,timestamp with time zone)","tstz_dist","timestamp with time zone, timestamp with time zone","interval","supabase_admin","c","false","i","","anon","true","SEE function-callers inventory; dynamic callers UNKNOWN","UNCLASSIFIED","UNDECIDED","UNKNOWN"
"public","tstz_dist(timestamp with time zone,timestamp with time zone)","tstz_dist","timestamp with time zone, timestamp with time zone","interval","supabase_admin","c","false","i","","authenticated","true","SEE function-callers inventory; dynamic callers UNKNOWN","UNCLASSIFIED","UNDECIDED","UNKNOWN"
"public","tstz_dist(timestamp with time zone,timestamp with time zone)","tstz_dist","timestamp with time zone, timestamp with time zone","interval","supabase_admin","c","false","i","","PUBLIC","true","SEE function-callers inventory; dynamic callers UNKNOWN","UNCLASSIFIED","UNDECIDED","UNKNOWN"
"public","tstz_dist(timestamp with time zone,timestamp with time zone)","tstz_dist","timestamp with time zone, timestamp with time zone","interval","supabase_admin","c","false","i","","service_role","true","SEE function-callers inventory; dynamic callers UNKNOWN","UNCLASSIFIED","UNDECIDED","UNKNOWN"
"public","update_customer_stats()","update_customer_stats","","trigger","postgres","plpgsql","true","v","search_path=public, auth, extensions","anon","false","SEE function-callers inventory; dynamic callers UNKNOWN","UNCLASSIFIED","UNDECIDED","UNKNOWN"
"public","update_customer_stats()","update_customer_stats","","trigger","postgres","plpgsql","true","v","search_path=public, auth, extensions","authenticated","false","SEE function-callers inventory; dynamic callers UNKNOWN","UNCLASSIFIED","UNDECIDED","UNKNOWN"
"public","update_customer_stats()","update_customer_stats","","trigger","postgres","plpgsql","true","v","search_path=public, auth, extensions","PUBLIC","false","SEE function-callers inventory; dynamic callers UNKNOWN","UNCLASSIFIED","UNDECIDED","UNKNOWN"
"public","update_customer_stats()","update_customer_stats","","trigger","postgres","plpgsql","true","v","search_path=public, auth, extensions","service_role","true","SEE function-callers inventory; dynamic callers UNKNOWN","UNCLASSIFIED","UNDECIDED","UNKNOWN"
"public","update_email_outbox_updated_at()","update_email_outbox_updated_at","","trigger","postgres","plpgsql","true","v","search_path=public, auth, extensions","anon","false","SEE function-callers inventory; dynamic callers UNKNOWN","UNCLASSIFIED","UNDECIDED","UNKNOWN"
"public","update_email_outbox_updated_at()","update_email_outbox_updated_at","","trigger","postgres","plpgsql","true","v","search_path=public, auth, extensions","authenticated","false","SEE function-callers inventory; dynamic callers UNKNOWN","UNCLASSIFIED","UNDECIDED","UNKNOWN"
"public","update_email_outbox_updated_at()","update_email_outbox_updated_at","","trigger","postgres","plpgsql","true","v","search_path=public, auth, extensions","PUBLIC","false","SEE function-callers inventory; dynamic callers UNKNOWN","UNCLASSIFIED","UNDECIDED","UNKNOWN"
"public","update_email_outbox_updated_at()","update_email_outbox_updated_at","","trigger","postgres","plpgsql","true","v","search_path=public, auth, extensions","service_role","true","SEE function-callers inventory; dynamic callers UNKNOWN","UNCLASSIFIED","UNDECIDED","UNKNOWN"
"public","update_line_chat_settings(uuid,boolean,text,integer,boolean,uuid)","update_line_chat_settings","p_clinic_id uuid, p_auto_reply_enabled boolean, p_auto_reply_message text, p_retention_days integer, p_line_chat_enabled boolean, p_updated_by uuid","void","postgres","plpgsql","false","v","search_path=pg_catalog, public","anon","false","SEE function-callers inventory; dynamic callers UNKNOWN","UNCLASSIFIED","UNDECIDED","UNKNOWN"
"public","update_line_chat_settings(uuid,boolean,text,integer,boolean,uuid)","update_line_chat_settings","p_clinic_id uuid, p_auto_reply_enabled boolean, p_auto_reply_message text, p_retention_days integer, p_line_chat_enabled boolean, p_updated_by uuid","void","postgres","plpgsql","false","v","search_path=pg_catalog, public","authenticated","false","SEE function-callers inventory; dynamic callers UNKNOWN","UNCLASSIFIED","UNDECIDED","UNKNOWN"
"public","update_line_chat_settings(uuid,boolean,text,integer,boolean,uuid)","update_line_chat_settings","p_clinic_id uuid, p_auto_reply_enabled boolean, p_auto_reply_message text, p_retention_days integer, p_line_chat_enabled boolean, p_updated_by uuid","void","postgres","plpgsql","false","v","search_path=pg_catalog, public","PUBLIC","false","SEE function-callers inventory; dynamic callers UNKNOWN","UNCLASSIFIED","UNDECIDED","UNKNOWN"
"public","update_line_chat_settings(uuid,boolean,text,integer,boolean,uuid)","update_line_chat_settings","p_clinic_id uuid, p_auto_reply_enabled boolean, p_auto_reply_message text, p_retention_days integer, p_line_chat_enabled boolean, p_updated_by uuid","void","postgres","plpgsql","false","v","search_path=pg_catalog, public","service_role","true","SEE function-callers inventory; dynamic callers UNKNOWN","UNCLASSIFIED","UNDECIDED","UNKNOWN"
"public","update_line_feature_settings(uuid,boolean,boolean,uuid)","update_line_feature_settings","p_clinic_id uuid, p_enable_booking boolean, p_enable_notifications boolean, p_updated_by uuid","void","postgres","plpgsql","false","v","search_path=pg_catalog, public","anon","false","SEE function-callers inventory; dynamic callers UNKNOWN","UNCLASSIFIED","UNDECIDED","UNKNOWN"
"public","update_line_feature_settings(uuid,boolean,boolean,uuid)","update_line_feature_settings","p_clinic_id uuid, p_enable_booking boolean, p_enable_notifications boolean, p_updated_by uuid","void","postgres","plpgsql","false","v","search_path=pg_catalog, public","authenticated","false","SEE function-callers inventory; dynamic callers UNKNOWN","UNCLASSIFIED","UNDECIDED","UNKNOWN"
"public","update_line_feature_settings(uuid,boolean,boolean,uuid)","update_line_feature_settings","p_clinic_id uuid, p_enable_booking boolean, p_enable_notifications boolean, p_updated_by uuid","void","postgres","plpgsql","false","v","search_path=pg_catalog, public","PUBLIC","false","SEE function-callers inventory; dynamic callers UNKNOWN","UNCLASSIFIED","UNDECIDED","UNKNOWN"
"public","update_line_feature_settings(uuid,boolean,boolean,uuid)","update_line_feature_settings","p_clinic_id uuid, p_enable_booking boolean, p_enable_notifications boolean, p_updated_by uuid","void","postgres","plpgsql","false","v","search_path=pg_catalog, public","service_role","true","SEE function-callers inventory; dynamic callers UNKNOWN","UNCLASSIFIED","UNDECIDED","UNKNOWN"
"public","update_mfa_settings_updated_at()","update_mfa_settings_updated_at","","trigger","postgres","plpgsql","false","v","search_path=public, auth, extensions","anon","true","SEE function-callers inventory; dynamic callers UNKNOWN","UNCLASSIFIED","UNDECIDED","UNKNOWN"
"public","update_mfa_settings_updated_at()","update_mfa_settings_updated_at","","trigger","postgres","plpgsql","false","v","search_path=public, auth, extensions","authenticated","true","SEE function-callers inventory; dynamic callers UNKNOWN","UNCLASSIFIED","UNDECIDED","UNKNOWN"
"public","update_mfa_settings_updated_at()","update_mfa_settings_updated_at","","trigger","postgres","plpgsql","false","v","search_path=public, auth, extensions","PUBLIC","true","SEE function-callers inventory; dynamic callers UNKNOWN","UNCLASSIFIED","UNDECIDED","UNKNOWN"
"public","update_mfa_settings_updated_at()","update_mfa_settings_updated_at","","trigger","postgres","plpgsql","false","v","search_path=public, auth, extensions","service_role","true","SEE function-callers inventory; dynamic callers UNKNOWN","UNCLASSIFIED","UNDECIDED","UNKNOWN"
"public","update_reservation_notifications_updated_at()","update_reservation_notifications_updated_at","","trigger","postgres","plpgsql","true","v","search_path=public","anon","false","SEE function-callers inventory; dynamic callers UNKNOWN","UNCLASSIFIED","UNDECIDED","UNKNOWN"
"public","update_reservation_notifications_updated_at()","update_reservation_notifications_updated_at","","trigger","postgres","plpgsql","true","v","search_path=public","authenticated","false","SEE function-callers inventory; dynamic callers UNKNOWN","UNCLASSIFIED","UNDECIDED","UNKNOWN"
"public","update_reservation_notifications_updated_at()","update_reservation_notifications_updated_at","","trigger","postgres","plpgsql","true","v","search_path=public","PUBLIC","false","SEE function-callers inventory; dynamic callers UNKNOWN","UNCLASSIFIED","UNDECIDED","UNKNOWN"
"public","update_reservation_notifications_updated_at()","update_reservation_notifications_updated_at","","trigger","postgres","plpgsql","true","v","search_path=public","service_role","true","SEE function-callers inventory; dynamic callers UNKNOWN","UNCLASSIFIED","UNDECIDED","UNKNOWN"
"public","update_updated_at_column()","update_updated_at_column","","trigger","postgres","plpgsql","false","v","search_path=public, auth, extensions","anon","true","SEE function-callers inventory; dynamic callers UNKNOWN","UNCLASSIFIED","UNDECIDED","UNKNOWN"
"public","update_updated_at_column()","update_updated_at_column","","trigger","postgres","plpgsql","false","v","search_path=public, auth, extensions","authenticated","true","SEE function-callers inventory; dynamic callers UNKNOWN","UNCLASSIFIED","UNDECIDED","UNKNOWN"
"public","update_updated_at_column()","update_updated_at_column","","trigger","postgres","plpgsql","false","v","search_path=public, auth, extensions","PUBLIC","true","SEE function-callers inventory; dynamic callers UNKNOWN","UNCLASSIFIED","UNDECIDED","UNKNOWN"
"public","update_updated_at_column()","update_updated_at_column","","trigger","postgres","plpgsql","false","v","search_path=public, auth, extensions","service_role","true","SEE function-callers inventory; dynamic callers UNKNOWN","UNCLASSIFIED","UNDECIDED","UNKNOWN"
"public","upsert_clinic_settings(uuid,text,jsonb,uuid)","upsert_clinic_settings","p_clinic_id uuid, p_category text, p_settings jsonb, p_user_id uuid","jsonb","postgres","plpgsql","true","v","search_path=public","anon","false","SEE function-callers inventory; dynamic callers UNKNOWN","UNCLASSIFIED","UNDECIDED","UNKNOWN"
"public","upsert_clinic_settings(uuid,text,jsonb,uuid)","upsert_clinic_settings","p_clinic_id uuid, p_category text, p_settings jsonb, p_user_id uuid","jsonb","postgres","plpgsql","true","v","search_path=public","authenticated","false","SEE function-callers inventory; dynamic callers UNKNOWN","UNCLASSIFIED","UNDECIDED","UNKNOWN"
"public","upsert_clinic_settings(uuid,text,jsonb,uuid)","upsert_clinic_settings","p_clinic_id uuid, p_category text, p_settings jsonb, p_user_id uuid","jsonb","postgres","plpgsql","true","v","search_path=public","PUBLIC","false","SEE function-callers inventory; dynamic callers UNKNOWN","UNCLASSIFIED","UNDECIDED","UNKNOWN"
"public","upsert_clinic_settings(uuid,text,jsonb,uuid)","upsert_clinic_settings","p_clinic_id uuid, p_category text, p_settings jsonb, p_user_id uuid","jsonb","postgres","plpgsql","true","v","search_path=public","service_role","true","SEE function-callers inventory; dynamic callers UNKNOWN","UNCLASSIFIED","UNDECIDED","UNKNOWN"
"public","user_role()","user_role","","text","postgres","plpgsql","true","s","search_path=public, auth, extensions","anon","false","SEE function-callers inventory; dynamic callers UNKNOWN","UNCLASSIFIED","UNDECIDED","UNKNOWN"
"public","user_role()","user_role","","text","postgres","plpgsql","true","s","search_path=public, auth, extensions","authenticated","false","SEE function-callers inventory; dynamic callers UNKNOWN","UNCLASSIFIED","UNDECIDED","UNKNOWN"
"public","user_role()","user_role","","text","postgres","plpgsql","true","s","search_path=public, auth, extensions","PUBLIC","false","SEE function-callers inventory; dynamic callers UNKNOWN","UNCLASSIFIED","UNDECIDED","UNKNOWN"
"public","user_role()","user_role","","text","postgres","plpgsql","true","s","search_path=public, auth, extensions","service_role","true","SEE function-callers inventory; dynamic callers UNKNOWN","UNCLASSIFIED","UNDECIDED","UNKNOWN"
"public","validate_blocks_clinic_refs()","validate_blocks_clinic_refs","","trigger","postgres","plpgsql","false","v","search_path=public, auth, extensions","anon","true","SEE function-callers inventory; dynamic callers UNKNOWN","UNCLASSIFIED","UNDECIDED","UNKNOWN"
"public","validate_blocks_clinic_refs()","validate_blocks_clinic_refs","","trigger","postgres","plpgsql","false","v","search_path=public, auth, extensions","authenticated","true","SEE function-callers inventory; dynamic callers UNKNOWN","UNCLASSIFIED","UNDECIDED","UNKNOWN"
"public","validate_blocks_clinic_refs()","validate_blocks_clinic_refs","","trigger","postgres","plpgsql","false","v","search_path=public, auth, extensions","PUBLIC","true","SEE function-callers inventory; dynamic callers UNKNOWN","UNCLASSIFIED","UNDECIDED","UNKNOWN"
"public","validate_blocks_clinic_refs()","validate_blocks_clinic_refs","","trigger","postgres","plpgsql","false","v","search_path=public, auth, extensions","service_role","true","SEE function-callers inventory; dynamic callers UNKNOWN","UNCLASSIFIED","UNDECIDED","UNKNOWN"
"public","validate_customer_insurance_coverage_refs()","validate_customer_insurance_coverage_refs","","trigger","postgres","plpgsql","false","v","search_path=public, auth, extensions","anon","false","SEE function-callers inventory; dynamic callers UNKNOWN","UNCLASSIFIED","UNDECIDED","UNKNOWN"
"public","validate_customer_insurance_coverage_refs()","validate_customer_insurance_coverage_refs","","trigger","postgres","plpgsql","false","v","search_path=public, auth, extensions","authenticated","false","SEE function-callers inventory; dynamic callers UNKNOWN","UNCLASSIFIED","UNDECIDED","UNKNOWN"
"public","validate_customer_insurance_coverage_refs()","validate_customer_insurance_coverage_refs","","trigger","postgres","plpgsql","false","v","search_path=public, auth, extensions","PUBLIC","false","SEE function-callers inventory; dynamic callers UNKNOWN","UNCLASSIFIED","UNDECIDED","UNKNOWN"
"public","validate_customer_insurance_coverage_refs()","validate_customer_insurance_coverage_refs","","trigger","postgres","plpgsql","false","v","search_path=public, auth, extensions","service_role","true","SEE function-callers inventory; dynamic callers UNKNOWN","UNCLASSIFIED","UNDECIDED","UNKNOWN"
"public","validate_daily_report_item_pricing_refs()","validate_daily_report_item_pricing_refs","","trigger","postgres","plpgsql","false","v","search_path=public, auth, extensions","anon","false","SEE function-callers inventory; dynamic callers UNKNOWN","UNCLASSIFIED","UNDECIDED","UNKNOWN"
"public","validate_daily_report_item_pricing_refs()","validate_daily_report_item_pricing_refs","","trigger","postgres","plpgsql","false","v","search_path=public, auth, extensions","authenticated","false","SEE function-callers inventory; dynamic callers UNKNOWN","UNCLASSIFIED","UNDECIDED","UNKNOWN"
"public","validate_daily_report_item_pricing_refs()","validate_daily_report_item_pricing_refs","","trigger","postgres","plpgsql","false","v","search_path=public, auth, extensions","PUBLIC","false","SEE function-callers inventory; dynamic callers UNKNOWN","UNCLASSIFIED","UNDECIDED","UNKNOWN"
"public","validate_daily_report_item_pricing_refs()","validate_daily_report_item_pricing_refs","","trigger","postgres","plpgsql","false","v","search_path=public, auth, extensions","service_role","true","SEE function-callers inventory; dynamic callers UNKNOWN","UNCLASSIFIED","UNDECIDED","UNKNOWN"
"public","validate_daily_report_item_tags_refs()","validate_daily_report_item_tags_refs","","trigger","postgres","plpgsql","false","v","search_path=public, auth, extensions","anon","false","SEE function-callers inventory; dynamic callers UNKNOWN","UNCLASSIFIED","UNDECIDED","UNKNOWN"
"public","validate_daily_report_item_tags_refs()","validate_daily_report_item_tags_refs","","trigger","postgres","plpgsql","false","v","search_path=public, auth, extensions","authenticated","false","SEE function-callers inventory; dynamic callers UNKNOWN","UNCLASSIFIED","UNDECIDED","UNKNOWN"
"public","validate_daily_report_item_tags_refs()","validate_daily_report_item_tags_refs","","trigger","postgres","plpgsql","false","v","search_path=public, auth, extensions","PUBLIC","false","SEE function-callers inventory; dynamic callers UNKNOWN","UNCLASSIFIED","UNDECIDED","UNKNOWN"
"public","validate_daily_report_item_tags_refs()","validate_daily_report_item_tags_refs","","trigger","postgres","plpgsql","false","v","search_path=public, auth, extensions","service_role","true","SEE function-callers inventory; dynamic callers UNKNOWN","UNCLASSIFIED","UNDECIDED","UNKNOWN"
"public","validate_daily_report_items_analysis_refs()","validate_daily_report_items_analysis_refs","","trigger","postgres","plpgsql","false","v","search_path=public, auth, extensions","anon","false","SEE function-callers inventory; dynamic callers UNKNOWN","UNCLASSIFIED","UNDECIDED","UNKNOWN"
"public","validate_daily_report_items_analysis_refs()","validate_daily_report_items_analysis_refs","","trigger","postgres","plpgsql","false","v","search_path=public, auth, extensions","authenticated","false","SEE function-callers inventory; dynamic callers UNKNOWN","UNCLASSIFIED","UNDECIDED","UNKNOWN"
"public","validate_daily_report_items_analysis_refs()","validate_daily_report_items_analysis_refs","","trigger","postgres","plpgsql","false","v","search_path=public, auth, extensions","PUBLIC","false","SEE function-callers inventory; dynamic callers UNKNOWN","UNCLASSIFIED","UNDECIDED","UNKNOWN"
"public","validate_daily_report_items_analysis_refs()","validate_daily_report_items_analysis_refs","","trigger","postgres","plpgsql","false","v","search_path=public, auth, extensions","service_role","true","SEE function-callers inventory; dynamic callers UNKNOWN","UNCLASSIFIED","UNDECIDED","UNKNOWN"
"public","validate_daily_report_items_clinic_refs()","validate_daily_report_items_clinic_refs","","trigger","postgres","plpgsql","false","v","search_path=public, auth, extensions","anon","true","SEE function-callers inventory; dynamic callers UNKNOWN","UNCLASSIFIED","UNDECIDED","UNKNOWN"
"public","validate_daily_report_items_clinic_refs()","validate_daily_report_items_clinic_refs","","trigger","postgres","plpgsql","false","v","search_path=public, auth, extensions","authenticated","true","SEE function-callers inventory; dynamic callers UNKNOWN","UNCLASSIFIED","UNDECIDED","UNKNOWN"
"public","validate_daily_report_items_clinic_refs()","validate_daily_report_items_clinic_refs","","trigger","postgres","plpgsql","false","v","search_path=public, auth, extensions","PUBLIC","true","SEE function-callers inventory; dynamic callers UNKNOWN","UNCLASSIFIED","UNDECIDED","UNKNOWN"
"public","validate_daily_report_items_clinic_refs()","validate_daily_report_items_clinic_refs","","trigger","postgres","plpgsql","false","v","search_path=public, auth, extensions","service_role","true","SEE function-callers inventory; dynamic callers UNKNOWN","UNCLASSIFIED","UNDECIDED","UNKNOWN"
"public","validate_insurance_fee_item_mutation()","validate_insurance_fee_item_mutation","","trigger","postgres","plpgsql","false","v","search_path=public, extensions","anon","false","SEE function-callers inventory; dynamic callers UNKNOWN","UNCLASSIFIED","UNDECIDED","UNKNOWN"
"public","validate_insurance_fee_item_mutation()","validate_insurance_fee_item_mutation","","trigger","postgres","plpgsql","false","v","search_path=public, extensions","authenticated","false","SEE function-callers inventory; dynamic callers UNKNOWN","UNCLASSIFIED","UNDECIDED","UNKNOWN"
"public","validate_insurance_fee_item_mutation()","validate_insurance_fee_item_mutation","","trigger","postgres","plpgsql","false","v","search_path=public, extensions","PUBLIC","false","SEE function-callers inventory; dynamic callers UNKNOWN","UNCLASSIFIED","UNDECIDED","UNKNOWN"
"public","validate_insurance_fee_item_mutation()","validate_insurance_fee_item_mutation","","trigger","postgres","plpgsql","false","v","search_path=public, extensions","service_role","true","SEE function-callers inventory; dynamic callers UNKNOWN","UNCLASSIFIED","UNDECIDED","UNKNOWN"
"public","validate_insurance_fee_schedule_active_range()","validate_insurance_fee_schedule_active_range","","trigger","postgres","plpgsql","false","v","search_path=public, extensions","anon","false","SEE function-callers inventory; dynamic callers UNKNOWN","UNCLASSIFIED","UNDECIDED","UNKNOWN"
"public","validate_insurance_fee_schedule_active_range()","validate_insurance_fee_schedule_active_range","","trigger","postgres","plpgsql","false","v","search_path=public, extensions","authenticated","false","SEE function-callers inventory; dynamic callers UNKNOWN","UNCLASSIFIED","UNDECIDED","UNKNOWN"
"public","validate_insurance_fee_schedule_active_range()","validate_insurance_fee_schedule_active_range","","trigger","postgres","plpgsql","false","v","search_path=public, extensions","PUBLIC","false","SEE function-callers inventory; dynamic callers UNKNOWN","UNCLASSIFIED","UNDECIDED","UNKNOWN"
"public","validate_insurance_fee_schedule_active_range()","validate_insurance_fee_schedule_active_range","","trigger","postgres","plpgsql","false","v","search_path=public, extensions","service_role","true","SEE function-callers inventory; dynamic callers UNKNOWN","UNCLASSIFIED","UNDECIDED","UNKNOWN"
"public","validate_insurance_fee_schedule_context_mutation()","validate_insurance_fee_schedule_context_mutation","","trigger","postgres","plpgsql","false","v","search_path=public, extensions","anon","false","SEE function-callers inventory; dynamic callers UNKNOWN","UNCLASSIFIED","UNDECIDED","UNKNOWN"
"public","validate_insurance_fee_schedule_context_mutation()","validate_insurance_fee_schedule_context_mutation","","trigger","postgres","plpgsql","false","v","search_path=public, extensions","authenticated","false","SEE function-callers inventory; dynamic callers UNKNOWN","UNCLASSIFIED","UNDECIDED","UNKNOWN"
"public","validate_insurance_fee_schedule_context_mutation()","validate_insurance_fee_schedule_context_mutation","","trigger","postgres","plpgsql","false","v","search_path=public, extensions","PUBLIC","false","SEE function-callers inventory; dynamic callers UNKNOWN","UNCLASSIFIED","UNDECIDED","UNKNOWN"
"public","validate_insurance_fee_schedule_context_mutation()","validate_insurance_fee_schedule_context_mutation","","trigger","postgres","plpgsql","false","v","search_path=public, extensions","service_role","true","SEE function-callers inventory; dynamic callers UNKNOWN","UNCLASSIFIED","UNDECIDED","UNKNOWN"
"public","validate_line_chat_outbox_contract()","validate_line_chat_outbox_contract","","trigger","postgres","plpgsql","false","v","search_path=pg_catalog, public","anon","false","SEE function-callers inventory; dynamic callers UNKNOWN","UNCLASSIFIED","UNDECIDED","UNKNOWN"
"public","validate_line_chat_outbox_contract()","validate_line_chat_outbox_contract","","trigger","postgres","plpgsql","false","v","search_path=pg_catalog, public","authenticated","false","SEE function-callers inventory; dynamic callers UNKNOWN","UNCLASSIFIED","UNDECIDED","UNKNOWN"
"public","validate_line_chat_outbox_contract()","validate_line_chat_outbox_contract","","trigger","postgres","plpgsql","false","v","search_path=pg_catalog, public","PUBLIC","false","SEE function-callers inventory; dynamic callers UNKNOWN","UNCLASSIFIED","UNDECIDED","UNKNOWN"
"public","validate_line_chat_outbox_contract()","validate_line_chat_outbox_contract","","trigger","postgres","plpgsql","false","v","search_path=pg_catalog, public","service_role","true","SEE function-callers inventory; dynamic callers UNKNOWN","UNCLASSIFIED","UNDECIDED","UNKNOWN"
"public","validate_line_credential_rotation()","validate_line_credential_rotation","","trigger","postgres","plpgsql","false","v","search_path=pg_catalog, public","anon","false","SEE function-callers inventory; dynamic callers UNKNOWN","UNCLASSIFIED","UNDECIDED","UNKNOWN"
"public","validate_line_credential_rotation()","validate_line_credential_rotation","","trigger","postgres","plpgsql","false","v","search_path=pg_catalog, public","authenticated","false","SEE function-callers inventory; dynamic callers UNKNOWN","UNCLASSIFIED","UNDECIDED","UNKNOWN"
"public","validate_line_credential_rotation()","validate_line_credential_rotation","","trigger","postgres","plpgsql","false","v","search_path=pg_catalog, public","PUBLIC","false","SEE function-callers inventory; dynamic callers UNKNOWN","UNCLASSIFIED","UNDECIDED","UNKNOWN"
"public","validate_line_credential_rotation()","validate_line_credential_rotation","","trigger","postgres","plpgsql","false","v","search_path=pg_catalog, public","service_role","true","SEE function-callers inventory; dynamic callers UNKNOWN","UNCLASSIFIED","UNDECIDED","UNKNOWN"
"public","validate_line_current_generation()","validate_line_current_generation","","trigger","postgres","plpgsql","false","v","search_path=pg_catalog, public","anon","false","SEE function-callers inventory; dynamic callers UNKNOWN","UNCLASSIFIED","UNDECIDED","UNKNOWN"
"public","validate_line_current_generation()","validate_line_current_generation","","trigger","postgres","plpgsql","false","v","search_path=pg_catalog, public","authenticated","false","SEE function-callers inventory; dynamic callers UNKNOWN","UNCLASSIFIED","UNDECIDED","UNKNOWN"
"public","validate_line_current_generation()","validate_line_current_generation","","trigger","postgres","plpgsql","false","v","search_path=pg_catalog, public","PUBLIC","false","SEE function-callers inventory; dynamic callers UNKNOWN","UNCLASSIFIED","UNDECIDED","UNKNOWN"
"public","validate_line_current_generation()","validate_line_current_generation","","trigger","postgres","plpgsql","false","v","search_path=pg_catalog, public","service_role","true","SEE function-callers inventory; dynamic callers UNKNOWN","UNCLASSIFIED","UNDECIDED","UNKNOWN"
"public","validate_menu_billing_profile_refs()","validate_menu_billing_profile_refs","","trigger","postgres","plpgsql","false","v","search_path=public, auth, extensions","anon","false","SEE function-callers inventory; dynamic callers UNKNOWN","UNCLASSIFIED","UNDECIDED","UNKNOWN"
"public","validate_menu_billing_profile_refs()","validate_menu_billing_profile_refs","","trigger","postgres","plpgsql","false","v","search_path=public, auth, extensions","authenticated","false","SEE function-callers inventory; dynamic callers UNKNOWN","UNCLASSIFIED","UNDECIDED","UNKNOWN"
"public","validate_menu_billing_profile_refs()","validate_menu_billing_profile_refs","","trigger","postgres","plpgsql","false","v","search_path=public, auth, extensions","PUBLIC","false","SEE function-callers inventory; dynamic callers UNKNOWN","UNCLASSIFIED","UNDECIDED","UNKNOWN"
"public","validate_menu_billing_profile_refs()","validate_menu_billing_profile_refs","","trigger","postgres","plpgsql","false","v","search_path=public, auth, extensions","service_role","true","SEE function-callers inventory; dynamic callers UNKNOWN","UNCLASSIFIED","UNDECIDED","UNKNOWN"
"public","validate_menu_template_billing_profile_refs()","validate_menu_template_billing_profile_refs","","trigger","postgres","plpgsql","false","v","search_path=public, auth, extensions","anon","false","SEE function-callers inventory; dynamic callers UNKNOWN","UNCLASSIFIED","UNDECIDED","UNKNOWN"
"public","validate_menu_template_billing_profile_refs()","validate_menu_template_billing_profile_refs","","trigger","postgres","plpgsql","false","v","search_path=public, auth, extensions","authenticated","false","SEE function-callers inventory; dynamic callers UNKNOWN","UNCLASSIFIED","UNDECIDED","UNKNOWN"
"public","validate_menu_template_billing_profile_refs()","validate_menu_template_billing_profile_refs","","trigger","postgres","plpgsql","false","v","search_path=public, auth, extensions","PUBLIC","false","SEE function-callers inventory; dynamic callers UNKNOWN","UNCLASSIFIED","UNDECIDED","UNKNOWN"
"public","validate_menu_template_billing_profile_refs()","validate_menu_template_billing_profile_refs","","trigger","postgres","plpgsql","false","v","search_path=public, auth, extensions","service_role","true","SEE function-callers inventory; dynamic callers UNKNOWN","UNCLASSIFIED","UNDECIDED","UNKNOWN"
"public","validate_reservation_history_clinic_refs()","validate_reservation_history_clinic_refs","","trigger","postgres","plpgsql","false","v","search_path=public, auth, extensions","anon","true","SEE function-callers inventory; dynamic callers UNKNOWN","UNCLASSIFIED","UNDECIDED","UNKNOWN"
"public","validate_reservation_history_clinic_refs()","validate_reservation_history_clinic_refs","","trigger","postgres","plpgsql","false","v","search_path=public, auth, extensions","authenticated","true","SEE function-callers inventory; dynamic callers UNKNOWN","UNCLASSIFIED","UNDECIDED","UNKNOWN"
"public","validate_reservation_history_clinic_refs()","validate_reservation_history_clinic_refs","","trigger","postgres","plpgsql","false","v","search_path=public, auth, extensions","PUBLIC","true","SEE function-callers inventory; dynamic callers UNKNOWN","UNCLASSIFIED","UNDECIDED","UNKNOWN"
"public","validate_reservation_history_clinic_refs()","validate_reservation_history_clinic_refs","","trigger","postgres","plpgsql","false","v","search_path=public, auth, extensions","service_role","true","SEE function-callers inventory; dynamic callers UNKNOWN","UNCLASSIFIED","UNDECIDED","UNKNOWN"
"public","validate_reservations_clinic_refs()","validate_reservations_clinic_refs","","trigger","postgres","plpgsql","false","v","search_path=public, auth, extensions","anon","true","SEE function-callers inventory; dynamic callers UNKNOWN","UNCLASSIFIED","UNDECIDED","UNKNOWN"
"public","validate_reservations_clinic_refs()","validate_reservations_clinic_refs","","trigger","postgres","plpgsql","false","v","search_path=public, auth, extensions","authenticated","true","SEE function-callers inventory; dynamic callers UNKNOWN","UNCLASSIFIED","UNDECIDED","UNKNOWN"
"public","validate_reservations_clinic_refs()","validate_reservations_clinic_refs","","trigger","postgres","plpgsql","false","v","search_path=public, auth, extensions","PUBLIC","true","SEE function-callers inventory; dynamic callers UNKNOWN","UNCLASSIFIED","UNDECIDED","UNKNOWN"
"public","validate_reservations_clinic_refs()","validate_reservations_clinic_refs","","trigger","postgres","plpgsql","false","v","search_path=public, auth, extensions","service_role","true","SEE function-callers inventory; dynamic callers UNKNOWN","UNCLASSIFIED","UNDECIDED","UNKNOWN"
"public","validate_revenue_estimate_child_refs()","validate_revenue_estimate_child_refs","","trigger","postgres","plpgsql","false","v","search_path=public, auth, extensions","anon","false","SEE function-callers inventory; dynamic callers UNKNOWN","UNCLASSIFIED","UNDECIDED","UNKNOWN"
"public","validate_revenue_estimate_child_refs()","validate_revenue_estimate_child_refs","","trigger","postgres","plpgsql","false","v","search_path=public, auth, extensions","authenticated","false","SEE function-callers inventory; dynamic callers UNKNOWN","UNCLASSIFIED","UNDECIDED","UNKNOWN"
"public","validate_revenue_estimate_child_refs()","validate_revenue_estimate_child_refs","","trigger","postgres","plpgsql","false","v","search_path=public, auth, extensions","PUBLIC","false","SEE function-callers inventory; dynamic callers UNKNOWN","UNCLASSIFIED","UNDECIDED","UNKNOWN"
"public","validate_revenue_estimate_child_refs()","validate_revenue_estimate_child_refs","","trigger","postgres","plpgsql","false","v","search_path=public, auth, extensions","service_role","true","SEE function-callers inventory; dynamic callers UNKNOWN","UNCLASSIFIED","UNDECIDED","UNKNOWN"
"public","validate_revenue_estimate_insurance_fee_refs()","validate_revenue_estimate_insurance_fee_refs","","trigger","postgres","plpgsql","false","v","search_path=public, auth, extensions","anon","false","SEE function-callers inventory; dynamic callers UNKNOWN","UNCLASSIFIED","UNDECIDED","UNKNOWN"
"public","validate_revenue_estimate_insurance_fee_refs()","validate_revenue_estimate_insurance_fee_refs","","trigger","postgres","plpgsql","false","v","search_path=public, auth, extensions","authenticated","false","SEE function-callers inventory; dynamic callers UNKNOWN","UNCLASSIFIED","UNDECIDED","UNKNOWN"
"public","validate_revenue_estimate_insurance_fee_refs()","validate_revenue_estimate_insurance_fee_refs","","trigger","postgres","plpgsql","false","v","search_path=public, auth, extensions","PUBLIC","false","SEE function-callers inventory; dynamic callers UNKNOWN","UNCLASSIFIED","UNDECIDED","UNKNOWN"
"public","validate_revenue_estimate_insurance_fee_refs()","validate_revenue_estimate_insurance_fee_refs","","trigger","postgres","plpgsql","false","v","search_path=public, auth, extensions","service_role","true","SEE function-callers inventory; dynamic callers UNKNOWN","UNCLASSIFIED","UNDECIDED","UNKNOWN"
"public","validate_revenue_estimate_line_insurance_fee_refs()","validate_revenue_estimate_line_insurance_fee_refs","","trigger","postgres","plpgsql","false","v","search_path=public, auth, extensions","anon","false","SEE function-callers inventory; dynamic callers UNKNOWN","UNCLASSIFIED","UNDECIDED","UNKNOWN"
"public","validate_revenue_estimate_line_insurance_fee_refs()","validate_revenue_estimate_line_insurance_fee_refs","","trigger","postgres","plpgsql","false","v","search_path=public, auth, extensions","authenticated","false","SEE function-callers inventory; dynamic callers UNKNOWN","UNCLASSIFIED","UNDECIDED","UNKNOWN"
"public","validate_revenue_estimate_line_insurance_fee_refs()","validate_revenue_estimate_line_insurance_fee_refs","","trigger","postgres","plpgsql","false","v","search_path=public, auth, extensions","PUBLIC","false","SEE function-callers inventory; dynamic callers UNKNOWN","UNCLASSIFIED","UNDECIDED","UNKNOWN"
"public","validate_revenue_estimate_line_insurance_fee_refs()","validate_revenue_estimate_line_insurance_fee_refs","","trigger","postgres","plpgsql","false","v","search_path=public, auth, extensions","service_role","true","SEE function-callers inventory; dynamic callers UNKNOWN","UNCLASSIFIED","UNDECIDED","UNKNOWN"
"public","validate_revenue_estimates_refs()","validate_revenue_estimates_refs","","trigger","postgres","plpgsql","false","v","search_path=public, auth, extensions","anon","false","SEE function-callers inventory; dynamic callers UNKNOWN","UNCLASSIFIED","UNDECIDED","UNKNOWN"
"public","validate_revenue_estimates_refs()","validate_revenue_estimates_refs","","trigger","postgres","plpgsql","false","v","search_path=public, auth, extensions","authenticated","false","SEE function-callers inventory; dynamic callers UNKNOWN","UNCLASSIFIED","UNDECIDED","UNKNOWN"
"public","validate_revenue_estimates_refs()","validate_revenue_estimates_refs","","trigger","postgres","plpgsql","false","v","search_path=public, auth, extensions","PUBLIC","false","SEE function-callers inventory; dynamic callers UNKNOWN","UNCLASSIFIED","UNDECIDED","UNKNOWN"
"public","validate_revenue_estimates_refs()","validate_revenue_estimates_refs","","trigger","postgres","plpgsql","false","v","search_path=public, auth, extensions","service_role","true","SEE function-callers inventory; dynamic callers UNKNOWN","UNCLASSIFIED","UNDECIDED","UNKNOWN"
"public","validate_shift_requests_clinic_refs()","validate_shift_requests_clinic_refs","","trigger","postgres","plpgsql","true","v","search_path=public, auth, extensions","anon","false","SEE function-callers inventory; dynamic callers UNKNOWN","UNCLASSIFIED","UNDECIDED","UNKNOWN"
"public","validate_shift_requests_clinic_refs()","validate_shift_requests_clinic_refs","","trigger","postgres","plpgsql","true","v","search_path=public, auth, extensions","authenticated","false","SEE function-callers inventory; dynamic callers UNKNOWN","UNCLASSIFIED","UNDECIDED","UNKNOWN"
"public","validate_shift_requests_clinic_refs()","validate_shift_requests_clinic_refs","","trigger","postgres","plpgsql","true","v","search_path=public, auth, extensions","PUBLIC","false","SEE function-callers inventory; dynamic callers UNKNOWN","UNCLASSIFIED","UNDECIDED","UNKNOWN"
"public","validate_shift_requests_clinic_refs()","validate_shift_requests_clinic_refs","","trigger","postgres","plpgsql","true","v","search_path=public, auth, extensions","service_role","true","SEE function-callers inventory; dynamic callers UNKNOWN","UNCLASSIFIED","UNDECIDED","UNKNOWN"
"public","wipe_line_setup_session_secrets()","wipe_line_setup_session_secrets","","trigger","postgres","plpgsql","false","v","search_path=pg_catalog, public","anon","false","SEE function-callers inventory; dynamic callers UNKNOWN","UNCLASSIFIED","UNDECIDED","UNKNOWN"
"public","wipe_line_setup_session_secrets()","wipe_line_setup_session_secrets","","trigger","postgres","plpgsql","false","v","search_path=pg_catalog, public","authenticated","false","SEE function-callers inventory; dynamic callers UNKNOWN","UNCLASSIFIED","UNDECIDED","UNKNOWN"
"public","wipe_line_setup_session_secrets()","wipe_line_setup_session_secrets","","trigger","postgres","plpgsql","false","v","search_path=pg_catalog, public","PUBLIC","false","SEE function-callers inventory; dynamic callers UNKNOWN","UNCLASSIFIED","UNDECIDED","UNKNOWN"
"public","wipe_line_setup_session_secrets()","wipe_line_setup_session_secrets","","trigger","postgres","plpgsql","false","v","search_path=pg_catalog, public","service_role","true","SEE function-callers inventory; dynamic callers UNKNOWN","UNCLASSIFIED","UNDECIDED","UNKNOWN"
