"schema","object_type","object_name","grantee","privilege_type","is_grantable","source_migration_if_known","owner","classification","expected","difference"
"*","DEFAULT_FUNCTION","*future* (effective global)","PUBLIC","EXECUTE","NO","UNKNOWN_NOT_IN_PG_CATALOG","supabase_admin","UNCLASSIFIED","UNDECIDED","UNKNOWN"
"*","DEFAULT_FUNCTION","*future* (effective global)","postgres","EXECUTE","NO","UNKNOWN_NOT_IN_PG_CATALOG","postgres","UNCLASSIFIED","UNDECIDED","UNKNOWN"
"*","DEFAULT_FUNCTION","*future* (effective global)","supabase_admin","EXECUTE","NO","UNKNOWN_NOT_IN_PG_CATALOG","supabase_admin","UNCLASSIFIED","UNDECIDED","UNKNOWN"
"*","DEFAULT_SEQUENCE","*future* (effective global)","postgres","USAGE","NO","UNKNOWN_NOT_IN_PG_CATALOG","postgres","UNCLASSIFIED","UNDECIDED","UNKNOWN"
"*","DEFAULT_SEQUENCE","*future* (effective global)","supabase_admin","USAGE","NO","UNKNOWN_NOT_IN_PG_CATALOG","supabase_admin","UNCLASSIFIED","UNDECIDED","UNKNOWN"
"*","DEFAULT_TABLE","*future* (effective global)","postgres","DELETE","NO","UNKNOWN_NOT_IN_PG_CATALOG","postgres","UNCLASSIFIED","UNDECIDED","UNKNOWN"
"*","DEFAULT_TABLE","*future* (effective global)","postgres","INSERT","NO","UNKNOWN_NOT_IN_PG_CATALOG","postgres","UNCLASSIFIED","UNDECIDED","UNKNOWN"
"*","DEFAULT_TABLE","*future* (effective global)","postgres","MAINTAIN","NO","UNKNOWN_NOT_IN_PG_CATALOG","postgres","UNCLASSIFIED","UNDECIDED","UNKNOWN"
"*","DEFAULT_TABLE","*future* (effective global)","postgres","REFERENCES","NO","UNKNOWN_NOT_IN_PG_CATALOG","postgres","UNCLASSIFIED","UNDECIDED","UNKNOWN"
"*","DEFAULT_TABLE","*future* (effective global)","postgres","SELECT","NO","UNKNOWN_NOT_IN_PG_CATALOG","postgres","UNCLASSIFIED","UNDECIDED","UNKNOWN"
"*","DEFAULT_TABLE","*future* (effective global)","postgres","TRIGGER","NO","UNKNOWN_NOT_IN_PG_CATALOG","postgres","UNCLASSIFIED","UNDECIDED","UNKNOWN"
"*","DEFAULT_TABLE","*future* (effective global)","postgres","TRUNCATE","NO","UNKNOWN_NOT_IN_PG_CATALOG","postgres","UNCLASSIFIED","UNDECIDED","UNKNOWN"
"*","DEFAULT_TABLE","*future* (effective global)","postgres","UPDATE","NO","UNKNOWN_NOT_IN_PG_CATALOG","postgres","UNCLASSIFIED","UNDECIDED","UNKNOWN"
"*","DEFAULT_TABLE","*future* (effective global)","supabase_admin","DELETE","NO","UNKNOWN_NOT_IN_PG_CATALOG","supabase_admin","UNCLASSIFIED","UNDECIDED","UNKNOWN"
"*","DEFAULT_TABLE","*future* (effective global)","supabase_admin","INSERT","NO","UNKNOWN_NOT_IN_PG_CATALOG","supabase_admin","UNCLASSIFIED","UNDECIDED","UNKNOWN"
"*","DEFAULT_TABLE","*future* (effective global)","supabase_admin","MAINTAIN","NO","UNKNOWN_NOT_IN_PG_CATALOG","supabase_admin","UNCLASSIFIED","UNDECIDED","UNKNOWN"
"*","DEFAULT_TABLE","*future* (effective global)","supabase_admin","REFERENCES","NO","UNKNOWN_NOT_IN_PG_CATALOG","supabase_admin","UNCLASSIFIED","UNDECIDED","UNKNOWN"
"*","DEFAULT_TABLE","*future* (effective global)","supabase_admin","SELECT","NO","UNKNOWN_NOT_IN_PG_CATALOG","supabase_admin","UNCLASSIFIED","UNDECIDED","UNKNOWN"
"*","DEFAULT_TABLE","*future* (effective global)","supabase_admin","TRIGGER","NO","UNKNOWN_NOT_IN_PG_CATALOG","supabase_admin","UNCLASSIFIED","UNDECIDED","UNKNOWN"
"*","DEFAULT_TABLE","*future* (effective global)","supabase_admin","TRUNCATE","NO","UNKNOWN_NOT_IN_PG_CATALOG","supabase_admin","UNCLASSIFIED","UNDECIDED","UNKNOWN"
"*","DEFAULT_TABLE","*future* (effective global)","supabase_admin","UPDATE","NO","UNKNOWN_NOT_IN_PG_CATALOG","supabase_admin","UNCLASSIFIED","UNDECIDED","UNKNOWN"
"app_private","FUNCTION","app_private.assert_manager_clinic_assignment_valid()","postgres","EXECUTE","NO","UNKNOWN_NOT_IN_PG_CATALOG","postgres","UNCLASSIFIED","UNDECIDED","UNKNOWN"
"app_private","FUNCTION","app_private.assert_manager_clinic_assignment_valid()","service_role","EXECUTE","NO","UNKNOWN_NOT_IN_PG_CATALOG","postgres","UNCLASSIFIED","UNDECIDED","UNKNOWN"
"app_private","FUNCTION","app_private.assert_subscription_org_root_clinic()","postgres","EXECUTE","NO","UNKNOWN_NOT_IN_PG_CATALOG","postgres","UNCLASSIFIED","UNDECIDED","UNKNOWN"
"app_private","FUNCTION","app_private.belongs_to_clinic(uuid)","anon","EXECUTE","NO","UNKNOWN_NOT_IN_PG_CATALOG","postgres","UNCLASSIFIED","UNDECIDED","UNKNOWN"
"app_private","FUNCTION","app_private.belongs_to_clinic(uuid)","authenticated","EXECUTE","NO","UNKNOWN_NOT_IN_PG_CATALOG","postgres","UNCLASSIFIED","UNDECIDED","UNKNOWN"
"app_private","FUNCTION","app_private.belongs_to_clinic(uuid)","postgres","EXECUTE","NO","UNKNOWN_NOT_IN_PG_CATALOG","postgres","UNCLASSIFIED","UNDECIDED","UNKNOWN"
"app_private","FUNCTION","app_private.belongs_to_clinic(uuid)","service_role","EXECUTE","NO","UNKNOWN_NOT_IN_PG_CATALOG","postgres","UNCLASSIFIED","UNDECIDED","UNKNOWN"
"app_private","FUNCTION","app_private.can_access_clinic(uuid)","anon","EXECUTE","NO","UNKNOWN_NOT_IN_PG_CATALOG","postgres","UNCLASSIFIED","UNDECIDED","UNKNOWN"
"app_private","FUNCTION","app_private.can_access_clinic(uuid)","authenticated","EXECUTE","NO","UNKNOWN_NOT_IN_PG_CATALOG","postgres","UNCLASSIFIED","UNDECIDED","UNKNOWN"
"app_private","FUNCTION","app_private.can_access_clinic(uuid)","postgres","EXECUTE","NO","UNKNOWN_NOT_IN_PG_CATALOG","postgres","UNCLASSIFIED","UNDECIDED","UNKNOWN"
"app_private","FUNCTION","app_private.can_access_clinic(uuid)","service_role","EXECUTE","NO","UNKNOWN_NOT_IN_PG_CATALOG","postgres","UNCLASSIFIED","UNDECIDED","UNKNOWN"
"app_private","FUNCTION","app_private.custom_access_token_hook(jsonb)","postgres","EXECUTE","NO","UNKNOWN_NOT_IN_PG_CATALOG","postgres","UNCLASSIFIED","UNDECIDED","UNKNOWN"
"app_private","FUNCTION","app_private.custom_access_token_hook(jsonb)","supabase_auth_admin","EXECUTE","NO","UNKNOWN_NOT_IN_PG_CATALOG","postgres","UNCLASSIFIED","UNDECIDED","UNKNOWN"
"app_private","FUNCTION","app_private.get_current_accessible_clinic_ids()","authenticated","EXECUTE","NO","UNKNOWN_NOT_IN_PG_CATALOG","postgres","UNCLASSIFIED","UNDECIDED","UNKNOWN"
"app_private","FUNCTION","app_private.get_current_accessible_clinic_ids()","postgres","EXECUTE","NO","UNKNOWN_NOT_IN_PG_CATALOG","postgres","UNCLASSIFIED","UNDECIDED","UNKNOWN"
"app_private","FUNCTION","app_private.get_current_clinic_id()","anon","EXECUTE","NO","UNKNOWN_NOT_IN_PG_CATALOG","postgres","UNCLASSIFIED","UNDECIDED","UNKNOWN"
"app_private","FUNCTION","app_private.get_current_clinic_id()","authenticated","EXECUTE","NO","UNKNOWN_NOT_IN_PG_CATALOG","postgres","UNCLASSIFIED","UNDECIDED","UNKNOWN"
"app_private","FUNCTION","app_private.get_current_clinic_id()","postgres","EXECUTE","NO","UNKNOWN_NOT_IN_PG_CATALOG","postgres","UNCLASSIFIED","UNDECIDED","UNKNOWN"
"app_private","FUNCTION","app_private.get_current_clinic_id()","service_role","EXECUTE","NO","UNKNOWN_NOT_IN_PG_CATALOG","postgres","UNCLASSIFIED","UNDECIDED","UNKNOWN"
"app_private","FUNCTION","app_private.get_current_role()","anon","EXECUTE","NO","UNKNOWN_NOT_IN_PG_CATALOG","postgres","UNCLASSIFIED","UNDECIDED","UNKNOWN"
"app_private","FUNCTION","app_private.get_current_role()","authenticated","EXECUTE","NO","UNKNOWN_NOT_IN_PG_CATALOG","postgres","UNCLASSIFIED","UNDECIDED","UNKNOWN"
"app_private","FUNCTION","app_private.get_current_role()","postgres","EXECUTE","NO","UNKNOWN_NOT_IN_PG_CATALOG","postgres","UNCLASSIFIED","UNDECIDED","UNKNOWN"
"app_private","FUNCTION","app_private.get_current_role()","service_role","EXECUTE","NO","UNKNOWN_NOT_IN_PG_CATALOG","postgres","UNCLASSIFIED","UNDECIDED","UNKNOWN"
"app_private","FUNCTION","app_private.get_sibling_clinic_ids(uuid)","authenticated","EXECUTE","NO","UNKNOWN_NOT_IN_PG_CATALOG","postgres","UNCLASSIFIED","UNDECIDED","UNKNOWN"
"app_private","FUNCTION","app_private.get_sibling_clinic_ids(uuid)","postgres","EXECUTE","NO","UNKNOWN_NOT_IN_PG_CATALOG","postgres","UNCLASSIFIED","UNDECIDED","UNKNOWN"
"app_private","FUNCTION","app_private.get_sibling_clinic_ids(uuid)","service_role","EXECUTE","NO","UNKNOWN_NOT_IN_PG_CATALOG","postgres","UNCLASSIFIED","UNDECIDED","UNKNOWN"
"app_private","FUNCTION","app_private.is_admin()","anon","EXECUTE","NO","UNKNOWN_NOT_IN_PG_CATALOG","postgres","UNCLASSIFIED","UNDECIDED","UNKNOWN"
"app_private","FUNCTION","app_private.is_admin()","authenticated","EXECUTE","NO","UNKNOWN_NOT_IN_PG_CATALOG","postgres","UNCLASSIFIED","UNDECIDED","UNKNOWN"
"app_private","FUNCTION","app_private.is_admin()","postgres","EXECUTE","NO","UNKNOWN_NOT_IN_PG_CATALOG","postgres","UNCLASSIFIED","UNDECIDED","UNKNOWN"
"app_private","FUNCTION","app_private.is_admin()","service_role","EXECUTE","NO","UNKNOWN_NOT_IN_PG_CATALOG","postgres","UNCLASSIFIED","UNDECIDED","UNKNOWN"
"app_private","FUNCTION","app_private.jwt_clinic_id()","anon","EXECUTE","NO","UNKNOWN_NOT_IN_PG_CATALOG","postgres","UNCLASSIFIED","UNDECIDED","UNKNOWN"
"app_private","FUNCTION","app_private.jwt_clinic_id()","authenticated","EXECUTE","NO","UNKNOWN_NOT_IN_PG_CATALOG","postgres","UNCLASSIFIED","UNDECIDED","UNKNOWN"
"app_private","FUNCTION","app_private.jwt_clinic_id()","postgres","EXECUTE","NO","UNKNOWN_NOT_IN_PG_CATALOG","postgres","UNCLASSIFIED","UNDECIDED","UNKNOWN"
"app_private","FUNCTION","app_private.jwt_clinic_id()","service_role","EXECUTE","NO","UNKNOWN_NOT_IN_PG_CATALOG","postgres","UNCLASSIFIED","UNDECIDED","UNKNOWN"
"app_private","FUNCTION","app_private.jwt_is_admin()","anon","EXECUTE","NO","UNKNOWN_NOT_IN_PG_CATALOG","postgres","UNCLASSIFIED","UNDECIDED","UNKNOWN"
"app_private","FUNCTION","app_private.jwt_is_admin()","authenticated","EXECUTE","NO","UNKNOWN_NOT_IN_PG_CATALOG","postgres","UNCLASSIFIED","UNDECIDED","UNKNOWN"
"app_private","FUNCTION","app_private.jwt_is_admin()","postgres","EXECUTE","NO","UNKNOWN_NOT_IN_PG_CATALOG","postgres","UNCLASSIFIED","UNDECIDED","UNKNOWN"
"app_private","FUNCTION","app_private.jwt_is_admin()","service_role","EXECUTE","NO","UNKNOWN_NOT_IN_PG_CATALOG","postgres","UNCLASSIFIED","UNDECIDED","UNKNOWN"
"app_private","FUNCTION","app_private.user_role()","anon","EXECUTE","NO","UNKNOWN_NOT_IN_PG_CATALOG","postgres","UNCLASSIFIED","UNDECIDED","UNKNOWN"
"app_private","FUNCTION","app_private.user_role()","authenticated","EXECUTE","NO","UNKNOWN_NOT_IN_PG_CATALOG","postgres","UNCLASSIFIED","UNDECIDED","UNKNOWN"
"app_private","FUNCTION","app_private.user_role()","postgres","EXECUTE","NO","UNKNOWN_NOT_IN_PG_CATALOG","postgres","UNCLASSIFIED","UNDECIDED","UNKNOWN"
"app_private","FUNCTION","app_private.user_role()","service_role","EXECUTE","NO","UNKNOWN_NOT_IN_PG_CATALOG","postgres","UNCLASSIFIED","UNDECIDED","UNKNOWN"
"app_private","SCHEMA","app_private","anon","USAGE","NO","UNKNOWN_NOT_IN_PG_CATALOG","postgres","UNCLASSIFIED","UNDECIDED","UNKNOWN"
"app_private","SCHEMA","app_private","authenticated","USAGE","NO","UNKNOWN_NOT_IN_PG_CATALOG","postgres","UNCLASSIFIED","UNDECIDED","UNKNOWN"
"app_private","SCHEMA","app_private","postgres","CREATE","NO","UNKNOWN_NOT_IN_PG_CATALOG","postgres","UNCLASSIFIED","UNDECIDED","UNKNOWN"
"app_private","SCHEMA","app_private","postgres","USAGE","NO","UNKNOWN_NOT_IN_PG_CATALOG","postgres","UNCLASSIFIED","UNDECIDED","UNKNOWN"
"app_private","SCHEMA","app_private","service_role","USAGE","NO","UNKNOWN_NOT_IN_PG_CATALOG","postgres","UNCLASSIFIED","UNDECIDED","UNKNOWN"
"app_private","SCHEMA","app_private","supabase_auth_admin","USAGE","NO","UNKNOWN_NOT_IN_PG_CATALOG","postgres","UNCLASSIFIED","UNDECIDED","UNKNOWN"
"public","DEFAULT_FUNCTION","*future* (schema addition)","anon","EXECUTE","NO","UNKNOWN_NOT_IN_PG_CATALOG","supabase_admin","UNCLASSIFIED","UNDECIDED","UNKNOWN"
"public","DEFAULT_FUNCTION","*future* (schema addition)","authenticated","EXECUTE","NO","UNKNOWN_NOT_IN_PG_CATALOG","supabase_admin","UNCLASSIFIED","UNDECIDED","UNKNOWN"
"public","DEFAULT_FUNCTION","*future* (schema addition)","postgres","EXECUTE","NO","UNKNOWN_NOT_IN_PG_CATALOG","postgres","UNCLASSIFIED","UNDECIDED","UNKNOWN"
"public","DEFAULT_FUNCTION","*future* (schema addition)","postgres","EXECUTE","NO","UNKNOWN_NOT_IN_PG_CATALOG","supabase_admin","UNCLASSIFIED","UNDECIDED","UNKNOWN"
"public","DEFAULT_FUNCTION","*future* (schema addition)","service_role","EXECUTE","NO","UNKNOWN_NOT_IN_PG_CATALOG","postgres","UNCLASSIFIED","UNDECIDED","UNKNOWN"
"public","DEFAULT_FUNCTION","*future* (schema addition)","service_role","EXECUTE","NO","UNKNOWN_NOT_IN_PG_CATALOG","supabase_admin","UNCLASSIFIED","UNDECIDED","UNKNOWN"
"public","DEFAULT_SEQUENCE","*future* (schema addition)","anon","SELECT","NO","UNKNOWN_NOT_IN_PG_CATALOG","supabase_admin","UNCLASSIFIED","UNDECIDED","UNKNOWN"
"public","DEFAULT_SEQUENCE","*future* (schema addition)","anon","UPDATE","NO","UNKNOWN_NOT_IN_PG_CATALOG","supabase_admin","UNCLASSIFIED","UNDECIDED","UNKNOWN"
"public","DEFAULT_SEQUENCE","*future* (schema addition)","anon","USAGE","NO","UNKNOWN_NOT_IN_PG_CATALOG","supabase_admin","UNCLASSIFIED","UNDECIDED","UNKNOWN"
"public","DEFAULT_SEQUENCE","*future* (schema addition)","authenticated","SELECT","NO","UNKNOWN_NOT_IN_PG_CATALOG","supabase_admin","UNCLASSIFIED","UNDECIDED","UNKNOWN"
"public","DEFAULT_SEQUENCE","*future* (schema addition)","authenticated","UPDATE","NO","UNKNOWN_NOT_IN_PG_CATALOG","supabase_admin","UNCLASSIFIED","UNDECIDED","UNKNOWN"
"public","DEFAULT_SEQUENCE","*future* (schema addition)","authenticated","USAGE","NO","UNKNOWN_NOT_IN_PG_CATALOG","supabase_admin","UNCLASSIFIED","UNDECIDED","UNKNOWN"
"public","DEFAULT_SEQUENCE","*future* (schema addition)","postgres","SELECT","NO","UNKNOWN_NOT_IN_PG_CATALOG","postgres","UNCLASSIFIED","UNDECIDED","UNKNOWN"
"public","DEFAULT_SEQUENCE","*future* (schema addition)","postgres","SELECT","NO","UNKNOWN_NOT_IN_PG_CATALOG","supabase_admin","UNCLASSIFIED","UNDECIDED","UNKNOWN"
"public","DEFAULT_SEQUENCE","*future* (schema addition)","postgres","UPDATE","NO","UNKNOWN_NOT_IN_PG_CATALOG","postgres","UNCLASSIFIED","UNDECIDED","UNKNOWN"
"public","DEFAULT_SEQUENCE","*future* (schema addition)","postgres","UPDATE","NO","UNKNOWN_NOT_IN_PG_CATALOG","supabase_admin","UNCLASSIFIED","UNDECIDED","UNKNOWN"
"public","DEFAULT_SEQUENCE","*future* (schema addition)","postgres","USAGE","NO","UNKNOWN_NOT_IN_PG_CATALOG","postgres","UNCLASSIFIED","UNDECIDED","UNKNOWN"
"public","DEFAULT_SEQUENCE","*future* (schema addition)","postgres","USAGE","NO","UNKNOWN_NOT_IN_PG_CATALOG","supabase_admin","UNCLASSIFIED","UNDECIDED","UNKNOWN"
"public","DEFAULT_SEQUENCE","*future* (schema addition)","service_role","SELECT","NO","UNKNOWN_NOT_IN_PG_CATALOG","postgres","UNCLASSIFIED","UNDECIDED","UNKNOWN"
"public","DEFAULT_SEQUENCE","*future* (schema addition)","service_role","SELECT","NO","UNKNOWN_NOT_IN_PG_CATALOG","supabase_admin","UNCLASSIFIED","UNDECIDED","UNKNOWN"
"public","DEFAULT_SEQUENCE","*future* (schema addition)","service_role","UPDATE","NO","UNKNOWN_NOT_IN_PG_CATALOG","postgres","UNCLASSIFIED","UNDECIDED","UNKNOWN"
"public","DEFAULT_SEQUENCE","*future* (schema addition)","service_role","UPDATE","NO","UNKNOWN_NOT_IN_PG_CATALOG","supabase_admin","UNCLASSIFIED","UNDECIDED","UNKNOWN"
"public","DEFAULT_SEQUENCE","*future* (schema addition)","service_role","USAGE","NO","UNKNOWN_NOT_IN_PG_CATALOG","postgres","UNCLASSIFIED","UNDECIDED","UNKNOWN"
"public","DEFAULT_SEQUENCE","*future* (schema addition)","service_role","USAGE","NO","UNKNOWN_NOT_IN_PG_CATALOG","supabase_admin","UNCLASSIFIED","UNDECIDED","UNKNOWN"
"public","DEFAULT_TABLE","*future* (schema addition)","anon","DELETE","NO","UNKNOWN_NOT_IN_PG_CATALOG","supabase_admin","UNCLASSIFIED","UNDECIDED","UNKNOWN"
"public","DEFAULT_TABLE","*future* (schema addition)","anon","INSERT","NO","UNKNOWN_NOT_IN_PG_CATALOG","supabase_admin","UNCLASSIFIED","UNDECIDED","UNKNOWN"
"public","DEFAULT_TABLE","*future* (schema addition)","anon","MAINTAIN","NO","UNKNOWN_NOT_IN_PG_CATALOG","supabase_admin","UNCLASSIFIED","UNDECIDED","UNKNOWN"
"public","DEFAULT_TABLE","*future* (schema addition)","anon","REFERENCES","NO","UNKNOWN_NOT_IN_PG_CATALOG","supabase_admin","UNCLASSIFIED","UNDECIDED","UNKNOWN"
"public","DEFAULT_TABLE","*future* (schema addition)","anon","SELECT","NO","UNKNOWN_NOT_IN_PG_CATALOG","supabase_admin","UNCLASSIFIED","UNDECIDED","UNKNOWN"
"public","DEFAULT_TABLE","*future* (schema addition)","anon","TRIGGER","NO","UNKNOWN_NOT_IN_PG_CATALOG","supabase_admin","UNCLASSIFIED","UNDECIDED","UNKNOWN"
"public","DEFAULT_TABLE","*future* (schema addition)","anon","TRUNCATE","NO","UNKNOWN_NOT_IN_PG_CATALOG","supabase_admin","UNCLASSIFIED","UNDECIDED","UNKNOWN"
"public","DEFAULT_TABLE","*future* (schema addition)","anon","UPDATE","NO","UNKNOWN_NOT_IN_PG_CATALOG","supabase_admin","UNCLASSIFIED","UNDECIDED","UNKNOWN"
"public","DEFAULT_TABLE","*future* (schema addition)","authenticated","DELETE","NO","UNKNOWN_NOT_IN_PG_CATALOG","supabase_admin","UNCLASSIFIED","UNDECIDED","UNKNOWN"
"public","DEFAULT_TABLE","*future* (schema addition)","authenticated","INSERT","NO","UNKNOWN_NOT_IN_PG_CATALOG","supabase_admin","UNCLASSIFIED","UNDECIDED","UNKNOWN"
"public","DEFAULT_TABLE","*future* (schema addition)","authenticated","MAINTAIN","NO","UNKNOWN_NOT_IN_PG_CATALOG","supabase_admin","UNCLASSIFIED","UNDECIDED","UNKNOWN"
"public","DEFAULT_TABLE","*future* (schema addition)","authenticated","REFERENCES","NO","UNKNOWN_NOT_IN_PG_CATALOG","supabase_admin","UNCLASSIFIED","UNDECIDED","UNKNOWN"
"public","DEFAULT_TABLE","*future* (schema addition)","authenticated","SELECT","NO","UNKNOWN_NOT_IN_PG_CATALOG","supabase_admin","UNCLASSIFIED","UNDECIDED","UNKNOWN"
"public","DEFAULT_TABLE","*future* (schema addition)","authenticated","TRIGGER","NO","UNKNOWN_NOT_IN_PG_CATALOG","supabase_admin","UNCLASSIFIED","UNDECIDED","UNKNOWN"
"public","DEFAULT_TABLE","*future* (schema addition)","authenticated","TRUNCATE","NO","UNKNOWN_NOT_IN_PG_CATALOG","supabase_admin","UNCLASSIFIED","UNDECIDED","UNKNOWN"
"public","DEFAULT_TABLE","*future* (schema addition)","authenticated","UPDATE","NO","UNKNOWN_NOT_IN_PG_CATALOG","supabase_admin","UNCLASSIFIED","UNDECIDED","UNKNOWN"
"public","DEFAULT_TABLE","*future* (schema addition)","postgres","DELETE","NO","UNKNOWN_NOT_IN_PG_CATALOG","postgres","UNCLASSIFIED","UNDECIDED","UNKNOWN"
"public","DEFAULT_TABLE","*future* (schema addition)","postgres","DELETE","NO","UNKNOWN_NOT_IN_PG_CATALOG","supabase_admin","UNCLASSIFIED","UNDECIDED","UNKNOWN"
"public","DEFAULT_TABLE","*future* (schema addition)","postgres","INSERT","NO","UNKNOWN_NOT_IN_PG_CATALOG","postgres","UNCLASSIFIED","UNDECIDED","UNKNOWN"
"public","DEFAULT_TABLE","*future* (schema addition)","postgres","INSERT","NO","UNKNOWN_NOT_IN_PG_CATALOG","supabase_admin","UNCLASSIFIED","UNDECIDED","UNKNOWN"
"public","DEFAULT_TABLE","*future* (schema addition)","postgres","MAINTAIN","NO","UNKNOWN_NOT_IN_PG_CATALOG","postgres","UNCLASSIFIED","UNDECIDED","UNKNOWN"
"public","DEFAULT_TABLE","*future* (schema addition)","postgres","MAINTAIN","NO","UNKNOWN_NOT_IN_PG_CATALOG","supabase_admin","UNCLASSIFIED","UNDECIDED","UNKNOWN"
"public","DEFAULT_TABLE","*future* (schema addition)","postgres","REFERENCES","NO","UNKNOWN_NOT_IN_PG_CATALOG","postgres","UNCLASSIFIED","UNDECIDED","UNKNOWN"
"public","DEFAULT_TABLE","*future* (schema addition)","postgres","REFERENCES","NO","UNKNOWN_NOT_IN_PG_CATALOG","supabase_admin","UNCLASSIFIED","UNDECIDED","UNKNOWN"
"public","DEFAULT_TABLE","*future* (schema addition)","postgres","SELECT","NO","UNKNOWN_NOT_IN_PG_CATALOG","postgres","UNCLASSIFIED","UNDECIDED","UNKNOWN"
"public","DEFAULT_TABLE","*future* (schema addition)","postgres","SELECT","NO","UNKNOWN_NOT_IN_PG_CATALOG","supabase_admin","UNCLASSIFIED","UNDECIDED","UNKNOWN"
"public","DEFAULT_TABLE","*future* (schema addition)","postgres","TRIGGER","NO","UNKNOWN_NOT_IN_PG_CATALOG","postgres","UNCLASSIFIED","UNDECIDED","UNKNOWN"
"public","DEFAULT_TABLE","*future* (schema addition)","postgres","TRIGGER","NO","UNKNOWN_NOT_IN_PG_CATALOG","supabase_admin","UNCLASSIFIED","UNDECIDED","UNKNOWN"
"public","DEFAULT_TABLE","*future* (schema addition)","postgres","TRUNCATE","NO","UNKNOWN_NOT_IN_PG_CATALOG","postgres","UNCLASSIFIED","UNDECIDED","UNKNOWN"
"public","DEFAULT_TABLE","*future* (schema addition)","postgres","TRUNCATE","NO","UNKNOWN_NOT_IN_PG_CATALOG","supabase_admin","UNCLASSIFIED","UNDECIDED","UNKNOWN"
"public","DEFAULT_TABLE","*future* (schema addition)","postgres","UPDATE","NO","UNKNOWN_NOT_IN_PG_CATALOG","postgres","UNCLASSIFIED","UNDECIDED","UNKNOWN"
"public","DEFAULT_TABLE","*future* (schema addition)","postgres","UPDATE","NO","UNKNOWN_NOT_IN_PG_CATALOG","supabase_admin","UNCLASSIFIED","UNDECIDED","UNKNOWN"
"public","DEFAULT_TABLE","*future* (schema addition)","service_role","DELETE","NO","UNKNOWN_NOT_IN_PG_CATALOG","postgres","UNCLASSIFIED","UNDECIDED","UNKNOWN"
"public","DEFAULT_TABLE","*future* (schema addition)","service_role","DELETE","NO","UNKNOWN_NOT_IN_PG_CATALOG","supabase_admin","UNCLASSIFIED","UNDECIDED","UNKNOWN"
"public","DEFAULT_TABLE","*future* (schema addition)","service_role","INSERT","NO","UNKNOWN_NOT_IN_PG_CATALOG","postgres","UNCLASSIFIED","UNDECIDED","UNKNOWN"
"public","DEFAULT_TABLE","*future* (schema addition)","service_role","INSERT","NO","UNKNOWN_NOT_IN_PG_CATALOG","supabase_admin","UNCLASSIFIED","UNDECIDED","UNKNOWN"
"public","DEFAULT_TABLE","*future* (schema addition)","service_role","MAINTAIN","NO","UNKNOWN_NOT_IN_PG_CATALOG","postgres","UNCLASSIFIED","UNDECIDED","UNKNOWN"
"public","DEFAULT_TABLE","*future* (schema addition)","service_role","MAINTAIN","NO","UNKNOWN_NOT_IN_PG_CATALOG","supabase_admin","UNCLASSIFIED","UNDECIDED","UNKNOWN"
"public","DEFAULT_TABLE","*future* (schema addition)","service_role","REFERENCES","NO","UNKNOWN_NOT_IN_PG_CATALOG","postgres","UNCLASSIFIED","UNDECIDED","UNKNOWN"
"public","DEFAULT_TABLE","*future* (schema addition)","service_role","REFERENCES","NO","UNKNOWN_NOT_IN_PG_CATALOG","supabase_admin","UNCLASSIFIED","UNDECIDED","UNKNOWN"
"public","DEFAULT_TABLE","*future* (schema addition)","service_role","SELECT","NO","UNKNOWN_NOT_IN_PG_CATALOG","postgres","UNCLASSIFIED","UNDECIDED","UNKNOWN"
"public","DEFAULT_TABLE","*future* (schema addition)","service_role","SELECT","NO","UNKNOWN_NOT_IN_PG_CATALOG","supabase_admin","UNCLASSIFIED","UNDECIDED","UNKNOWN"
"public","DEFAULT_TABLE","*future* (schema addition)","service_role","TRIGGER","NO","UNKNOWN_NOT_IN_PG_CATALOG","postgres","UNCLASSIFIED","UNDECIDED","UNKNOWN"
"public","DEFAULT_TABLE","*future* (schema addition)","service_role","TRIGGER","NO","UNKNOWN_NOT_IN_PG_CATALOG","supabase_admin","UNCLASSIFIED","UNDECIDED","UNKNOWN"
"public","DEFAULT_TABLE","*future* (schema addition)","service_role","TRUNCATE","NO","UNKNOWN_NOT_IN_PG_CATALOG","postgres","UNCLASSIFIED","UNDECIDED","UNKNOWN"
"public","DEFAULT_TABLE","*future* (schema addition)","service_role","TRUNCATE","NO","UNKNOWN_NOT_IN_PG_CATALOG","supabase_admin","UNCLASSIFIED","UNDECIDED","UNKNOWN"
"public","DEFAULT_TABLE","*future* (schema addition)","service_role","UPDATE","NO","UNKNOWN_NOT_IN_PG_CATALOG","postgres","UNCLASSIFIED","UNDECIDED","UNKNOWN"
"public","DEFAULT_TABLE","*future* (schema addition)","service_role","UPDATE","NO","UNKNOWN_NOT_IN_PG_CATALOG","supabase_admin","UNCLASSIFIED","UNDECIDED","UNKNOWN"
"public","FUNCTION","accept_invite(uuid)","postgres","EXECUTE","NO","UNKNOWN_NOT_IN_PG_CATALOG","postgres","UNCLASSIFIED","UNDECIDED","UNKNOWN"
"public","FUNCTION","accept_staff_invite_atomic(uuid,uuid,text)","postgres","EXECUTE","NO","UNKNOWN_NOT_IN_PG_CATALOG","postgres","UNCLASSIFIED","UNDECIDED","UNKNOWN"
"public","FUNCTION","accept_staff_invite_atomic(uuid,uuid,text)","service_role","EXECUTE","NO","UNKNOWN_NOT_IN_PG_CATALOG","postgres","UNCLASSIFIED","UNDECIDED","UNKNOWN"
"public","FUNCTION","activate_billable_store_if_capacity(uuid,uuid)","postgres","EXECUTE","NO","UNKNOWN_NOT_IN_PG_CATALOG","postgres","UNCLASSIFIED","UNDECIDED","UNKNOWN"
"public","FUNCTION","activate_billable_store_if_capacity(uuid,uuid)","service_role","EXECUTE","NO","UNKNOWN_NOT_IN_PG_CATALOG","postgres","UNCLASSIFIED","UNDECIDED","UNKNOWN"
"public","FUNCTION","aggregate_mfa_stats(uuid,timestamp with time zone,timestamp with time zone)","postgres","EXECUTE","NO","UNKNOWN_NOT_IN_PG_CATALOG","postgres","UNCLASSIFIED","UNDECIDED","UNKNOWN"
"public","FUNCTION","aggregate_mfa_stats(uuid,timestamp with time zone,timestamp with time zone)","service_role","EXECUTE","NO","UNKNOWN_NOT_IN_PG_CATALOG","postgres","UNCLASSIFIED","UNDECIDED","UNKNOWN"
"public","FUNCTION","analyze_patient_segments(uuid)","PUBLIC","EXECUTE","NO","UNKNOWN_NOT_IN_PG_CATALOG","postgres","UNCLASSIFIED","UNDECIDED","UNKNOWN"
"public","FUNCTION","analyze_patient_segments(uuid)","anon","EXECUTE","NO","UNKNOWN_NOT_IN_PG_CATALOG","postgres","UNCLASSIFIED","UNDECIDED","UNKNOWN"
"public","FUNCTION","analyze_patient_segments(uuid)","authenticated","EXECUTE","NO","UNKNOWN_NOT_IN_PG_CATALOG","postgres","UNCLASSIFIED","UNDECIDED","UNKNOWN"
"public","FUNCTION","analyze_patient_segments(uuid)","postgres","EXECUTE","NO","UNKNOWN_NOT_IN_PG_CATALOG","postgres","UNCLASSIFIED","UNDECIDED","UNKNOWN"
"public","FUNCTION","analyze_patient_segments(uuid)","service_role","EXECUTE","NO","UNKNOWN_NOT_IN_PG_CATALOG","postgres","UNCLASSIFIED","UNDECIDED","UNKNOWN"
"public","FUNCTION","analyze_staff_efficiency(uuid,integer)","PUBLIC","EXECUTE","NO","UNKNOWN_NOT_IN_PG_CATALOG","postgres","UNCLASSIFIED","UNDECIDED","UNKNOWN"
"public","FUNCTION","analyze_staff_efficiency(uuid,integer)","anon","EXECUTE","NO","UNKNOWN_NOT_IN_PG_CATALOG","postgres","UNCLASSIFIED","UNDECIDED","UNKNOWN"
"public","FUNCTION","analyze_staff_efficiency(uuid,integer)","authenticated","EXECUTE","NO","UNKNOWN_NOT_IN_PG_CATALOG","postgres","UNCLASSIFIED","UNDECIDED","UNKNOWN"
"public","FUNCTION","analyze_staff_efficiency(uuid,integer)","postgres","EXECUTE","NO","UNKNOWN_NOT_IN_PG_CATALOG","postgres","UNCLASSIFIED","UNDECIDED","UNKNOWN"
"public","FUNCTION","analyze_staff_efficiency(uuid,integer)","service_role","EXECUTE","NO","UNKNOWN_NOT_IN_PG_CATALOG","postgres","UNCLASSIFIED","UNDECIDED","UNKNOWN"
"public","FUNCTION","assign_line_chat_conversation(uuid,uuid,uuid,uuid)","postgres","EXECUTE","NO","UNKNOWN_NOT_IN_PG_CATALOG","postgres","UNCLASSIFIED","UNDECIDED","UNKNOWN"
"public","FUNCTION","assign_line_chat_conversation(uuid,uuid,uuid,uuid)","service_role","EXECUTE","NO","UNKNOWN_NOT_IN_PG_CATALOG","postgres","UNCLASSIFIED","UNDECIDED","UNKNOWN"
"public","FUNCTION","belongs_to_clinic(uuid)","postgres","EXECUTE","NO","UNKNOWN_NOT_IN_PG_CATALOG","postgres","UNCLASSIFIED","UNDECIDED","UNKNOWN"
"public","FUNCTION","belongs_to_clinic(uuid)","service_role","EXECUTE","NO","UNKNOWN_NOT_IN_PG_CATALOG","postgres","UNCLASSIFIED","UNDECIDED","UNKNOWN"
"public","FUNCTION","bind_line_setup_push_request(uuid,uuid,uuid,text)","postgres","EXECUTE","NO","UNKNOWN_NOT_IN_PG_CATALOG","postgres","UNCLASSIFIED","UNDECIDED","UNKNOWN"
"public","FUNCTION","bind_line_setup_push_request(uuid,uuid,uuid,text)","service_role","EXECUTE","NO","UNKNOWN_NOT_IN_PG_CATALOG","postgres","UNCLASSIFIED","UNDECIDED","UNKNOWN"
"public","FUNCTION","calculate_churn_risk_score(uuid)","PUBLIC","EXECUTE","NO","UNKNOWN_NOT_IN_PG_CATALOG","postgres","UNCLASSIFIED","UNDECIDED","UNKNOWN"
"public","FUNCTION","calculate_churn_risk_score(uuid)","anon","EXECUTE","NO","UNKNOWN_NOT_IN_PG_CATALOG","postgres","UNCLASSIFIED","UNDECIDED","UNKNOWN"
"public","FUNCTION","calculate_churn_risk_score(uuid)","authenticated","EXECUTE","NO","UNKNOWN_NOT_IN_PG_CATALOG","postgres","UNCLASSIFIED","UNDECIDED","UNKNOWN"
"public","FUNCTION","calculate_churn_risk_score(uuid)","postgres","EXECUTE","NO","UNKNOWN_NOT_IN_PG_CATALOG","postgres","UNCLASSIFIED","UNDECIDED","UNKNOWN"
"public","FUNCTION","calculate_churn_risk_score(uuid)","service_role","EXECUTE","NO","UNKNOWN_NOT_IN_PG_CATALOG","postgres","UNCLASSIFIED","UNDECIDED","UNKNOWN"
"public","FUNCTION","calculate_patient_ltv(uuid)","PUBLIC","EXECUTE","NO","UNKNOWN_NOT_IN_PG_CATALOG","postgres","UNCLASSIFIED","UNDECIDED","UNKNOWN"
"public","FUNCTION","calculate_patient_ltv(uuid)","anon","EXECUTE","NO","UNKNOWN_NOT_IN_PG_CATALOG","postgres","UNCLASSIFIED","UNDECIDED","UNKNOWN"
"public","FUNCTION","calculate_patient_ltv(uuid)","authenticated","EXECUTE","NO","UNKNOWN_NOT_IN_PG_CATALOG","postgres","UNCLASSIFIED","UNDECIDED","UNKNOWN"
"public","FUNCTION","calculate_patient_ltv(uuid)","postgres","EXECUTE","NO","UNKNOWN_NOT_IN_PG_CATALOG","postgres","UNCLASSIFIED","UNDECIDED","UNKNOWN"
"public","FUNCTION","calculate_patient_ltv(uuid)","service_role","EXECUTE","NO","UNKNOWN_NOT_IN_PG_CATALOG","postgres","UNCLASSIFIED","UNDECIDED","UNKNOWN"
"public","FUNCTION","can_access_clinic(uuid)","postgres","EXECUTE","NO","UNKNOWN_NOT_IN_PG_CATALOG","postgres","UNCLASSIFIED","UNDECIDED","UNKNOWN"
"public","FUNCTION","can_access_clinic(uuid)","service_role","EXECUTE","NO","UNKNOWN_NOT_IN_PG_CATALOG","postgres","UNCLASSIFIED","UNDECIDED","UNKNOWN"
"public","FUNCTION","cash_dist(money,money)","PUBLIC","EXECUTE","NO","UNKNOWN_NOT_IN_PG_CATALOG","supabase_admin","UNCLASSIFIED","UNDECIDED","UNKNOWN"
"public","FUNCTION","cash_dist(money,money)","anon","EXECUTE","NO","UNKNOWN_NOT_IN_PG_CATALOG","supabase_admin","UNCLASSIFIED","UNDECIDED","UNKNOWN"
"public","FUNCTION","cash_dist(money,money)","authenticated","EXECUTE","NO","UNKNOWN_NOT_IN_PG_CATALOG","supabase_admin","UNCLASSIFIED","UNDECIDED","UNKNOWN"
"public","FUNCTION","cash_dist(money,money)","postgres","EXECUTE","NO","UNKNOWN_NOT_IN_PG_CATALOG","supabase_admin","UNCLASSIFIED","UNDECIDED","UNKNOWN"
"public","FUNCTION","cash_dist(money,money)","service_role","EXECUTE","NO","UNKNOWN_NOT_IN_PG_CATALOG","supabase_admin","UNCLASSIFIED","UNDECIDED","UNKNOWN"
"public","FUNCTION","cash_dist(money,money)","supabase_admin","EXECUTE","NO","UNKNOWN_NOT_IN_PG_CATALOG","supabase_admin","UNCLASSIFIED","UNDECIDED","UNKNOWN"
"public","FUNCTION","check_reservation_conflict(uuid,timestamp with time zone,timestamp with time zone,uuid)","PUBLIC","EXECUTE","NO","UNKNOWN_NOT_IN_PG_CATALOG","postgres","UNCLASSIFIED","UNDECIDED","UNKNOWN"
"public","FUNCTION","check_reservation_conflict(uuid,timestamp with time zone,timestamp with time zone,uuid)","anon","EXECUTE","NO","UNKNOWN_NOT_IN_PG_CATALOG","postgres","UNCLASSIFIED","UNDECIDED","UNKNOWN"
"public","FUNCTION","check_reservation_conflict(uuid,timestamp with time zone,timestamp with time zone,uuid)","authenticated","EXECUTE","NO","UNKNOWN_NOT_IN_PG_CATALOG","postgres","UNCLASSIFIED","UNDECIDED","UNKNOWN"
"public","FUNCTION","check_reservation_conflict(uuid,timestamp with time zone,timestamp with time zone,uuid)","postgres","EXECUTE","NO","UNKNOWN_NOT_IN_PG_CATALOG","postgres","UNCLASSIFIED","UNDECIDED","UNKNOWN"
"public","FUNCTION","check_reservation_conflict(uuid,timestamp with time zone,timestamp with time zone,uuid)","service_role","EXECUTE","NO","UNKNOWN_NOT_IN_PG_CATALOG","postgres","UNCLASSIFIED","UNDECIDED","UNKNOWN"
"public","FUNCTION","claim_line_chat_outbox(uuid,integer)","postgres","EXECUTE","NO","UNKNOWN_NOT_IN_PG_CATALOG","postgres","UNCLASSIFIED","UNDECIDED","UNKNOWN"
"public","FUNCTION","claim_line_chat_outbox(uuid,integer)","service_role","EXECUTE","NO","UNKNOWN_NOT_IN_PG_CATALOG","postgres","UNCLASSIFIED","UNDECIDED","UNKNOWN"
"public","FUNCTION","claim_line_notification_outbox(uuid,uuid,integer)","postgres","EXECUTE","NO","UNKNOWN_NOT_IN_PG_CATALOG","postgres","UNCLASSIFIED","UNDECIDED","UNKNOWN"
"public","FUNCTION","claim_line_notification_outbox(uuid,uuid,integer)","service_role","EXECUTE","NO","UNKNOWN_NOT_IN_PG_CATALOG","postgres","UNCLASSIFIED","UNDECIDED","UNKNOWN"
"public","FUNCTION","claim_line_setup_verification(uuid,uuid)","postgres","EXECUTE","NO","UNKNOWN_NOT_IN_PG_CATALOG","postgres","UNCLASSIFIED","UNDECIDED","UNKNOWN"
"public","FUNCTION","claim_line_setup_verification(uuid,uuid)","service_role","EXECUTE","NO","UNKNOWN_NOT_IN_PG_CATALOG","postgres","UNCLASSIFIED","UNDECIDED","UNKNOWN"
"public","FUNCTION","close_line_setup_session(uuid,uuid,text)","postgres","EXECUTE","NO","UNKNOWN_NOT_IN_PG_CATALOG","postgres","UNCLASSIFIED","UNDECIDED","UNKNOWN"
"public","FUNCTION","close_line_setup_session(uuid,uuid,text)","service_role","EXECUTE","NO","UNKNOWN_NOT_IN_PG_CATALOG","postgres","UNCLASSIFIED","UNDECIDED","UNKNOWN"
"public","FUNCTION","complete_line_self_serve_setup(uuid,uuid,uuid,jsonb,uuid,boolean,boolean)","postgres","EXECUTE","NO","UNKNOWN_NOT_IN_PG_CATALOG","postgres","UNCLASSIFIED","UNDECIDED","UNKNOWN"
"public","FUNCTION","complete_line_self_serve_setup(uuid,uuid,uuid,jsonb,uuid,boolean,boolean)","service_role","EXECUTE","NO","UNKNOWN_NOT_IN_PG_CATALOG","postgres","UNCLASSIFIED","UNDECIDED","UNKNOWN"
"public","FUNCTION","confirm_daily_report_item_pricing(uuid,uuid,integer,numeric,boolean,text,uuid)","postgres","EXECUTE","NO","UNKNOWN_NOT_IN_PG_CATALOG","postgres","UNCLASSIFIED","UNDECIDED","UNKNOWN"
"public","FUNCTION","confirm_daily_report_item_pricing(uuid,uuid,integer,numeric,boolean,text,uuid)","service_role","EXECUTE","NO","UNKNOWN_NOT_IN_PG_CATALOG","postgres","UNCLASSIFIED","UNDECIDED","UNKNOWN"
"public","FUNCTION","convert_shift_requests(uuid,uuid,uuid[],text,uuid,text)","postgres","EXECUTE","NO","UNKNOWN_NOT_IN_PG_CATALOG","postgres","UNCLASSIFIED","UNDECIDED","UNKNOWN"
"public","FUNCTION","convert_shift_requests(uuid,uuid,uuid[],text,uuid,text)","service_role","EXECUTE","NO","UNKNOWN_NOT_IN_PG_CATALOG","postgres","UNCLASSIFIED","UNDECIDED","UNKNOWN"
"public","FUNCTION","create_clinic_with_admin(text,text,text,date,uuid)","postgres","EXECUTE","NO","UNKNOWN_NOT_IN_PG_CATALOG","postgres","UNCLASSIFIED","UNDECIDED","UNKNOWN"
"public","FUNCTION","create_clinic_with_admin(text,text,text,date,uuid)","service_role","EXECUTE","NO","UNKNOWN_NOT_IN_PG_CATALOG","postgres","UNCLASSIFIED","UNDECIDED","UNKNOWN"
"public","FUNCTION","create_staff_availability_event(uuid,uuid,uuid,timestamp with time zone,text,uuid,jsonb)","postgres","EXECUTE","NO","UNKNOWN_NOT_IN_PG_CATALOG","postgres","UNCLASSIFIED","UNDECIDED","UNKNOWN"
"public","FUNCTION","create_staff_availability_event(uuid,uuid,uuid,timestamp with time zone,text,uuid,jsonb)","service_role","EXECUTE","NO","UNKNOWN_NOT_IN_PG_CATALOG","postgres","UNCLASSIFIED","UNDECIDED","UNKNOWN"
"public","FUNCTION","create_staff_availability_reservation(uuid,uuid,uuid,text,uuid,uuid,timestamp with time zone,timestamp with time zone,text,text,boolean,jsonb,uuid)","postgres","EXECUTE","NO","UNKNOWN_NOT_IN_PG_CATALOG","postgres","UNCLASSIFIED","UNDECIDED","UNKNOWN"
"public","FUNCTION","create_staff_availability_reservation(uuid,uuid,uuid,text,uuid,uuid,timestamp with time zone,timestamp with time zone,text,text,boolean,jsonb,uuid)","service_role","EXECUTE","NO","UNKNOWN_NOT_IN_PG_CATALOG","postgres","UNCLASSIFIED","UNDECIDED","UNKNOWN"
"public","FUNCTION","custom_access_token_hook(jsonb)","postgres","EXECUTE","NO","UNKNOWN_NOT_IN_PG_CATALOG","postgres","UNCLASSIFIED","UNDECIDED","UNKNOWN"
"public","FUNCTION","custom_access_token_hook(jsonb)","service_role","EXECUTE","NO","UNKNOWN_NOT_IN_PG_CATALOG","postgres","UNCLASSIFIED","UNDECIDED","UNKNOWN"
"public","FUNCTION","custom_access_token_hook(jsonb)","supabase_auth_admin","EXECUTE","NO","UNKNOWN_NOT_IN_PG_CATALOG","postgres","UNCLASSIFIED","UNDECIDED","UNKNOWN"
"public","FUNCTION","date_dist(date,date)","PUBLIC","EXECUTE","NO","UNKNOWN_NOT_IN_PG_CATALOG","supabase_admin","UNCLASSIFIED","UNDECIDED","UNKNOWN"
"public","FUNCTION","date_dist(date,date)","anon","EXECUTE","NO","UNKNOWN_NOT_IN_PG_CATALOG","supabase_admin","UNCLASSIFIED","UNDECIDED","UNKNOWN"
"public","FUNCTION","date_dist(date,date)","authenticated","EXECUTE","NO","UNKNOWN_NOT_IN_PG_CATALOG","supabase_admin","UNCLASSIFIED","UNDECIDED","UNKNOWN"
"public","FUNCTION","date_dist(date,date)","postgres","EXECUTE","NO","UNKNOWN_NOT_IN_PG_CATALOG","supabase_admin","UNCLASSIFIED","UNDECIDED","UNKNOWN"
"public","FUNCTION","date_dist(date,date)","service_role","EXECUTE","NO","UNKNOWN_NOT_IN_PG_CATALOG","supabase_admin","UNCLASSIFIED","UNDECIDED","UNKNOWN"
"public","FUNCTION","date_dist(date,date)","supabase_admin","EXECUTE","NO","UNKNOWN_NOT_IN_PG_CATALOG","supabase_admin","UNCLASSIFIED","UNDECIDED","UNKNOWN"
"public","FUNCTION","decrypt_mfa_secret(text)","postgres","EXECUTE","NO","UNKNOWN_NOT_IN_PG_CATALOG","postgres","UNCLASSIFIED","UNDECIDED","UNKNOWN"
"public","FUNCTION","decrypt_mfa_secret(text)","service_role","EXECUTE","NO","UNKNOWN_NOT_IN_PG_CATALOG","postgres","UNCLASSIFIED","UNDECIDED","UNKNOWN"
"public","FUNCTION","decrypt_patient_data(text)","PUBLIC","EXECUTE","NO","UNKNOWN_NOT_IN_PG_CATALOG","postgres","UNCLASSIFIED","UNDECIDED","UNKNOWN"
"public","FUNCTION","decrypt_patient_data(text)","anon","EXECUTE","NO","UNKNOWN_NOT_IN_PG_CATALOG","postgres","UNCLASSIFIED","UNDECIDED","UNKNOWN"
"public","FUNCTION","decrypt_patient_data(text)","authenticated","EXECUTE","NO","UNKNOWN_NOT_IN_PG_CATALOG","postgres","UNCLASSIFIED","UNDECIDED","UNKNOWN"
"public","FUNCTION","decrypt_patient_data(text)","postgres","EXECUTE","NO","UNKNOWN_NOT_IN_PG_CATALOG","postgres","UNCLASSIFIED","UNDECIDED","UNKNOWN"
"public","FUNCTION","decrypt_patient_data(text)","service_role","EXECUTE","NO","UNKNOWN_NOT_IN_PG_CATALOG","postgres","UNCLASSIFIED","UNDECIDED","UNKNOWN"
"public","FUNCTION","encrypt_mfa_secret(text)","postgres","EXECUTE","NO","UNKNOWN_NOT_IN_PG_CATALOG","postgres","UNCLASSIFIED","UNDECIDED","UNKNOWN"
"public","FUNCTION","encrypt_mfa_secret(text)","service_role","EXECUTE","NO","UNKNOWN_NOT_IN_PG_CATALOG","postgres","UNCLASSIFIED","UNDECIDED","UNKNOWN"
"public","FUNCTION","encrypt_patient_data(text)","PUBLIC","EXECUTE","NO","UNKNOWN_NOT_IN_PG_CATALOG","postgres","UNCLASSIFIED","UNDECIDED","UNKNOWN"
"public","FUNCTION","encrypt_patient_data(text)","anon","EXECUTE","NO","UNKNOWN_NOT_IN_PG_CATALOG","postgres","UNCLASSIFIED","UNDECIDED","UNKNOWN"
"public","FUNCTION","encrypt_patient_data(text)","authenticated","EXECUTE","NO","UNKNOWN_NOT_IN_PG_CATALOG","postgres","UNCLASSIFIED","UNDECIDED","UNKNOWN"
"public","FUNCTION","encrypt_patient_data(text)","postgres","EXECUTE","NO","UNKNOWN_NOT_IN_PG_CATALOG","postgres","UNCLASSIFIED","UNDECIDED","UNKNOWN"
"public","FUNCTION","encrypt_patient_data(text)","service_role","EXECUTE","NO","UNKNOWN_NOT_IN_PG_CATALOG","postgres","UNCLASSIFIED","UNDECIDED","UNKNOWN"
"public","FUNCTION","enqueue_line_chat_message(uuid,uuid,text,uuid)","postgres","EXECUTE","NO","UNKNOWN_NOT_IN_PG_CATALOG","postgres","UNCLASSIFIED","UNDECIDED","UNKNOWN"
"public","FUNCTION","enqueue_line_chat_message(uuid,uuid,text,uuid)","service_role","EXECUTE","NO","UNKNOWN_NOT_IN_PG_CATALOG","postgres","UNCLASSIFIED","UNDECIDED","UNKNOWN"
"public","FUNCTION","enqueue_outreach_campaign(uuid,uuid,text,jsonb)","postgres","EXECUTE","NO","UNKNOWN_NOT_IN_PG_CATALOG","postgres","UNCLASSIFIED","UNDECIDED","UNKNOWN"
"public","FUNCTION","enqueue_outreach_campaign(uuid,uuid,text,jsonb)","service_role","EXECUTE","NO","UNKNOWN_NOT_IN_PG_CATALOG","postgres","UNCLASSIFIED","UNDECIDED","UNKNOWN"
"public","FUNCTION","expire_line_setup_sessions(uuid)","postgres","EXECUTE","NO","UNKNOWN_NOT_IN_PG_CATALOG","postgres","UNCLASSIFIED","UNDECIDED","UNKNOWN"
"public","FUNCTION","expire_line_setup_sessions(uuid)","service_role","EXECUTE","NO","UNKNOWN_NOT_IN_PG_CATALOG","postgres","UNCLASSIFIED","UNDECIDED","UNKNOWN"
"public","FUNCTION","finalize_line_chat_outbox(uuid,uuid,uuid,boolean,text,text)","postgres","EXECUTE","NO","UNKNOWN_NOT_IN_PG_CATALOG","postgres","UNCLASSIFIED","UNDECIDED","UNKNOWN"
"public","FUNCTION","finalize_line_chat_outbox(uuid,uuid,uuid,boolean,text,text)","service_role","EXECUTE","NO","UNKNOWN_NOT_IN_PG_CATALOG","postgres","UNCLASSIFIED","UNDECIDED","UNKNOWN"
"public","FUNCTION","finalize_line_notification_outbox(uuid,uuid,uuid,text,timestamp with time zone,text,timestamp with time zone)","postgres","EXECUTE","NO","UNKNOWN_NOT_IN_PG_CATALOG","postgres","UNCLASSIFIED","UNDECIDED","UNKNOWN"
"public","FUNCTION","finalize_line_notification_outbox(uuid,uuid,uuid,text,timestamp with time zone,text,timestamp with time zone)","service_role","EXECUTE","NO","UNKNOWN_NOT_IN_PG_CATALOG","postgres","UNCLASSIFIED","UNDECIDED","UNKNOWN"
"public","FUNCTION","finalize_line_setup_verification(uuid,uuid,uuid,text,text,boolean)","postgres","EXECUTE","NO","UNKNOWN_NOT_IN_PG_CATALOG","postgres","UNCLASSIFIED","UNDECIDED","UNKNOWN"
"public","FUNCTION","finalize_line_setup_verification(uuid,uuid,uuid,text,text,boolean)","service_role","EXECUTE","NO","UNKNOWN_NOT_IN_PG_CATALOG","postgres","UNCLASSIFIED","UNDECIDED","UNKNOWN"
"public","FUNCTION","finalize_staff_availability_delivery(uuid,uuid,uuid,text,timestamp with time zone,text)","postgres","EXECUTE","NO","UNKNOWN_NOT_IN_PG_CATALOG","postgres","UNCLASSIFIED","UNDECIDED","UNKNOWN"
"public","FUNCTION","finalize_staff_availability_delivery(uuid,uuid,uuid,text,timestamp with time zone,text)","service_role","EXECUTE","NO","UNKNOWN_NOT_IN_PG_CATALOG","postgres","UNCLASSIFIED","UNDECIDED","UNKNOWN"
"public","FUNCTION","float4_dist(real,real)","PUBLIC","EXECUTE","NO","UNKNOWN_NOT_IN_PG_CATALOG","supabase_admin","UNCLASSIFIED","UNDECIDED","UNKNOWN"
"public","FUNCTION","float4_dist(real,real)","anon","EXECUTE","NO","UNKNOWN_NOT_IN_PG_CATALOG","supabase_admin","UNCLASSIFIED","UNDECIDED","UNKNOWN"
"public","FUNCTION","float4_dist(real,real)","authenticated","EXECUTE","NO","UNKNOWN_NOT_IN_PG_CATALOG","supabase_admin","UNCLASSIFIED","UNDECIDED","UNKNOWN"
"public","FUNCTION","float4_dist(real,real)","postgres","EXECUTE","NO","UNKNOWN_NOT_IN_PG_CATALOG","supabase_admin","UNCLASSIFIED","UNDECIDED","UNKNOWN"
"public","FUNCTION","float4_dist(real,real)","service_role","EXECUTE","NO","UNKNOWN_NOT_IN_PG_CATALOG","supabase_admin","UNCLASSIFIED","UNDECIDED","UNKNOWN"
"public","FUNCTION","float4_dist(real,real)","supabase_admin","EXECUTE","NO","UNKNOWN_NOT_IN_PG_CATALOG","supabase_admin","UNCLASSIFIED","UNDECIDED","UNKNOWN"
"public","FUNCTION","float8_dist(double precision,double precision)","PUBLIC","EXECUTE","NO","UNKNOWN_NOT_IN_PG_CATALOG","supabase_admin","UNCLASSIFIED","UNDECIDED","UNKNOWN"
"public","FUNCTION","float8_dist(double precision,double precision)","anon","EXECUTE","NO","UNKNOWN_NOT_IN_PG_CATALOG","supabase_admin","UNCLASSIFIED","UNDECIDED","UNKNOWN"
"public","FUNCTION","float8_dist(double precision,double precision)","authenticated","EXECUTE","NO","UNKNOWN_NOT_IN_PG_CATALOG","supabase_admin","UNCLASSIFIED","UNDECIDED","UNKNOWN"
"public","FUNCTION","float8_dist(double precision,double precision)","postgres","EXECUTE","NO","UNKNOWN_NOT_IN_PG_CATALOG","supabase_admin","UNCLASSIFIED","UNDECIDED","UNKNOWN"
"public","FUNCTION","float8_dist(double precision,double precision)","service_role","EXECUTE","NO","UNKNOWN_NOT_IN_PG_CATALOG","supabase_admin","UNCLASSIFIED","UNDECIDED","UNKNOWN"
"public","FUNCTION","float8_dist(double precision,double precision)","supabase_admin","EXECUTE","NO","UNKNOWN_NOT_IN_PG_CATALOG","supabase_admin","UNCLASSIFIED","UNDECIDED","UNKNOWN"
"public","FUNCTION","gbt_bit_compress(internal)","PUBLIC","EXECUTE","NO","UNKNOWN_NOT_IN_PG_CATALOG","supabase_admin","UNCLASSIFIED","UNDECIDED","UNKNOWN"
"public","FUNCTION","gbt_bit_compress(internal)","anon","EXECUTE","NO","UNKNOWN_NOT_IN_PG_CATALOG","supabase_admin","UNCLASSIFIED","UNDECIDED","UNKNOWN"
"public","FUNCTION","gbt_bit_compress(internal)","authenticated","EXECUTE","NO","UNKNOWN_NOT_IN_PG_CATALOG","supabase_admin","UNCLASSIFIED","UNDECIDED","UNKNOWN"
"public","FUNCTION","gbt_bit_compress(internal)","postgres","EXECUTE","NO","UNKNOWN_NOT_IN_PG_CATALOG","supabase_admin","UNCLASSIFIED","UNDECIDED","UNKNOWN"
"public","FUNCTION","gbt_bit_compress(internal)","service_role","EXECUTE","NO","UNKNOWN_NOT_IN_PG_CATALOG","supabase_admin","UNCLASSIFIED","UNDECIDED","UNKNOWN"
"public","FUNCTION","gbt_bit_compress(internal)","supabase_admin","EXECUTE","NO","UNKNOWN_NOT_IN_PG_CATALOG","supabase_admin","UNCLASSIFIED","UNDECIDED","UNKNOWN"
"public","FUNCTION","gbt_bit_consistent(internal,bit,smallint,oid,internal)","PUBLIC","EXECUTE","NO","UNKNOWN_NOT_IN_PG_CATALOG","supabase_admin","UNCLASSIFIED","UNDECIDED","UNKNOWN"
"public","FUNCTION","gbt_bit_consistent(internal,bit,smallint,oid,internal)","anon","EXECUTE","NO","UNKNOWN_NOT_IN_PG_CATALOG","supabase_admin","UNCLASSIFIED","UNDECIDED","UNKNOWN"
"public","FUNCTION","gbt_bit_consistent(internal,bit,smallint,oid,internal)","authenticated","EXECUTE","NO","UNKNOWN_NOT_IN_PG_CATALOG","supabase_admin","UNCLASSIFIED","UNDECIDED","UNKNOWN"
"public","FUNCTION","gbt_bit_consistent(internal,bit,smallint,oid,internal)","postgres","EXECUTE","NO","UNKNOWN_NOT_IN_PG_CATALOG","supabase_admin","UNCLASSIFIED","UNDECIDED","UNKNOWN"
"public","FUNCTION","gbt_bit_consistent(internal,bit,smallint,oid,internal)","service_role","EXECUTE","NO","UNKNOWN_NOT_IN_PG_CATALOG","supabase_admin","UNCLASSIFIED","UNDECIDED","UNKNOWN"
"public","FUNCTION","gbt_bit_consistent(internal,bit,smallint,oid,internal)","supabase_admin","EXECUTE","NO","UNKNOWN_NOT_IN_PG_CATALOG","supabase_admin","UNCLASSIFIED","UNDECIDED","UNKNOWN"
"public","FUNCTION","gbt_bit_penalty(internal,internal,internal)","PUBLIC","EXECUTE","NO","UNKNOWN_NOT_IN_PG_CATALOG","supabase_admin","UNCLASSIFIED","UNDECIDED","UNKNOWN"
"public","FUNCTION","gbt_bit_penalty(internal,internal,internal)","anon","EXECUTE","NO","UNKNOWN_NOT_IN_PG_CATALOG","supabase_admin","UNCLASSIFIED","UNDECIDED","UNKNOWN"
"public","FUNCTION","gbt_bit_penalty(internal,internal,internal)","authenticated","EXECUTE","NO","UNKNOWN_NOT_IN_PG_CATALOG","supabase_admin","UNCLASSIFIED","UNDECIDED","UNKNOWN"
"public","FUNCTION","gbt_bit_penalty(internal,internal,internal)","postgres","EXECUTE","NO","UNKNOWN_NOT_IN_PG_CATALOG","supabase_admin","UNCLASSIFIED","UNDECIDED","UNKNOWN"
"public","FUNCTION","gbt_bit_penalty(internal,internal,internal)","service_role","EXECUTE","NO","UNKNOWN_NOT_IN_PG_CATALOG","supabase_admin","UNCLASSIFIED","UNDECIDED","UNKNOWN"
"public","FUNCTION","gbt_bit_penalty(internal,internal,internal)","supabase_admin","EXECUTE","NO","UNKNOWN_NOT_IN_PG_CATALOG","supabase_admin","UNCLASSIFIED","UNDECIDED","UNKNOWN"
"public","FUNCTION","gbt_bit_picksplit(internal,internal)","PUBLIC","EXECUTE","NO","UNKNOWN_NOT_IN_PG_CATALOG","supabase_admin","UNCLASSIFIED","UNDECIDED","UNKNOWN"
"public","FUNCTION","gbt_bit_picksplit(internal,internal)","anon","EXECUTE","NO","UNKNOWN_NOT_IN_PG_CATALOG","supabase_admin","UNCLASSIFIED","UNDECIDED","UNKNOWN"
"public","FUNCTION","gbt_bit_picksplit(internal,internal)","authenticated","EXECUTE","NO","UNKNOWN_NOT_IN_PG_CATALOG","supabase_admin","UNCLASSIFIED","UNDECIDED","UNKNOWN"
"public","FUNCTION","gbt_bit_picksplit(internal,internal)","postgres","EXECUTE","NO","UNKNOWN_NOT_IN_PG_CATALOG","supabase_admin","UNCLASSIFIED","UNDECIDED","UNKNOWN"
"public","FUNCTION","gbt_bit_picksplit(internal,internal)","service_role","EXECUTE","NO","UNKNOWN_NOT_IN_PG_CATALOG","supabase_admin","UNCLASSIFIED","UNDECIDED","UNKNOWN"
"public","FUNCTION","gbt_bit_picksplit(internal,internal)","supabase_admin","EXECUTE","NO","UNKNOWN_NOT_IN_PG_CATALOG","supabase_admin","UNCLASSIFIED","UNDECIDED","UNKNOWN"
"public","FUNCTION","gbt_bit_same(gbtreekey_var,gbtreekey_var,internal)","PUBLIC","EXECUTE","NO","UNKNOWN_NOT_IN_PG_CATALOG","supabase_admin","UNCLASSIFIED","UNDECIDED","UNKNOWN"
"public","FUNCTION","gbt_bit_same(gbtreekey_var,gbtreekey_var,internal)","anon","EXECUTE","NO","UNKNOWN_NOT_IN_PG_CATALOG","supabase_admin","UNCLASSIFIED","UNDECIDED","UNKNOWN"
"public","FUNCTION","gbt_bit_same(gbtreekey_var,gbtreekey_var,internal)","authenticated","EXECUTE","NO","UNKNOWN_NOT_IN_PG_CATALOG","supabase_admin","UNCLASSIFIED","UNDECIDED","UNKNOWN"
"public","FUNCTION","gbt_bit_same(gbtreekey_var,gbtreekey_var,internal)","postgres","EXECUTE","NO","UNKNOWN_NOT_IN_PG_CATALOG","supabase_admin","UNCLASSIFIED","UNDECIDED","UNKNOWN"
"public","FUNCTION","gbt_bit_same(gbtreekey_var,gbtreekey_var,internal)","service_role","EXECUTE","NO","UNKNOWN_NOT_IN_PG_CATALOG","supabase_admin","UNCLASSIFIED","UNDECIDED","UNKNOWN"
"public","FUNCTION","gbt_bit_same(gbtreekey_var,gbtreekey_var,internal)","supabase_admin","EXECUTE","NO","UNKNOWN_NOT_IN_PG_CATALOG","supabase_admin","UNCLASSIFIED","UNDECIDED","UNKNOWN"
"public","FUNCTION","gbt_bit_union(internal,internal)","PUBLIC","EXECUTE","NO","UNKNOWN_NOT_IN_PG_CATALOG","supabase_admin","UNCLASSIFIED","UNDECIDED","UNKNOWN"
"public","FUNCTION","gbt_bit_union(internal,internal)","anon","EXECUTE","NO","UNKNOWN_NOT_IN_PG_CATALOG","supabase_admin","UNCLASSIFIED","UNDECIDED","UNKNOWN"
"public","FUNCTION","gbt_bit_union(internal,internal)","authenticated","EXECUTE","NO","UNKNOWN_NOT_IN_PG_CATALOG","supabase_admin","UNCLASSIFIED","UNDECIDED","UNKNOWN"
"public","FUNCTION","gbt_bit_union(internal,internal)","postgres","EXECUTE","NO","UNKNOWN_NOT_IN_PG_CATALOG","supabase_admin","UNCLASSIFIED","UNDECIDED","UNKNOWN"
"public","FUNCTION","gbt_bit_union(internal,internal)","service_role","EXECUTE","NO","UNKNOWN_NOT_IN_PG_CATALOG","supabase_admin","UNCLASSIFIED","UNDECIDED","UNKNOWN"
"public","FUNCTION","gbt_bit_union(internal,internal)","supabase_admin","EXECUTE","NO","UNKNOWN_NOT_IN_PG_CATALOG","supabase_admin","UNCLASSIFIED","UNDECIDED","UNKNOWN"
"public","FUNCTION","gbt_bool_compress(internal)","PUBLIC","EXECUTE","NO","UNKNOWN_NOT_IN_PG_CATALOG","supabase_admin","UNCLASSIFIED","UNDECIDED","UNKNOWN"
"public","FUNCTION","gbt_bool_compress(internal)","anon","EXECUTE","NO","UNKNOWN_NOT_IN_PG_CATALOG","supabase_admin","UNCLASSIFIED","UNDECIDED","UNKNOWN"
"public","FUNCTION","gbt_bool_compress(internal)","authenticated","EXECUTE","NO","UNKNOWN_NOT_IN_PG_CATALOG","supabase_admin","UNCLASSIFIED","UNDECIDED","UNKNOWN"
"public","FUNCTION","gbt_bool_compress(internal)","postgres","EXECUTE","NO","UNKNOWN_NOT_IN_PG_CATALOG","supabase_admin","UNCLASSIFIED","UNDECIDED","UNKNOWN"
"public","FUNCTION","gbt_bool_compress(internal)","service_role","EXECUTE","NO","UNKNOWN_NOT_IN_PG_CATALOG","supabase_admin","UNCLASSIFIED","UNDECIDED","UNKNOWN"
"public","FUNCTION","gbt_bool_compress(internal)","supabase_admin","EXECUTE","NO","UNKNOWN_NOT_IN_PG_CATALOG","supabase_admin","UNCLASSIFIED","UNDECIDED","UNKNOWN"
"public","FUNCTION","gbt_bool_consistent(internal,boolean,smallint,oid,internal)","PUBLIC","EXECUTE","NO","UNKNOWN_NOT_IN_PG_CATALOG","supabase_admin","UNCLASSIFIED","UNDECIDED","UNKNOWN"
"public","FUNCTION","gbt_bool_consistent(internal,boolean,smallint,oid,internal)","anon","EXECUTE","NO","UNKNOWN_NOT_IN_PG_CATALOG","supabase_admin","UNCLASSIFIED","UNDECIDED","UNKNOWN"
"public","FUNCTION","gbt_bool_consistent(internal,boolean,smallint,oid,internal)","authenticated","EXECUTE","NO","UNKNOWN_NOT_IN_PG_CATALOG","supabase_admin","UNCLASSIFIED","UNDECIDED","UNKNOWN"
"public","FUNCTION","gbt_bool_consistent(internal,boolean,smallint,oid,internal)","postgres","EXECUTE","NO","UNKNOWN_NOT_IN_PG_CATALOG","supabase_admin","UNCLASSIFIED","UNDECIDED","UNKNOWN"
"public","FUNCTION","gbt_bool_consistent(internal,boolean,smallint,oid,internal)","service_role","EXECUTE","NO","UNKNOWN_NOT_IN_PG_CATALOG","supabase_admin","UNCLASSIFIED","UNDECIDED","UNKNOWN"
"public","FUNCTION","gbt_bool_consistent(internal,boolean,smallint,oid,internal)","supabase_admin","EXECUTE","NO","UNKNOWN_NOT_IN_PG_CATALOG","supabase_admin","UNCLASSIFIED","UNDECIDED","UNKNOWN"
"public","FUNCTION","gbt_bool_fetch(internal)","PUBLIC","EXECUTE","NO","UNKNOWN_NOT_IN_PG_CATALOG","supabase_admin","UNCLASSIFIED","UNDECIDED","UNKNOWN"
"public","FUNCTION","gbt_bool_fetch(internal)","anon","EXECUTE","NO","UNKNOWN_NOT_IN_PG_CATALOG","supabase_admin","UNCLASSIFIED","UNDECIDED","UNKNOWN"
"public","FUNCTION","gbt_bool_fetch(internal)","authenticated","EXECUTE","NO","UNKNOWN_NOT_IN_PG_CATALOG","supabase_admin","UNCLASSIFIED","UNDECIDED","UNKNOWN"
"public","FUNCTION","gbt_bool_fetch(internal)","postgres","EXECUTE","NO","UNKNOWN_NOT_IN_PG_CATALOG","supabase_admin","UNCLASSIFIED","UNDECIDED","UNKNOWN"
"public","FUNCTION","gbt_bool_fetch(internal)","service_role","EXECUTE","NO","UNKNOWN_NOT_IN_PG_CATALOG","supabase_admin","UNCLASSIFIED","UNDECIDED","UNKNOWN"
"public","FUNCTION","gbt_bool_fetch(internal)","supabase_admin","EXECUTE","NO","UNKNOWN_NOT_IN_PG_CATALOG","supabase_admin","UNCLASSIFIED","UNDECIDED","UNKNOWN"
"public","FUNCTION","gbt_bool_penalty(internal,internal,internal)","PUBLIC","EXECUTE","NO","UNKNOWN_NOT_IN_PG_CATALOG","supabase_admin","UNCLASSIFIED","UNDECIDED","UNKNOWN"
"public","FUNCTION","gbt_bool_penalty(internal,internal,internal)","anon","EXECUTE","NO","UNKNOWN_NOT_IN_PG_CATALOG","supabase_admin","UNCLASSIFIED","UNDECIDED","UNKNOWN"
"public","FUNCTION","gbt_bool_penalty(internal,internal,internal)","authenticated","EXECUTE","NO","UNKNOWN_NOT_IN_PG_CATALOG","supabase_admin","UNCLASSIFIED","UNDECIDED","UNKNOWN"
"public","FUNCTION","gbt_bool_penalty(internal,internal,internal)","postgres","EXECUTE","NO","UNKNOWN_NOT_IN_PG_CATALOG","supabase_admin","UNCLASSIFIED","UNDECIDED","UNKNOWN"
"public","FUNCTION","gbt_bool_penalty(internal,internal,internal)","service_role","EXECUTE","NO","UNKNOWN_NOT_IN_PG_CATALOG","supabase_admin","UNCLASSIFIED","UNDECIDED","UNKNOWN"
"public","FUNCTION","gbt_bool_penalty(internal,internal,internal)","supabase_admin","EXECUTE","NO","UNKNOWN_NOT_IN_PG_CATALOG","supabase_admin","UNCLASSIFIED","UNDECIDED","UNKNOWN"
"public","FUNCTION","gbt_bool_picksplit(internal,internal)","PUBLIC","EXECUTE","NO","UNKNOWN_NOT_IN_PG_CATALOG","supabase_admin","UNCLASSIFIED","UNDECIDED","UNKNOWN"
"public","FUNCTION","gbt_bool_picksplit(internal,internal)","anon","EXECUTE","NO","UNKNOWN_NOT_IN_PG_CATALOG","supabase_admin","UNCLASSIFIED","UNDECIDED","UNKNOWN"
"public","FUNCTION","gbt_bool_picksplit(internal,internal)","authenticated","EXECUTE","NO","UNKNOWN_NOT_IN_PG_CATALOG","supabase_admin","UNCLASSIFIED","UNDECIDED","UNKNOWN"
"public","FUNCTION","gbt_bool_picksplit(internal,internal)","postgres","EXECUTE","NO","UNKNOWN_NOT_IN_PG_CATALOG","supabase_admin","UNCLASSIFIED","UNDECIDED","UNKNOWN"
"public","FUNCTION","gbt_bool_picksplit(internal,internal)","service_role","EXECUTE","NO","UNKNOWN_NOT_IN_PG_CATALOG","supabase_admin","UNCLASSIFIED","UNDECIDED","UNKNOWN"
"public","FUNCTION","gbt_bool_picksplit(internal,internal)","supabase_admin","EXECUTE","NO","UNKNOWN_NOT_IN_PG_CATALOG","supabase_admin","UNCLASSIFIED","UNDECIDED","UNKNOWN"
"public","FUNCTION","gbt_bool_same(gbtreekey2,gbtreekey2,internal)","PUBLIC","EXECUTE","NO","UNKNOWN_NOT_IN_PG_CATALOG","supabase_admin","UNCLASSIFIED","UNDECIDED","UNKNOWN"
"public","FUNCTION","gbt_bool_same(gbtreekey2,gbtreekey2,internal)","anon","EXECUTE","NO","UNKNOWN_NOT_IN_PG_CATALOG","supabase_admin","UNCLASSIFIED","UNDECIDED","UNKNOWN"
"public","FUNCTION","gbt_bool_same(gbtreekey2,gbtreekey2,internal)","authenticated","EXECUTE","NO","UNKNOWN_NOT_IN_PG_CATALOG","supabase_admin","UNCLASSIFIED","UNDECIDED","UNKNOWN"
"public","FUNCTION","gbt_bool_same(gbtreekey2,gbtreekey2,internal)","postgres","EXECUTE","NO","UNKNOWN_NOT_IN_PG_CATALOG","supabase_admin","UNCLASSIFIED","UNDECIDED","UNKNOWN"
"public","FUNCTION","gbt_bool_same(gbtreekey2,gbtreekey2,internal)","service_role","EXECUTE","NO","UNKNOWN_NOT_IN_PG_CATALOG","supabase_admin","UNCLASSIFIED","UNDECIDED","UNKNOWN"
"public","FUNCTION","gbt_bool_same(gbtreekey2,gbtreekey2,internal)","supabase_admin","EXECUTE","NO","UNKNOWN_NOT_IN_PG_CATALOG","supabase_admin","UNCLASSIFIED","UNDECIDED","UNKNOWN"
"public","FUNCTION","gbt_bool_union(internal,internal)","PUBLIC","EXECUTE","NO","UNKNOWN_NOT_IN_PG_CATALOG","supabase_admin","UNCLASSIFIED","UNDECIDED","UNKNOWN"
"public","FUNCTION","gbt_bool_union(internal,internal)","anon","EXECUTE","NO","UNKNOWN_NOT_IN_PG_CATALOG","supabase_admin","UNCLASSIFIED","UNDECIDED","UNKNOWN"
"public","FUNCTION","gbt_bool_union(internal,internal)","authenticated","EXECUTE","NO","UNKNOWN_NOT_IN_PG_CATALOG","supabase_admin","UNCLASSIFIED","UNDECIDED","UNKNOWN"
"public","FUNCTION","gbt_bool_union(internal,internal)","postgres","EXECUTE","NO","UNKNOWN_NOT_IN_PG_CATALOG","supabase_admin","UNCLASSIFIED","UNDECIDED","UNKNOWN"
"public","FUNCTION","gbt_bool_union(internal,internal)","service_role","EXECUTE","NO","UNKNOWN_NOT_IN_PG_CATALOG","supabase_admin","UNCLASSIFIED","UNDECIDED","UNKNOWN"
"public","FUNCTION","gbt_bool_union(internal,internal)","supabase_admin","EXECUTE","NO","UNKNOWN_NOT_IN_PG_CATALOG","supabase_admin","UNCLASSIFIED","UNDECIDED","UNKNOWN"
"public","FUNCTION","gbt_bpchar_compress(internal)","PUBLIC","EXECUTE","NO","UNKNOWN_NOT_IN_PG_CATALOG","supabase_admin","UNCLASSIFIED","UNDECIDED","UNKNOWN"
"public","FUNCTION","gbt_bpchar_compress(internal)","anon","EXECUTE","NO","UNKNOWN_NOT_IN_PG_CATALOG","supabase_admin","UNCLASSIFIED","UNDECIDED","UNKNOWN"
"public","FUNCTION","gbt_bpchar_compress(internal)","authenticated","EXECUTE","NO","UNKNOWN_NOT_IN_PG_CATALOG","supabase_admin","UNCLASSIFIED","UNDECIDED","UNKNOWN"
"public","FUNCTION","gbt_bpchar_compress(internal)","postgres","EXECUTE","NO","UNKNOWN_NOT_IN_PG_CATALOG","supabase_admin","UNCLASSIFIED","UNDECIDED","UNKNOWN"
"public","FUNCTION","gbt_bpchar_compress(internal)","service_role","EXECUTE","NO","UNKNOWN_NOT_IN_PG_CATALOG","supabase_admin","UNCLASSIFIED","UNDECIDED","UNKNOWN"
"public","FUNCTION","gbt_bpchar_compress(internal)","supabase_admin","EXECUTE","NO","UNKNOWN_NOT_IN_PG_CATALOG","supabase_admin","UNCLASSIFIED","UNDECIDED","UNKNOWN"
"public","FUNCTION","gbt_bpchar_consistent(internal,character,smallint,oid,internal)","PUBLIC","EXECUTE","NO","UNKNOWN_NOT_IN_PG_CATALOG","supabase_admin","UNCLASSIFIED","UNDECIDED","UNKNOWN"
"public","FUNCTION","gbt_bpchar_consistent(internal,character,smallint,oid,internal)","anon","EXECUTE","NO","UNKNOWN_NOT_IN_PG_CATALOG","supabase_admin","UNCLASSIFIED","UNDECIDED","UNKNOWN"
"public","FUNCTION","gbt_bpchar_consistent(internal,character,smallint,oid,internal)","authenticated","EXECUTE","NO","UNKNOWN_NOT_IN_PG_CATALOG","supabase_admin","UNCLASSIFIED","UNDECIDED","UNKNOWN"
"public","FUNCTION","gbt_bpchar_consistent(internal,character,smallint,oid,internal)","postgres","EXECUTE","NO","UNKNOWN_NOT_IN_PG_CATALOG","supabase_admin","UNCLASSIFIED","UNDECIDED","UNKNOWN"
"public","FUNCTION","gbt_bpchar_consistent(internal,character,smallint,oid,internal)","service_role","EXECUTE","NO","UNKNOWN_NOT_IN_PG_CATALOG","supabase_admin","UNCLASSIFIED","UNDECIDED","UNKNOWN"
"public","FUNCTION","gbt_bpchar_consistent(internal,character,smallint,oid,internal)","supabase_admin","EXECUTE","NO","UNKNOWN_NOT_IN_PG_CATALOG","supabase_admin","UNCLASSIFIED","UNDECIDED","UNKNOWN"
"public","FUNCTION","gbt_bytea_compress(internal)","PUBLIC","EXECUTE","NO","UNKNOWN_NOT_IN_PG_CATALOG","supabase_admin","UNCLASSIFIED","UNDECIDED","UNKNOWN"
"public","FUNCTION","gbt_bytea_compress(internal)","anon","EXECUTE","NO","UNKNOWN_NOT_IN_PG_CATALOG","supabase_admin","UNCLASSIFIED","UNDECIDED","UNKNOWN"
"public","FUNCTION","gbt_bytea_compress(internal)","authenticated","EXECUTE","NO","UNKNOWN_NOT_IN_PG_CATALOG","supabase_admin","UNCLASSIFIED","UNDECIDED","UNKNOWN"
"public","FUNCTION","gbt_bytea_compress(internal)","postgres","EXECUTE","NO","UNKNOWN_NOT_IN_PG_CATALOG","supabase_admin","UNCLASSIFIED","UNDECIDED","UNKNOWN"
"public","FUNCTION","gbt_bytea_compress(internal)","service_role","EXECUTE","NO","UNKNOWN_NOT_IN_PG_CATALOG","supabase_admin","UNCLASSIFIED","UNDECIDED","UNKNOWN"
"public","FUNCTION","gbt_bytea_compress(internal)","supabase_admin","EXECUTE","NO","UNKNOWN_NOT_IN_PG_CATALOG","supabase_admin","UNCLASSIFIED","UNDECIDED","UNKNOWN"
"public","FUNCTION","gbt_bytea_consistent(internal,bytea,smallint,oid,internal)","PUBLIC","EXECUTE","NO","UNKNOWN_NOT_IN_PG_CATALOG","supabase_admin","UNCLASSIFIED","UNDECIDED","UNKNOWN"
"public","FUNCTION","gbt_bytea_consistent(internal,bytea,smallint,oid,internal)","anon","EXECUTE","NO","UNKNOWN_NOT_IN_PG_CATALOG","supabase_admin","UNCLASSIFIED","UNDECIDED","UNKNOWN"
"public","FUNCTION","gbt_bytea_consistent(internal,bytea,smallint,oid,internal)","authenticated","EXECUTE","NO","UNKNOWN_NOT_IN_PG_CATALOG","supabase_admin","UNCLASSIFIED","UNDECIDED","UNKNOWN"
"public","FUNCTION","gbt_bytea_consistent(internal,bytea,smallint,oid,internal)","postgres","EXECUTE","NO","UNKNOWN_NOT_IN_PG_CATALOG","supabase_admin","UNCLASSIFIED","UNDECIDED","UNKNOWN"
"public","FUNCTION","gbt_bytea_consistent(internal,bytea,smallint,oid,internal)","service_role","EXECUTE","NO","UNKNOWN_NOT_IN_PG_CATALOG","supabase_admin","UNCLASSIFIED","UNDECIDED","UNKNOWN"
"public","FUNCTION","gbt_bytea_consistent(internal,bytea,smallint,oid,internal)","supabase_admin","EXECUTE","NO","UNKNOWN_NOT_IN_PG_CATALOG","supabase_admin","UNCLASSIFIED","UNDECIDED","UNKNOWN"
"public","FUNCTION","gbt_bytea_penalty(internal,internal,internal)","PUBLIC","EXECUTE","NO","UNKNOWN_NOT_IN_PG_CATALOG","supabase_admin","UNCLASSIFIED","UNDECIDED","UNKNOWN"
"public","FUNCTION","gbt_bytea_penalty(internal,internal,internal)","anon","EXECUTE","NO","UNKNOWN_NOT_IN_PG_CATALOG","supabase_admin","UNCLASSIFIED","UNDECIDED","UNKNOWN"
"public","FUNCTION","gbt_bytea_penalty(internal,internal,internal)","authenticated","EXECUTE","NO","UNKNOWN_NOT_IN_PG_CATALOG","supabase_admin","UNCLASSIFIED","UNDECIDED","UNKNOWN"
"public","FUNCTION","gbt_bytea_penalty(internal,internal,internal)","postgres","EXECUTE","NO","UNKNOWN_NOT_IN_PG_CATALOG","supabase_admin","UNCLASSIFIED","UNDECIDED","UNKNOWN"
"public","FUNCTION","gbt_bytea_penalty(internal,internal,internal)","service_role","EXECUTE","NO","UNKNOWN_NOT_IN_PG_CATALOG","supabase_admin","UNCLASSIFIED","UNDECIDED","UNKNOWN"
"public","FUNCTION","gbt_bytea_penalty(internal,internal,internal)","supabase_admin","EXECUTE","NO","UNKNOWN_NOT_IN_PG_CATALOG","supabase_admin","UNCLASSIFIED","UNDECIDED","UNKNOWN"
"public","FUNCTION","gbt_bytea_picksplit(internal,internal)","PUBLIC","EXECUTE","NO","UNKNOWN_NOT_IN_PG_CATALOG","supabase_admin","UNCLASSIFIED","UNDECIDED","UNKNOWN"
"public","FUNCTION","gbt_bytea_picksplit(internal,internal)","anon","EXECUTE","NO","UNKNOWN_NOT_IN_PG_CATALOG","supabase_admin","UNCLASSIFIED","UNDECIDED","UNKNOWN"
"public","FUNCTION","gbt_bytea_picksplit(internal,internal)","authenticated","EXECUTE","NO","UNKNOWN_NOT_IN_PG_CATALOG","supabase_admin","UNCLASSIFIED","UNDECIDED","UNKNOWN"
"public","FUNCTION","gbt_bytea_picksplit(internal,internal)","postgres","EXECUTE","NO","UNKNOWN_NOT_IN_PG_CATALOG","supabase_admin","UNCLASSIFIED","UNDECIDED","UNKNOWN"
"public","FUNCTION","gbt_bytea_picksplit(internal,internal)","service_role","EXECUTE","NO","UNKNOWN_NOT_IN_PG_CATALOG","supabase_admin","UNCLASSIFIED","UNDECIDED","UNKNOWN"
"public","FUNCTION","gbt_bytea_picksplit(internal,internal)","supabase_admin","EXECUTE","NO","UNKNOWN_NOT_IN_PG_CATALOG","supabase_admin","UNCLASSIFIED","UNDECIDED","UNKNOWN"
"public","FUNCTION","gbt_bytea_same(gbtreekey_var,gbtreekey_var,internal)","PUBLIC","EXECUTE","NO","UNKNOWN_NOT_IN_PG_CATALOG","supabase_admin","UNCLASSIFIED","UNDECIDED","UNKNOWN"
"public","FUNCTION","gbt_bytea_same(gbtreekey_var,gbtreekey_var,internal)","anon","EXECUTE","NO","UNKNOWN_NOT_IN_PG_CATALOG","supabase_admin","UNCLASSIFIED","UNDECIDED","UNKNOWN"
"public","FUNCTION","gbt_bytea_same(gbtreekey_var,gbtreekey_var,internal)","authenticated","EXECUTE","NO","UNKNOWN_NOT_IN_PG_CATALOG","supabase_admin","UNCLASSIFIED","UNDECIDED","UNKNOWN"
"public","FUNCTION","gbt_bytea_same(gbtreekey_var,gbtreekey_var,internal)","postgres","EXECUTE","NO","UNKNOWN_NOT_IN_PG_CATALOG","supabase_admin","UNCLASSIFIED","UNDECIDED","UNKNOWN"
"public","FUNCTION","gbt_bytea_same(gbtreekey_var,gbtreekey_var,internal)","service_role","EXECUTE","NO","UNKNOWN_NOT_IN_PG_CATALOG","supabase_admin","UNCLASSIFIED","UNDECIDED","UNKNOWN"
"public","FUNCTION","gbt_bytea_same(gbtreekey_var,gbtreekey_var,internal)","supabase_admin","EXECUTE","NO","UNKNOWN_NOT_IN_PG_CATALOG","supabase_admin","UNCLASSIFIED","UNDECIDED","UNKNOWN"
"public","FUNCTION","gbt_bytea_union(internal,internal)","PUBLIC","EXECUTE","NO","UNKNOWN_NOT_IN_PG_CATALOG","supabase_admin","UNCLASSIFIED","UNDECIDED","UNKNOWN"
"public","FUNCTION","gbt_bytea_union(internal,internal)","anon","EXECUTE","NO","UNKNOWN_NOT_IN_PG_CATALOG","supabase_admin","UNCLASSIFIED","UNDECIDED","UNKNOWN"
"public","FUNCTION","gbt_bytea_union(internal,internal)","authenticated","EXECUTE","NO","UNKNOWN_NOT_IN_PG_CATALOG","supabase_admin","UNCLASSIFIED","UNDECIDED","UNKNOWN"
"public","FUNCTION","gbt_bytea_union(internal,internal)","postgres","EXECUTE","NO","UNKNOWN_NOT_IN_PG_CATALOG","supabase_admin","UNCLASSIFIED","UNDECIDED","UNKNOWN"
"public","FUNCTION","gbt_bytea_union(internal,internal)","service_role","EXECUTE","NO","UNKNOWN_NOT_IN_PG_CATALOG","supabase_admin","UNCLASSIFIED","UNDECIDED","UNKNOWN"
"public","FUNCTION","gbt_bytea_union(internal,internal)","supabase_admin","EXECUTE","NO","UNKNOWN_NOT_IN_PG_CATALOG","supabase_admin","UNCLASSIFIED","UNDECIDED","UNKNOWN"
"public","FUNCTION","gbt_cash_compress(internal)","PUBLIC","EXECUTE","NO","UNKNOWN_NOT_IN_PG_CATALOG","supabase_admin","UNCLASSIFIED","UNDECIDED","UNKNOWN"
"public","FUNCTION","gbt_cash_compress(internal)","anon","EXECUTE","NO","UNKNOWN_NOT_IN_PG_CATALOG","supabase_admin","UNCLASSIFIED","UNDECIDED","UNKNOWN"
"public","FUNCTION","gbt_cash_compress(internal)","authenticated","EXECUTE","NO","UNKNOWN_NOT_IN_PG_CATALOG","supabase_admin","UNCLASSIFIED","UNDECIDED","UNKNOWN"
"public","FUNCTION","gbt_cash_compress(internal)","postgres","EXECUTE","NO","UNKNOWN_NOT_IN_PG_CATALOG","supabase_admin","UNCLASSIFIED","UNDECIDED","UNKNOWN"
"public","FUNCTION","gbt_cash_compress(internal)","service_role","EXECUTE","NO","UNKNOWN_NOT_IN_PG_CATALOG","supabase_admin","UNCLASSIFIED","UNDECIDED","UNKNOWN"
"public","FUNCTION","gbt_cash_compress(internal)","supabase_admin","EXECUTE","NO","UNKNOWN_NOT_IN_PG_CATALOG","supabase_admin","UNCLASSIFIED","UNDECIDED","UNKNOWN"
"public","FUNCTION","gbt_cash_consistent(internal,money,smallint,oid,internal)","PUBLIC","EXECUTE","NO","UNKNOWN_NOT_IN_PG_CATALOG","supabase_admin","UNCLASSIFIED","UNDECIDED","UNKNOWN"
"public","FUNCTION","gbt_cash_consistent(internal,money,smallint,oid,internal)","anon","EXECUTE","NO","UNKNOWN_NOT_IN_PG_CATALOG","supabase_admin","UNCLASSIFIED","UNDECIDED","UNKNOWN"
"public","FUNCTION","gbt_cash_consistent(internal,money,smallint,oid,internal)","authenticated","EXECUTE","NO","UNKNOWN_NOT_IN_PG_CATALOG","supabase_admin","UNCLASSIFIED","UNDECIDED","UNKNOWN"
"public","FUNCTION","gbt_cash_consistent(internal,money,smallint,oid,internal)","postgres","EXECUTE","NO","UNKNOWN_NOT_IN_PG_CATALOG","supabase_admin","UNCLASSIFIED","UNDECIDED","UNKNOWN"
"public","FUNCTION","gbt_cash_consistent(internal,money,smallint,oid,internal)","service_role","EXECUTE","NO","UNKNOWN_NOT_IN_PG_CATALOG","supabase_admin","UNCLASSIFIED","UNDECIDED","UNKNOWN"
"public","FUNCTION","gbt_cash_consistent(internal,money,smallint,oid,internal)","supabase_admin","EXECUTE","NO","UNKNOWN_NOT_IN_PG_CATALOG","supabase_admin","UNCLASSIFIED","UNDECIDED","UNKNOWN"
"public","FUNCTION","gbt_cash_distance(internal,money,smallint,oid,internal)","PUBLIC","EXECUTE","NO","UNKNOWN_NOT_IN_PG_CATALOG","supabase_admin","UNCLASSIFIED","UNDECIDED","UNKNOWN"
"public","FUNCTION","gbt_cash_distance(internal,money,smallint,oid,internal)","anon","EXECUTE","NO","UNKNOWN_NOT_IN_PG_CATALOG","supabase_admin","UNCLASSIFIED","UNDECIDED","UNKNOWN"
"public","FUNCTION","gbt_cash_distance(internal,money,smallint,oid,internal)","authenticated","EXECUTE","NO","UNKNOWN_NOT_IN_PG_CATALOG","supabase_admin","UNCLASSIFIED","UNDECIDED","UNKNOWN"
"public","FUNCTION","gbt_cash_distance(internal,money,smallint,oid,internal)","postgres","EXECUTE","NO","UNKNOWN_NOT_IN_PG_CATALOG","supabase_admin","UNCLASSIFIED","UNDECIDED","UNKNOWN"
"public","FUNCTION","gbt_cash_distance(internal,money,smallint,oid,internal)","service_role","EXECUTE","NO","UNKNOWN_NOT_IN_PG_CATALOG","supabase_admin","UNCLASSIFIED","UNDECIDED","UNKNOWN"
"public","FUNCTION","gbt_cash_distance(internal,money,smallint,oid,internal)","supabase_admin","EXECUTE","NO","UNKNOWN_NOT_IN_PG_CATALOG","supabase_admin","UNCLASSIFIED","UNDECIDED","UNKNOWN"
"public","FUNCTION","gbt_cash_fetch(internal)","PUBLIC","EXECUTE","NO","UNKNOWN_NOT_IN_PG_CATALOG","supabase_admin","UNCLASSIFIED","UNDECIDED","UNKNOWN"
"public","FUNCTION","gbt_cash_fetch(internal)","anon","EXECUTE","NO","UNKNOWN_NOT_IN_PG_CATALOG","supabase_admin","UNCLASSIFIED","UNDECIDED","UNKNOWN"
"public","FUNCTION","gbt_cash_fetch(internal)","authenticated","EXECUTE","NO","UNKNOWN_NOT_IN_PG_CATALOG","supabase_admin","UNCLASSIFIED","UNDECIDED","UNKNOWN"
"public","FUNCTION","gbt_cash_fetch(internal)","postgres","EXECUTE","NO","UNKNOWN_NOT_IN_PG_CATALOG","supabase_admin","UNCLASSIFIED","UNDECIDED","UNKNOWN"
"public","FUNCTION","gbt_cash_fetch(internal)","service_role","EXECUTE","NO","UNKNOWN_NOT_IN_PG_CATALOG","supabase_admin","UNCLASSIFIED","UNDECIDED","UNKNOWN"
"public","FUNCTION","gbt_cash_fetch(internal)","supabase_admin","EXECUTE","NO","UNKNOWN_NOT_IN_PG_CATALOG","supabase_admin","UNCLASSIFIED","UNDECIDED","UNKNOWN"
"public","FUNCTION","gbt_cash_penalty(internal,internal,internal)","PUBLIC","EXECUTE","NO","UNKNOWN_NOT_IN_PG_CATALOG","supabase_admin","UNCLASSIFIED","UNDECIDED","UNKNOWN"
"public","FUNCTION","gbt_cash_penalty(internal,internal,internal)","anon","EXECUTE","NO","UNKNOWN_NOT_IN_PG_CATALOG","supabase_admin","UNCLASSIFIED","UNDECIDED","UNKNOWN"
"public","FUNCTION","gbt_cash_penalty(internal,internal,internal)","authenticated","EXECUTE","NO","UNKNOWN_NOT_IN_PG_CATALOG","supabase_admin","UNCLASSIFIED","UNDECIDED","UNKNOWN"
"public","FUNCTION","gbt_cash_penalty(internal,internal,internal)","postgres","EXECUTE","NO","UNKNOWN_NOT_IN_PG_CATALOG","supabase_admin","UNCLASSIFIED","UNDECIDED","UNKNOWN"
"public","FUNCTION","gbt_cash_penalty(internal,internal,internal)","service_role","EXECUTE","NO","UNKNOWN_NOT_IN_PG_CATALOG","supabase_admin","UNCLASSIFIED","UNDECIDED","UNKNOWN"
"public","FUNCTION","gbt_cash_penalty(internal,internal,internal)","supabase_admin","EXECUTE","NO","UNKNOWN_NOT_IN_PG_CATALOG","supabase_admin","UNCLASSIFIED","UNDECIDED","UNKNOWN"
"public","FUNCTION","gbt_cash_picksplit(internal,internal)","PUBLIC","EXECUTE","NO","UNKNOWN_NOT_IN_PG_CATALOG","supabase_admin","UNCLASSIFIED","UNDECIDED","UNKNOWN"
"public","FUNCTION","gbt_cash_picksplit(internal,internal)","anon","EXECUTE","NO","UNKNOWN_NOT_IN_PG_CATALOG","supabase_admin","UNCLASSIFIED","UNDECIDED","UNKNOWN"
"public","FUNCTION","gbt_cash_picksplit(internal,internal)","authenticated","EXECUTE","NO","UNKNOWN_NOT_IN_PG_CATALOG","supabase_admin","UNCLASSIFIED","UNDECIDED","UNKNOWN"
"public","FUNCTION","gbt_cash_picksplit(internal,internal)","postgres","EXECUTE","NO","UNKNOWN_NOT_IN_PG_CATALOG","supabase_admin","UNCLASSIFIED","UNDECIDED","UNKNOWN"
"public","FUNCTION","gbt_cash_picksplit(internal,internal)","service_role","EXECUTE","NO","UNKNOWN_NOT_IN_PG_CATALOG","supabase_admin","UNCLASSIFIED","UNDECIDED","UNKNOWN"
"public","FUNCTION","gbt_cash_picksplit(internal,internal)","supabase_admin","EXECUTE","NO","UNKNOWN_NOT_IN_PG_CATALOG","supabase_admin","UNCLASSIFIED","UNDECIDED","UNKNOWN"
"public","FUNCTION","gbt_cash_same(gbtreekey16,gbtreekey16,internal)","PUBLIC","EXECUTE","NO","UNKNOWN_NOT_IN_PG_CATALOG","supabase_admin","UNCLASSIFIED","UNDECIDED","UNKNOWN"
"public","FUNCTION","gbt_cash_same(gbtreekey16,gbtreekey16,internal)","anon","EXECUTE","NO","UNKNOWN_NOT_IN_PG_CATALOG","supabase_admin","UNCLASSIFIED","UNDECIDED","UNKNOWN"
"public","FUNCTION","gbt_cash_same(gbtreekey16,gbtreekey16,internal)","authenticated","EXECUTE","NO","UNKNOWN_NOT_IN_PG_CATALOG","supabase_admin","UNCLASSIFIED","UNDECIDED","UNKNOWN"
"public","FUNCTION","gbt_cash_same(gbtreekey16,gbtreekey16,internal)","postgres","EXECUTE","NO","UNKNOWN_NOT_IN_PG_CATALOG","supabase_admin","UNCLASSIFIED","UNDECIDED","UNKNOWN"
"public","FUNCTION","gbt_cash_same(gbtreekey16,gbtreekey16,internal)","service_role","EXECUTE","NO","UNKNOWN_NOT_IN_PG_CATALOG","supabase_admin","UNCLASSIFIED","UNDECIDED","UNKNOWN"
"public","FUNCTION","gbt_cash_same(gbtreekey16,gbtreekey16,internal)","supabase_admin","EXECUTE","NO","UNKNOWN_NOT_IN_PG_CATALOG","supabase_admin","UNCLASSIFIED","UNDECIDED","UNKNOWN"
"public","FUNCTION","gbt_cash_union(internal,internal)","PUBLIC","EXECUTE","NO","UNKNOWN_NOT_IN_PG_CATALOG","supabase_admin","UNCLASSIFIED","UNDECIDED","UNKNOWN"
"public","FUNCTION","gbt_cash_union(internal,internal)","anon","EXECUTE","NO","UNKNOWN_NOT_IN_PG_CATALOG","supabase_admin","UNCLASSIFIED","UNDECIDED","UNKNOWN"
"public","FUNCTION","gbt_cash_union(internal,internal)","authenticated","EXECUTE","NO","UNKNOWN_NOT_IN_PG_CATALOG","supabase_admin","UNCLASSIFIED","UNDECIDED","UNKNOWN"
"public","FUNCTION","gbt_cash_union(internal,internal)","postgres","EXECUTE","NO","UNKNOWN_NOT_IN_PG_CATALOG","supabase_admin","UNCLASSIFIED","UNDECIDED","UNKNOWN"
"public","FUNCTION","gbt_cash_union(internal,internal)","service_role","EXECUTE","NO","UNKNOWN_NOT_IN_PG_CATALOG","supabase_admin","UNCLASSIFIED","UNDECIDED","UNKNOWN"
"public","FUNCTION","gbt_cash_union(internal,internal)","supabase_admin","EXECUTE","NO","UNKNOWN_NOT_IN_PG_CATALOG","supabase_admin","UNCLASSIFIED","UNDECIDED","UNKNOWN"
"public","FUNCTION","gbt_date_compress(internal)","PUBLIC","EXECUTE","NO","UNKNOWN_NOT_IN_PG_CATALOG","supabase_admin","UNCLASSIFIED","UNDECIDED","UNKNOWN"
"public","FUNCTION","gbt_date_compress(internal)","anon","EXECUTE","NO","UNKNOWN_NOT_IN_PG_CATALOG","supabase_admin","UNCLASSIFIED","UNDECIDED","UNKNOWN"
"public","FUNCTION","gbt_date_compress(internal)","authenticated","EXECUTE","NO","UNKNOWN_NOT_IN_PG_CATALOG","supabase_admin","UNCLASSIFIED","UNDECIDED","UNKNOWN"
"public","FUNCTION","gbt_date_compress(internal)","postgres","EXECUTE","NO","UNKNOWN_NOT_IN_PG_CATALOG","supabase_admin","UNCLASSIFIED","UNDECIDED","UNKNOWN"
"public","FUNCTION","gbt_date_compress(internal)","service_role","EXECUTE","NO","UNKNOWN_NOT_IN_PG_CATALOG","supabase_admin","UNCLASSIFIED","UNDECIDED","UNKNOWN"
"public","FUNCTION","gbt_date_compress(internal)","supabase_admin","EXECUTE","NO","UNKNOWN_NOT_IN_PG_CATALOG","supabase_admin","UNCLASSIFIED","UNDECIDED","UNKNOWN"
"public","FUNCTION","gbt_date_consistent(internal,date,smallint,oid,internal)","PUBLIC","EXECUTE","NO","UNKNOWN_NOT_IN_PG_CATALOG","supabase_admin","UNCLASSIFIED","UNDECIDED","UNKNOWN"
"public","FUNCTION","gbt_date_consistent(internal,date,smallint,oid,internal)","anon","EXECUTE","NO","UNKNOWN_NOT_IN_PG_CATALOG","supabase_admin","UNCLASSIFIED","UNDECIDED","UNKNOWN"
"public","FUNCTION","gbt_date_consistent(internal,date,smallint,oid,internal)","authenticated","EXECUTE","NO","UNKNOWN_NOT_IN_PG_CATALOG","supabase_admin","UNCLASSIFIED","UNDECIDED","UNKNOWN"
"public","FUNCTION","gbt_date_consistent(internal,date,smallint,oid,internal)","postgres","EXECUTE","NO","UNKNOWN_NOT_IN_PG_CATALOG","supabase_admin","UNCLASSIFIED","UNDECIDED","UNKNOWN"
"public","FUNCTION","gbt_date_consistent(internal,date,smallint,oid,internal)","service_role","EXECUTE","NO","UNKNOWN_NOT_IN_PG_CATALOG","supabase_admin","UNCLASSIFIED","UNDECIDED","UNKNOWN"
"public","FUNCTION","gbt_date_consistent(internal,date,smallint,oid,internal)","supabase_admin","EXECUTE","NO","UNKNOWN_NOT_IN_PG_CATALOG","supabase_admin","UNCLASSIFIED","UNDECIDED","UNKNOWN"
"public","FUNCTION","gbt_date_distance(internal,date,smallint,oid,internal)","PUBLIC","EXECUTE","NO","UNKNOWN_NOT_IN_PG_CATALOG","supabase_admin","UNCLASSIFIED","UNDECIDED","UNKNOWN"
"public","FUNCTION","gbt_date_distance(internal,date,smallint,oid,internal)","anon","EXECUTE","NO","UNKNOWN_NOT_IN_PG_CATALOG","supabase_admin","UNCLASSIFIED","UNDECIDED","UNKNOWN"
"public","FUNCTION","gbt_date_distance(internal,date,smallint,oid,internal)","authenticated","EXECUTE","NO","UNKNOWN_NOT_IN_PG_CATALOG","supabase_admin","UNCLASSIFIED","UNDECIDED","UNKNOWN"
"public","FUNCTION","gbt_date_distance(internal,date,smallint,oid,internal)","postgres","EXECUTE","NO","UNKNOWN_NOT_IN_PG_CATALOG","supabase_admin","UNCLASSIFIED","UNDECIDED","UNKNOWN"
"public","FUNCTION","gbt_date_distance(internal,date,smallint,oid,internal)","service_role","EXECUTE","NO","UNKNOWN_NOT_IN_PG_CATALOG","supabase_admin","UNCLASSIFIED","UNDECIDED","UNKNOWN"
"public","FUNCTION","gbt_date_distance(internal,date,smallint,oid,internal)","supabase_admin","EXECUTE","NO","UNKNOWN_NOT_IN_PG_CATALOG","supabase_admin","UNCLASSIFIED","UNDECIDED","UNKNOWN"
"public","FUNCTION","gbt_date_fetch(internal)","PUBLIC","EXECUTE","NO","UNKNOWN_NOT_IN_PG_CATALOG","supabase_admin","UNCLASSIFIED","UNDECIDED","UNKNOWN"
"public","FUNCTION","gbt_date_fetch(internal)","anon","EXECUTE","NO","UNKNOWN_NOT_IN_PG_CATALOG","supabase_admin","UNCLASSIFIED","UNDECIDED","UNKNOWN"
"public","FUNCTION","gbt_date_fetch(internal)","authenticated","EXECUTE","NO","UNKNOWN_NOT_IN_PG_CATALOG","supabase_admin","UNCLASSIFIED","UNDECIDED","UNKNOWN"
"public","FUNCTION","gbt_date_fetch(internal)","postgres","EXECUTE","NO","UNKNOWN_NOT_IN_PG_CATALOG","supabase_admin","UNCLASSIFIED","UNDECIDED","UNKNOWN"
"public","FUNCTION","gbt_date_fetch(internal)","service_role","EXECUTE","NO","UNKNOWN_NOT_IN_PG_CATALOG","supabase_admin","UNCLASSIFIED","UNDECIDED","UNKNOWN"
"public","FUNCTION","gbt_date_fetch(internal)","supabase_admin","EXECUTE","NO","UNKNOWN_NOT_IN_PG_CATALOG","supabase_admin","UNCLASSIFIED","UNDECIDED","UNKNOWN"
"public","FUNCTION","gbt_date_penalty(internal,internal,internal)","PUBLIC","EXECUTE","NO","UNKNOWN_NOT_IN_PG_CATALOG","supabase_admin","UNCLASSIFIED","UNDECIDED","UNKNOWN"
"public","FUNCTION","gbt_date_penalty(internal,internal,internal)","anon","EXECUTE","NO","UNKNOWN_NOT_IN_PG_CATALOG","supabase_admin","UNCLASSIFIED","UNDECIDED","UNKNOWN"
"public","FUNCTION","gbt_date_penalty(internal,internal,internal)","authenticated","EXECUTE","NO","UNKNOWN_NOT_IN_PG_CATALOG","supabase_admin","UNCLASSIFIED","UNDECIDED","UNKNOWN"
"public","FUNCTION","gbt_date_penalty(internal,internal,internal)","postgres","EXECUTE","NO","UNKNOWN_NOT_IN_PG_CATALOG","supabase_admin","UNCLASSIFIED","UNDECIDED","UNKNOWN"
"public","FUNCTION","gbt_date_penalty(internal,internal,internal)","service_role","EXECUTE","NO","UNKNOWN_NOT_IN_PG_CATALOG","supabase_admin","UNCLASSIFIED","UNDECIDED","UNKNOWN"
"public","FUNCTION","gbt_date_penalty(internal,internal,internal)","supabase_admin","EXECUTE","NO","UNKNOWN_NOT_IN_PG_CATALOG","supabase_admin","UNCLASSIFIED","UNDECIDED","UNKNOWN"
"public","FUNCTION","gbt_date_picksplit(internal,internal)","PUBLIC","EXECUTE","NO","UNKNOWN_NOT_IN_PG_CATALOG","supabase_admin","UNCLASSIFIED","UNDECIDED","UNKNOWN"
"public","FUNCTION","gbt_date_picksplit(internal,internal)","anon","EXECUTE","NO","UNKNOWN_NOT_IN_PG_CATALOG","supabase_admin","UNCLASSIFIED","UNDECIDED","UNKNOWN"
"public","FUNCTION","gbt_date_picksplit(internal,internal)","authenticated","EXECUTE","NO","UNKNOWN_NOT_IN_PG_CATALOG","supabase_admin","UNCLASSIFIED","UNDECIDED","UNKNOWN"
"public","FUNCTION","gbt_date_picksplit(internal,internal)","postgres","EXECUTE","NO","UNKNOWN_NOT_IN_PG_CATALOG","supabase_admin","UNCLASSIFIED","UNDECIDED","UNKNOWN"
"public","FUNCTION","gbt_date_picksplit(internal,internal)","service_role","EXECUTE","NO","UNKNOWN_NOT_IN_PG_CATALOG","supabase_admin","UNCLASSIFIED","UNDECIDED","UNKNOWN"
"public","FUNCTION","gbt_date_picksplit(internal,internal)","supabase_admin","EXECUTE","NO","UNKNOWN_NOT_IN_PG_CATALOG","supabase_admin","UNCLASSIFIED","UNDECIDED","UNKNOWN"
"public","FUNCTION","gbt_date_same(gbtreekey8,gbtreekey8,internal)","PUBLIC","EXECUTE","NO","UNKNOWN_NOT_IN_PG_CATALOG","supabase_admin","UNCLASSIFIED","UNDECIDED","UNKNOWN"
"public","FUNCTION","gbt_date_same(gbtreekey8,gbtreekey8,internal)","anon","EXECUTE","NO","UNKNOWN_NOT_IN_PG_CATALOG","supabase_admin","UNCLASSIFIED","UNDECIDED","UNKNOWN"
"public","FUNCTION","gbt_date_same(gbtreekey8,gbtreekey8,internal)","authenticated","EXECUTE","NO","UNKNOWN_NOT_IN_PG_CATALOG","supabase_admin","UNCLASSIFIED","UNDECIDED","UNKNOWN"
"public","FUNCTION","gbt_date_same(gbtreekey8,gbtreekey8,internal)","postgres","EXECUTE","NO","UNKNOWN_NOT_IN_PG_CATALOG","supabase_admin","UNCLASSIFIED","UNDECIDED","UNKNOWN"
"public","FUNCTION","gbt_date_same(gbtreekey8,gbtreekey8,internal)","service_role","EXECUTE","NO","UNKNOWN_NOT_IN_PG_CATALOG","supabase_admin","UNCLASSIFIED","UNDECIDED","UNKNOWN"
"public","FUNCTION","gbt_date_same(gbtreekey8,gbtreekey8,internal)","supabase_admin","EXECUTE","NO","UNKNOWN_NOT_IN_PG_CATALOG","supabase_admin","UNCLASSIFIED","UNDECIDED","UNKNOWN"
"public","FUNCTION","gbt_date_union(internal,internal)","PUBLIC","EXECUTE","NO","UNKNOWN_NOT_IN_PG_CATALOG","supabase_admin","UNCLASSIFIED","UNDECIDED","UNKNOWN"
"public","FUNCTION","gbt_date_union(internal,internal)","anon","EXECUTE","NO","UNKNOWN_NOT_IN_PG_CATALOG","supabase_admin","UNCLASSIFIED","UNDECIDED","UNKNOWN"
"public","FUNCTION","gbt_date_union(internal,internal)","authenticated","EXECUTE","NO","UNKNOWN_NOT_IN_PG_CATALOG","supabase_admin","UNCLASSIFIED","UNDECIDED","UNKNOWN"
"public","FUNCTION","gbt_date_union(internal,internal)","postgres","EXECUTE","NO","UNKNOWN_NOT_IN_PG_CATALOG","supabase_admin","UNCLASSIFIED","UNDECIDED","UNKNOWN"
"public","FUNCTION","gbt_date_union(internal,internal)","service_role","EXECUTE","NO","UNKNOWN_NOT_IN_PG_CATALOG","supabase_admin","UNCLASSIFIED","UNDECIDED","UNKNOWN"
"public","FUNCTION","gbt_date_union(internal,internal)","supabase_admin","EXECUTE","NO","UNKNOWN_NOT_IN_PG_CATALOG","supabase_admin","UNCLASSIFIED","UNDECIDED","UNKNOWN"
"public","FUNCTION","gbt_decompress(internal)","PUBLIC","EXECUTE","NO","UNKNOWN_NOT_IN_PG_CATALOG","supabase_admin","UNCLASSIFIED","UNDECIDED","UNKNOWN"
"public","FUNCTION","gbt_decompress(internal)","anon","EXECUTE","NO","UNKNOWN_NOT_IN_PG_CATALOG","supabase_admin","UNCLASSIFIED","UNDECIDED","UNKNOWN"
"public","FUNCTION","gbt_decompress(internal)","authenticated","EXECUTE","NO","UNKNOWN_NOT_IN_PG_CATALOG","supabase_admin","UNCLASSIFIED","UNDECIDED","UNKNOWN"
"public","FUNCTION","gbt_decompress(internal)","postgres","EXECUTE","NO","UNKNOWN_NOT_IN_PG_CATALOG","supabase_admin","UNCLASSIFIED","UNDECIDED","UNKNOWN"
"public","FUNCTION","gbt_decompress(internal)","service_role","EXECUTE","NO","UNKNOWN_NOT_IN_PG_CATALOG","supabase_admin","UNCLASSIFIED","UNDECIDED","UNKNOWN"
"public","FUNCTION","gbt_decompress(internal)","supabase_admin","EXECUTE","NO","UNKNOWN_NOT_IN_PG_CATALOG","supabase_admin","UNCLASSIFIED","UNDECIDED","UNKNOWN"
"public","FUNCTION","gbt_enum_compress(internal)","PUBLIC","EXECUTE","NO","UNKNOWN_NOT_IN_PG_CATALOG","supabase_admin","UNCLASSIFIED","UNDECIDED","UNKNOWN"
"public","FUNCTION","gbt_enum_compress(internal)","anon","EXECUTE","NO","UNKNOWN_NOT_IN_PG_CATALOG","supabase_admin","UNCLASSIFIED","UNDECIDED","UNKNOWN"
"public","FUNCTION","gbt_enum_compress(internal)","authenticated","EXECUTE","NO","UNKNOWN_NOT_IN_PG_CATALOG","supabase_admin","UNCLASSIFIED","UNDECIDED","UNKNOWN"
"public","FUNCTION","gbt_enum_compress(internal)","postgres","EXECUTE","NO","UNKNOWN_NOT_IN_PG_CATALOG","supabase_admin","UNCLASSIFIED","UNDECIDED","UNKNOWN"
"public","FUNCTION","gbt_enum_compress(internal)","service_role","EXECUTE","NO","UNKNOWN_NOT_IN_PG_CATALOG","supabase_admin","UNCLASSIFIED","UNDECIDED","UNKNOWN"
"public","FUNCTION","gbt_enum_compress(internal)","supabase_admin","EXECUTE","NO","UNKNOWN_NOT_IN_PG_CATALOG","supabase_admin","UNCLASSIFIED","UNDECIDED","UNKNOWN"
"public","FUNCTION","gbt_enum_consistent(internal,anyenum,smallint,oid,internal)","PUBLIC","EXECUTE","NO","UNKNOWN_NOT_IN_PG_CATALOG","supabase_admin","UNCLASSIFIED","UNDECIDED","UNKNOWN"
"public","FUNCTION","gbt_enum_consistent(internal,anyenum,smallint,oid,internal)","anon","EXECUTE","NO","UNKNOWN_NOT_IN_PG_CATALOG","supabase_admin","UNCLASSIFIED","UNDECIDED","UNKNOWN"
"public","FUNCTION","gbt_enum_consistent(internal,anyenum,smallint,oid,internal)","authenticated","EXECUTE","NO","UNKNOWN_NOT_IN_PG_CATALOG","supabase_admin","UNCLASSIFIED","UNDECIDED","UNKNOWN"
"public","FUNCTION","gbt_enum_consistent(internal,anyenum,smallint,oid,internal)","postgres","EXECUTE","NO","UNKNOWN_NOT_IN_PG_CATALOG","supabase_admin","UNCLASSIFIED","UNDECIDED","UNKNOWN"
"public","FUNCTION","gbt_enum_consistent(internal,anyenum,smallint,oid,internal)","service_role","EXECUTE","NO","UNKNOWN_NOT_IN_PG_CATALOG","supabase_admin","UNCLASSIFIED","UNDECIDED","UNKNOWN"
"public","FUNCTION","gbt_enum_consistent(internal,anyenum,smallint,oid,internal)","supabase_admin","EXECUTE","NO","UNKNOWN_NOT_IN_PG_CATALOG","supabase_admin","UNCLASSIFIED","UNDECIDED","UNKNOWN"
"public","FUNCTION","gbt_enum_fetch(internal)","PUBLIC","EXECUTE","NO","UNKNOWN_NOT_IN_PG_CATALOG","supabase_admin","UNCLASSIFIED","UNDECIDED","UNKNOWN"
"public","FUNCTION","gbt_enum_fetch(internal)","anon","EXECUTE","NO","UNKNOWN_NOT_IN_PG_CATALOG","supabase_admin","UNCLASSIFIED","UNDECIDED","UNKNOWN"
"public","FUNCTION","gbt_enum_fetch(internal)","authenticated","EXECUTE","NO","UNKNOWN_NOT_IN_PG_CATALOG","supabase_admin","UNCLASSIFIED","UNDECIDED","UNKNOWN"
"public","FUNCTION","gbt_enum_fetch(internal)","postgres","EXECUTE","NO","UNKNOWN_NOT_IN_PG_CATALOG","supabase_admin","UNCLASSIFIED","UNDECIDED","UNKNOWN"
"public","FUNCTION","gbt_enum_fetch(internal)","service_role","EXECUTE","NO","UNKNOWN_NOT_IN_PG_CATALOG","supabase_admin","UNCLASSIFIED","UNDECIDED","UNKNOWN"
"public","FUNCTION","gbt_enum_fetch(internal)","supabase_admin","EXECUTE","NO","UNKNOWN_NOT_IN_PG_CATALOG","supabase_admin","UNCLASSIFIED","UNDECIDED","UNKNOWN"
"public","FUNCTION","gbt_enum_penalty(internal,internal,internal)","PUBLIC","EXECUTE","NO","UNKNOWN_NOT_IN_PG_CATALOG","supabase_admin","UNCLASSIFIED","UNDECIDED","UNKNOWN"
"public","FUNCTION","gbt_enum_penalty(internal,internal,internal)","anon","EXECUTE","NO","UNKNOWN_NOT_IN_PG_CATALOG","supabase_admin","UNCLASSIFIED","UNDECIDED","UNKNOWN"
"public","FUNCTION","gbt_enum_penalty(internal,internal,internal)","authenticated","EXECUTE","NO","UNKNOWN_NOT_IN_PG_CATALOG","supabase_admin","UNCLASSIFIED","UNDECIDED","UNKNOWN"
"public","FUNCTION","gbt_enum_penalty(internal,internal,internal)","postgres","EXECUTE","NO","UNKNOWN_NOT_IN_PG_CATALOG","supabase_admin","UNCLASSIFIED","UNDECIDED","UNKNOWN"
"public","FUNCTION","gbt_enum_penalty(internal,internal,internal)","service_role","EXECUTE","NO","UNKNOWN_NOT_IN_PG_CATALOG","supabase_admin","UNCLASSIFIED","UNDECIDED","UNKNOWN"
"public","FUNCTION","gbt_enum_penalty(internal,internal,internal)","supabase_admin","EXECUTE","NO","UNKNOWN_NOT_IN_PG_CATALOG","supabase_admin","UNCLASSIFIED","UNDECIDED","UNKNOWN"
"public","FUNCTION","gbt_enum_picksplit(internal,internal)","PUBLIC","EXECUTE","NO","UNKNOWN_NOT_IN_PG_CATALOG","supabase_admin","UNCLASSIFIED","UNDECIDED","UNKNOWN"
"public","FUNCTION","gbt_enum_picksplit(internal,internal)","anon","EXECUTE","NO","UNKNOWN_NOT_IN_PG_CATALOG","supabase_admin","UNCLASSIFIED","UNDECIDED","UNKNOWN"
"public","FUNCTION","gbt_enum_picksplit(internal,internal)","authenticated","EXECUTE","NO","UNKNOWN_NOT_IN_PG_CATALOG","supabase_admin","UNCLASSIFIED","UNDECIDED","UNKNOWN"
"public","FUNCTION","gbt_enum_picksplit(internal,internal)","postgres","EXECUTE","NO","UNKNOWN_NOT_IN_PG_CATALOG","supabase_admin","UNCLASSIFIED","UNDECIDED","UNKNOWN"
"public","FUNCTION","gbt_enum_picksplit(internal,internal)","service_role","EXECUTE","NO","UNKNOWN_NOT_IN_PG_CATALOG","supabase_admin","UNCLASSIFIED","UNDECIDED","UNKNOWN"
"public","FUNCTION","gbt_enum_picksplit(internal,internal)","supabase_admin","EXECUTE","NO","UNKNOWN_NOT_IN_PG_CATALOG","supabase_admin","UNCLASSIFIED","UNDECIDED","UNKNOWN"
"public","FUNCTION","gbt_enum_same(gbtreekey8,gbtreekey8,internal)","PUBLIC","EXECUTE","NO","UNKNOWN_NOT_IN_PG_CATALOG","supabase_admin","UNCLASSIFIED","UNDECIDED","UNKNOWN"
"public","FUNCTION","gbt_enum_same(gbtreekey8,gbtreekey8,internal)","anon","EXECUTE","NO","UNKNOWN_NOT_IN_PG_CATALOG","supabase_admin","UNCLASSIFIED","UNDECIDED","UNKNOWN"
"public","FUNCTION","gbt_enum_same(gbtreekey8,gbtreekey8,internal)","authenticated","EXECUTE","NO","UNKNOWN_NOT_IN_PG_CATALOG","supabase_admin","UNCLASSIFIED","UNDECIDED","UNKNOWN"
"public","FUNCTION","gbt_enum_same(gbtreekey8,gbtreekey8,internal)","postgres","EXECUTE","NO","UNKNOWN_NOT_IN_PG_CATALOG","supabase_admin","UNCLASSIFIED","UNDECIDED","UNKNOWN"
"public","FUNCTION","gbt_enum_same(gbtreekey8,gbtreekey8,internal)","service_role","EXECUTE","NO","UNKNOWN_NOT_IN_PG_CATALOG","supabase_admin","UNCLASSIFIED","UNDECIDED","UNKNOWN"
"public","FUNCTION","gbt_enum_same(gbtreekey8,gbtreekey8,internal)","supabase_admin","EXECUTE","NO","UNKNOWN_NOT_IN_PG_CATALOG","supabase_admin","UNCLASSIFIED","UNDECIDED","UNKNOWN"
"public","FUNCTION","gbt_enum_union(internal,internal)","PUBLIC","EXECUTE","NO","UNKNOWN_NOT_IN_PG_CATALOG","supabase_admin","UNCLASSIFIED","UNDECIDED","UNKNOWN"
"public","FUNCTION","gbt_enum_union(internal,internal)","anon","EXECUTE","NO","UNKNOWN_NOT_IN_PG_CATALOG","supabase_admin","UNCLASSIFIED","UNDECIDED","UNKNOWN"
"public","FUNCTION","gbt_enum_union(internal,internal)","authenticated","EXECUTE","NO","UNKNOWN_NOT_IN_PG_CATALOG","supabase_admin","UNCLASSIFIED","UNDECIDED","UNKNOWN"
"public","FUNCTION","gbt_enum_union(internal,internal)","postgres","EXECUTE","NO","UNKNOWN_NOT_IN_PG_CATALOG","supabase_admin","UNCLASSIFIED","UNDECIDED","UNKNOWN"
"public","FUNCTION","gbt_enum_union(internal,internal)","service_role","EXECUTE","NO","UNKNOWN_NOT_IN_PG_CATALOG","supabase_admin","UNCLASSIFIED","UNDECIDED","UNKNOWN"
"public","FUNCTION","gbt_enum_union(internal,internal)","supabase_admin","EXECUTE","NO","UNKNOWN_NOT_IN_PG_CATALOG","supabase_admin","UNCLASSIFIED","UNDECIDED","UNKNOWN"
"public","FUNCTION","gbt_float4_compress(internal)","PUBLIC","EXECUTE","NO","UNKNOWN_NOT_IN_PG_CATALOG","supabase_admin","UNCLASSIFIED","UNDECIDED","UNKNOWN"
"public","FUNCTION","gbt_float4_compress(internal)","anon","EXECUTE","NO","UNKNOWN_NOT_IN_PG_CATALOG","supabase_admin","UNCLASSIFIED","UNDECIDED","UNKNOWN"
"public","FUNCTION","gbt_float4_compress(internal)","authenticated","EXECUTE","NO","UNKNOWN_NOT_IN_PG_CATALOG","supabase_admin","UNCLASSIFIED","UNDECIDED","UNKNOWN"
"public","FUNCTION","gbt_float4_compress(internal)","postgres","EXECUTE","NO","UNKNOWN_NOT_IN_PG_CATALOG","supabase_admin","UNCLASSIFIED","UNDECIDED","UNKNOWN"
"public","FUNCTION","gbt_float4_compress(internal)","service_role","EXECUTE","NO","UNKNOWN_NOT_IN_PG_CATALOG","supabase_admin","UNCLASSIFIED","UNDECIDED","UNKNOWN"
"public","FUNCTION","gbt_float4_compress(internal)","supabase_admin","EXECUTE","NO","UNKNOWN_NOT_IN_PG_CATALOG","supabase_admin","UNCLASSIFIED","UNDECIDED","UNKNOWN"
"public","FUNCTION","gbt_float4_consistent(internal,real,smallint,oid,internal)","PUBLIC","EXECUTE","NO","UNKNOWN_NOT_IN_PG_CATALOG","supabase_admin","UNCLASSIFIED","UNDECIDED","UNKNOWN"
"public","FUNCTION","gbt_float4_consistent(internal,real,smallint,oid,internal)","anon","EXECUTE","NO","UNKNOWN_NOT_IN_PG_CATALOG","supabase_admin","UNCLASSIFIED","UNDECIDED","UNKNOWN"
"public","FUNCTION","gbt_float4_consistent(internal,real,smallint,oid,internal)","authenticated","EXECUTE","NO","UNKNOWN_NOT_IN_PG_CATALOG","supabase_admin","UNCLASSIFIED","UNDECIDED","UNKNOWN"
"public","FUNCTION","gbt_float4_consistent(internal,real,smallint,oid,internal)","postgres","EXECUTE","NO","UNKNOWN_NOT_IN_PG_CATALOG","supabase_admin","UNCLASSIFIED","UNDECIDED","UNKNOWN"
"public","FUNCTION","gbt_float4_consistent(internal,real,smallint,oid,internal)","service_role","EXECUTE","NO","UNKNOWN_NOT_IN_PG_CATALOG","supabase_admin","UNCLASSIFIED","UNDECIDED","UNKNOWN"
"public","FUNCTION","gbt_float4_consistent(internal,real,smallint,oid,internal)","supabase_admin","EXECUTE","NO","UNKNOWN_NOT_IN_PG_CATALOG","supabase_admin","UNCLASSIFIED","UNDECIDED","UNKNOWN"
"public","FUNCTION","gbt_float4_distance(internal,real,smallint,oid,internal)","PUBLIC","EXECUTE","NO","UNKNOWN_NOT_IN_PG_CATALOG","supabase_admin","UNCLASSIFIED","UNDECIDED","UNKNOWN"
"public","FUNCTION","gbt_float4_distance(internal,real,smallint,oid,internal)","anon","EXECUTE","NO","UNKNOWN_NOT_IN_PG_CATALOG","supabase_admin","UNCLASSIFIED","UNDECIDED","UNKNOWN"
"public","FUNCTION","gbt_float4_distance(internal,real,smallint,oid,internal)","authenticated","EXECUTE","NO","UNKNOWN_NOT_IN_PG_CATALOG","supabase_admin","UNCLASSIFIED","UNDECIDED","UNKNOWN"
"public","FUNCTION","gbt_float4_distance(internal,real,smallint,oid,internal)","postgres","EXECUTE","NO","UNKNOWN_NOT_IN_PG_CATALOG","supabase_admin","UNCLASSIFIED","UNDECIDED","UNKNOWN"
"public","FUNCTION","gbt_float4_distance(internal,real,smallint,oid,internal)","service_role","EXECUTE","NO","UNKNOWN_NOT_IN_PG_CATALOG","supabase_admin","UNCLASSIFIED","UNDECIDED","UNKNOWN"
"public","FUNCTION","gbt_float4_distance(internal,real,smallint,oid,internal)","supabase_admin","EXECUTE","NO","UNKNOWN_NOT_IN_PG_CATALOG","supabase_admin","UNCLASSIFIED","UNDECIDED","UNKNOWN"
"public","FUNCTION","gbt_float4_fetch(internal)","PUBLIC","EXECUTE","NO","UNKNOWN_NOT_IN_PG_CATALOG","supabase_admin","UNCLASSIFIED","UNDECIDED","UNKNOWN"
"public","FUNCTION","gbt_float4_fetch(internal)","anon","EXECUTE","NO","UNKNOWN_NOT_IN_PG_CATALOG","supabase_admin","UNCLASSIFIED","UNDECIDED","UNKNOWN"
"public","FUNCTION","gbt_float4_fetch(internal)","authenticated","EXECUTE","NO","UNKNOWN_NOT_IN_PG_CATALOG","supabase_admin","UNCLASSIFIED","UNDECIDED","UNKNOWN"
"public","FUNCTION","gbt_float4_fetch(internal)","postgres","EXECUTE","NO","UNKNOWN_NOT_IN_PG_CATALOG","supabase_admin","UNCLASSIFIED","UNDECIDED","UNKNOWN"
"public","FUNCTION","gbt_float4_fetch(internal)","service_role","EXECUTE","NO","UNKNOWN_NOT_IN_PG_CATALOG","supabase_admin","UNCLASSIFIED","UNDECIDED","UNKNOWN"
"public","FUNCTION","gbt_float4_fetch(internal)","supabase_admin","EXECUTE","NO","UNKNOWN_NOT_IN_PG_CATALOG","supabase_admin","UNCLASSIFIED","UNDECIDED","UNKNOWN"
"public","FUNCTION","gbt_float4_penalty(internal,internal,internal)","PUBLIC","EXECUTE","NO","UNKNOWN_NOT_IN_PG_CATALOG","supabase_admin","UNCLASSIFIED","UNDECIDED","UNKNOWN"
"public","FUNCTION","gbt_float4_penalty(internal,internal,internal)","anon","EXECUTE","NO","UNKNOWN_NOT_IN_PG_CATALOG","supabase_admin","UNCLASSIFIED","UNDECIDED","UNKNOWN"
"public","FUNCTION","gbt_float4_penalty(internal,internal,internal)","authenticated","EXECUTE","NO","UNKNOWN_NOT_IN_PG_CATALOG","supabase_admin","UNCLASSIFIED","UNDECIDED","UNKNOWN"
"public","FUNCTION","gbt_float4_penalty(internal,internal,internal)","postgres","EXECUTE","NO","UNKNOWN_NOT_IN_PG_CATALOG","supabase_admin","UNCLASSIFIED","UNDECIDED","UNKNOWN"
"public","FUNCTION","gbt_float4_penalty(internal,internal,internal)","service_role","EXECUTE","NO","UNKNOWN_NOT_IN_PG_CATALOG","supabase_admin","UNCLASSIFIED","UNDECIDED","UNKNOWN"
"public","FUNCTION","gbt_float4_penalty(internal,internal,internal)","supabase_admin","EXECUTE","NO","UNKNOWN_NOT_IN_PG_CATALOG","supabase_admin","UNCLASSIFIED","UNDECIDED","UNKNOWN"
"public","FUNCTION","gbt_float4_picksplit(internal,internal)","PUBLIC","EXECUTE","NO","UNKNOWN_NOT_IN_PG_CATALOG","supabase_admin","UNCLASSIFIED","UNDECIDED","UNKNOWN"
"public","FUNCTION","gbt_float4_picksplit(internal,internal)","anon","EXECUTE","NO","UNKNOWN_NOT_IN_PG_CATALOG","supabase_admin","UNCLASSIFIED","UNDECIDED","UNKNOWN"
"public","FUNCTION","gbt_float4_picksplit(internal,internal)","authenticated","EXECUTE","NO","UNKNOWN_NOT_IN_PG_CATALOG","supabase_admin","UNCLASSIFIED","UNDECIDED","UNKNOWN"
"public","FUNCTION","gbt_float4_picksplit(internal,internal)","postgres","EXECUTE","NO","UNKNOWN_NOT_IN_PG_CATALOG","supabase_admin","UNCLASSIFIED","UNDECIDED","UNKNOWN"
"public","FUNCTION","gbt_float4_picksplit(internal,internal)","service_role","EXECUTE","NO","UNKNOWN_NOT_IN_PG_CATALOG","supabase_admin","UNCLASSIFIED","UNDECIDED","UNKNOWN"
"public","FUNCTION","gbt_float4_picksplit(internal,internal)","supabase_admin","EXECUTE","NO","UNKNOWN_NOT_IN_PG_CATALOG","supabase_admin","UNCLASSIFIED","UNDECIDED","UNKNOWN"
"public","FUNCTION","gbt_float4_same(gbtreekey8,gbtreekey8,internal)","PUBLIC","EXECUTE","NO","UNKNOWN_NOT_IN_PG_CATALOG","supabase_admin","UNCLASSIFIED","UNDECIDED","UNKNOWN"
"public","FUNCTION","gbt_float4_same(gbtreekey8,gbtreekey8,internal)","anon","EXECUTE","NO","UNKNOWN_NOT_IN_PG_CATALOG","supabase_admin","UNCLASSIFIED","UNDECIDED","UNKNOWN"
"public","FUNCTION","gbt_float4_same(gbtreekey8,gbtreekey8,internal)","authenticated","EXECUTE","NO","UNKNOWN_NOT_IN_PG_CATALOG","supabase_admin","UNCLASSIFIED","UNDECIDED","UNKNOWN"
"public","FUNCTION","gbt_float4_same(gbtreekey8,gbtreekey8,internal)","postgres","EXECUTE","NO","UNKNOWN_NOT_IN_PG_CATALOG","supabase_admin","UNCLASSIFIED","UNDECIDED","UNKNOWN"
"public","FUNCTION","gbt_float4_same(gbtreekey8,gbtreekey8,internal)","service_role","EXECUTE","NO","UNKNOWN_NOT_IN_PG_CATALOG","supabase_admin","UNCLASSIFIED","UNDECIDED","UNKNOWN"
"public","FUNCTION","gbt_float4_same(gbtreekey8,gbtreekey8,internal)","supabase_admin","EXECUTE","NO","UNKNOWN_NOT_IN_PG_CATALOG","supabase_admin","UNCLASSIFIED","UNDECIDED","UNKNOWN"
"public","FUNCTION","gbt_float4_union(internal,internal)","PUBLIC","EXECUTE","NO","UNKNOWN_NOT_IN_PG_CATALOG","supabase_admin","UNCLASSIFIED","UNDECIDED","UNKNOWN"
"public","FUNCTION","gbt_float4_union(internal,internal)","anon","EXECUTE","NO","UNKNOWN_NOT_IN_PG_CATALOG","supabase_admin","UNCLASSIFIED","UNDECIDED","UNKNOWN"
"public","FUNCTION","gbt_float4_union(internal,internal)","authenticated","EXECUTE","NO","UNKNOWN_NOT_IN_PG_CATALOG","supabase_admin","UNCLASSIFIED","UNDECIDED","UNKNOWN"
"public","FUNCTION","gbt_float4_union(internal,internal)","postgres","EXECUTE","NO","UNKNOWN_NOT_IN_PG_CATALOG","supabase_admin","UNCLASSIFIED","UNDECIDED","UNKNOWN"
"public","FUNCTION","gbt_float4_union(internal,internal)","service_role","EXECUTE","NO","UNKNOWN_NOT_IN_PG_CATALOG","supabase_admin","UNCLASSIFIED","UNDECIDED","UNKNOWN"
"public","FUNCTION","gbt_float4_union(internal,internal)","supabase_admin","EXECUTE","NO","UNKNOWN_NOT_IN_PG_CATALOG","supabase_admin","UNCLASSIFIED","UNDECIDED","UNKNOWN"
"public","FUNCTION","gbt_float8_compress(internal)","PUBLIC","EXECUTE","NO","UNKNOWN_NOT_IN_PG_CATALOG","supabase_admin","UNCLASSIFIED","UNDECIDED","UNKNOWN"
"public","FUNCTION","gbt_float8_compress(internal)","anon","EXECUTE","NO","UNKNOWN_NOT_IN_PG_CATALOG","supabase_admin","UNCLASSIFIED","UNDECIDED","UNKNOWN"
"public","FUNCTION","gbt_float8_compress(internal)","authenticated","EXECUTE","NO","UNKNOWN_NOT_IN_PG_CATALOG","supabase_admin","UNCLASSIFIED","UNDECIDED","UNKNOWN"
"public","FUNCTION","gbt_float8_compress(internal)","postgres","EXECUTE","NO","UNKNOWN_NOT_IN_PG_CATALOG","supabase_admin","UNCLASSIFIED","UNDECIDED","UNKNOWN"
"public","FUNCTION","gbt_float8_compress(internal)","service_role","EXECUTE","NO","UNKNOWN_NOT_IN_PG_CATALOG","supabase_admin","UNCLASSIFIED","UNDECIDED","UNKNOWN"
"public","FUNCTION","gbt_float8_compress(internal)","supabase_admin","EXECUTE","NO","UNKNOWN_NOT_IN_PG_CATALOG","supabase_admin","UNCLASSIFIED","UNDECIDED","UNKNOWN"
"public","FUNCTION","gbt_float8_consistent(internal,double precision,smallint,oid,internal)","PUBLIC","EXECUTE","NO","UNKNOWN_NOT_IN_PG_CATALOG","supabase_admin","UNCLASSIFIED","UNDECIDED","UNKNOWN"
"public","FUNCTION","gbt_float8_consistent(internal,double precision,smallint,oid,internal)","anon","EXECUTE","NO","UNKNOWN_NOT_IN_PG_CATALOG","supabase_admin","UNCLASSIFIED","UNDECIDED","UNKNOWN"
"public","FUNCTION","gbt_float8_consistent(internal,double precision,smallint,oid,internal)","authenticated","EXECUTE","NO","UNKNOWN_NOT_IN_PG_CATALOG","supabase_admin","UNCLASSIFIED","UNDECIDED","UNKNOWN"
"public","FUNCTION","gbt_float8_consistent(internal,double precision,smallint,oid,internal)","postgres","EXECUTE","NO","UNKNOWN_NOT_IN_PG_CATALOG","supabase_admin","UNCLASSIFIED","UNDECIDED","UNKNOWN"
"public","FUNCTION","gbt_float8_consistent(internal,double precision,smallint,oid,internal)","service_role","EXECUTE","NO","UNKNOWN_NOT_IN_PG_CATALOG","supabase_admin","UNCLASSIFIED","UNDECIDED","UNKNOWN"
"public","FUNCTION","gbt_float8_consistent(internal,double precision,smallint,oid,internal)","supabase_admin","EXECUTE","NO","UNKNOWN_NOT_IN_PG_CATALOG","supabase_admin","UNCLASSIFIED","UNDECIDED","UNKNOWN"
"public","FUNCTION","gbt_float8_distance(internal,double precision,smallint,oid,internal)","PUBLIC","EXECUTE","NO","UNKNOWN_NOT_IN_PG_CATALOG","supabase_admin","UNCLASSIFIED","UNDECIDED","UNKNOWN"
"public","FUNCTION","gbt_float8_distance(internal,double precision,smallint,oid,internal)","anon","EXECUTE","NO","UNKNOWN_NOT_IN_PG_CATALOG","supabase_admin","UNCLASSIFIED","UNDECIDED","UNKNOWN"
"public","FUNCTION","gbt_float8_distance(internal,double precision,smallint,oid,internal)","authenticated","EXECUTE","NO","UNKNOWN_NOT_IN_PG_CATALOG","supabase_admin","UNCLASSIFIED","UNDECIDED","UNKNOWN"
"public","FUNCTION","gbt_float8_distance(internal,double precision,smallint,oid,internal)","postgres","EXECUTE","NO","UNKNOWN_NOT_IN_PG_CATALOG","supabase_admin","UNCLASSIFIED","UNDECIDED","UNKNOWN"
"public","FUNCTION","gbt_float8_distance(internal,double precision,smallint,oid,internal)","service_role","EXECUTE","NO","UNKNOWN_NOT_IN_PG_CATALOG","supabase_admin","UNCLASSIFIED","UNDECIDED","UNKNOWN"
"public","FUNCTION","gbt_float8_distance(internal,double precision,smallint,oid,internal)","supabase_admin","EXECUTE","NO","UNKNOWN_NOT_IN_PG_CATALOG","supabase_admin","UNCLASSIFIED","UNDECIDED","UNKNOWN"
"public","FUNCTION","gbt_float8_fetch(internal)","PUBLIC","EXECUTE","NO","UNKNOWN_NOT_IN_PG_CATALOG","supabase_admin","UNCLASSIFIED","UNDECIDED","UNKNOWN"
"public","FUNCTION","gbt_float8_fetch(internal)","anon","EXECUTE","NO","UNKNOWN_NOT_IN_PG_CATALOG","supabase_admin","UNCLASSIFIED","UNDECIDED","UNKNOWN"
"public","FUNCTION","gbt_float8_fetch(internal)","authenticated","EXECUTE","NO","UNKNOWN_NOT_IN_PG_CATALOG","supabase_admin","UNCLASSIFIED","UNDECIDED","UNKNOWN"
"public","FUNCTION","gbt_float8_fetch(internal)","postgres","EXECUTE","NO","UNKNOWN_NOT_IN_PG_CATALOG","supabase_admin","UNCLASSIFIED","UNDECIDED","UNKNOWN"
"public","FUNCTION","gbt_float8_fetch(internal)","service_role","EXECUTE","NO","UNKNOWN_NOT_IN_PG_CATALOG","supabase_admin","UNCLASSIFIED","UNDECIDED","UNKNOWN"
"public","FUNCTION","gbt_float8_fetch(internal)","supabase_admin","EXECUTE","NO","UNKNOWN_NOT_IN_PG_CATALOG","supabase_admin","UNCLASSIFIED","UNDECIDED","UNKNOWN"
"public","FUNCTION","gbt_float8_penalty(internal,internal,internal)","PUBLIC","EXECUTE","NO","UNKNOWN_NOT_IN_PG_CATALOG","supabase_admin","UNCLASSIFIED","UNDECIDED","UNKNOWN"
"public","FUNCTION","gbt_float8_penalty(internal,internal,internal)","anon","EXECUTE","NO","UNKNOWN_NOT_IN_PG_CATALOG","supabase_admin","UNCLASSIFIED","UNDECIDED","UNKNOWN"
"public","FUNCTION","gbt_float8_penalty(internal,internal,internal)","authenticated","EXECUTE","NO","UNKNOWN_NOT_IN_PG_CATALOG","supabase_admin","UNCLASSIFIED","UNDECIDED","UNKNOWN"
"public","FUNCTION","gbt_float8_penalty(internal,internal,internal)","postgres","EXECUTE","NO","UNKNOWN_NOT_IN_PG_CATALOG","supabase_admin","UNCLASSIFIED","UNDECIDED","UNKNOWN"
"public","FUNCTION","gbt_float8_penalty(internal,internal,internal)","service_role","EXECUTE","NO","UNKNOWN_NOT_IN_PG_CATALOG","supabase_admin","UNCLASSIFIED","UNDECIDED","UNKNOWN"
"public","FUNCTION","gbt_float8_penalty(internal,internal,internal)","supabase_admin","EXECUTE","NO","UNKNOWN_NOT_IN_PG_CATALOG","supabase_admin","UNCLASSIFIED","UNDECIDED","UNKNOWN"
"public","FUNCTION","gbt_float8_picksplit(internal,internal)","PUBLIC","EXECUTE","NO","UNKNOWN_NOT_IN_PG_CATALOG","supabase_admin","UNCLASSIFIED","UNDECIDED","UNKNOWN"
"public","FUNCTION","gbt_float8_picksplit(internal,internal)","anon","EXECUTE","NO","UNKNOWN_NOT_IN_PG_CATALOG","supabase_admin","UNCLASSIFIED","UNDECIDED","UNKNOWN"
"public","FUNCTION","gbt_float8_picksplit(internal,internal)","authenticated","EXECUTE","NO","UNKNOWN_NOT_IN_PG_CATALOG","supabase_admin","UNCLASSIFIED","UNDECIDED","UNKNOWN"
"public","FUNCTION","gbt_float8_picksplit(internal,internal)","postgres","EXECUTE","NO","UNKNOWN_NOT_IN_PG_CATALOG","supabase_admin","UNCLASSIFIED","UNDECIDED","UNKNOWN"
"public","FUNCTION","gbt_float8_picksplit(internal,internal)","service_role","EXECUTE","NO","UNKNOWN_NOT_IN_PG_CATALOG","supabase_admin","UNCLASSIFIED","UNDECIDED","UNKNOWN"
"public","FUNCTION","gbt_float8_picksplit(internal,internal)","supabase_admin","EXECUTE","NO","UNKNOWN_NOT_IN_PG_CATALOG","supabase_admin","UNCLASSIFIED","UNDECIDED","UNKNOWN"
"public","FUNCTION","gbt_float8_same(gbtreekey16,gbtreekey16,internal)","PUBLIC","EXECUTE","NO","UNKNOWN_NOT_IN_PG_CATALOG","supabase_admin","UNCLASSIFIED","UNDECIDED","UNKNOWN"
"public","FUNCTION","gbt_float8_same(gbtreekey16,gbtreekey16,internal)","anon","EXECUTE","NO","UNKNOWN_NOT_IN_PG_CATALOG","supabase_admin","UNCLASSIFIED","UNDECIDED","UNKNOWN"
"public","FUNCTION","gbt_float8_same(gbtreekey16,gbtreekey16,internal)","authenticated","EXECUTE","NO","UNKNOWN_NOT_IN_PG_CATALOG","supabase_admin","UNCLASSIFIED","UNDECIDED","UNKNOWN"
"public","FUNCTION","gbt_float8_same(gbtreekey16,gbtreekey16,internal)","postgres","EXECUTE","NO","UNKNOWN_NOT_IN_PG_CATALOG","supabase_admin","UNCLASSIFIED","UNDECIDED","UNKNOWN"
"public","FUNCTION","gbt_float8_same(gbtreekey16,gbtreekey16,internal)","service_role","EXECUTE","NO","UNKNOWN_NOT_IN_PG_CATALOG","supabase_admin","UNCLASSIFIED","UNDECIDED","UNKNOWN"
"public","FUNCTION","gbt_float8_same(gbtreekey16,gbtreekey16,internal)","supabase_admin","EXECUTE","NO","UNKNOWN_NOT_IN_PG_CATALOG","supabase_admin","UNCLASSIFIED","UNDECIDED","UNKNOWN"
"public","FUNCTION","gbt_float8_union(internal,internal)","PUBLIC","EXECUTE","NO","UNKNOWN_NOT_IN_PG_CATALOG","supabase_admin","UNCLASSIFIED","UNDECIDED","UNKNOWN"
"public","FUNCTION","gbt_float8_union(internal,internal)","anon","EXECUTE","NO","UNKNOWN_NOT_IN_PG_CATALOG","supabase_admin","UNCLASSIFIED","UNDECIDED","UNKNOWN"
"public","FUNCTION","gbt_float8_union(internal,internal)","authenticated","EXECUTE","NO","UNKNOWN_NOT_IN_PG_CATALOG","supabase_admin","UNCLASSIFIED","UNDECIDED","UNKNOWN"
"public","FUNCTION","gbt_float8_union(internal,internal)","postgres","EXECUTE","NO","UNKNOWN_NOT_IN_PG_CATALOG","supabase_admin","UNCLASSIFIED","UNDECIDED","UNKNOWN"
"public","FUNCTION","gbt_float8_union(internal,internal)","service_role","EXECUTE","NO","UNKNOWN_NOT_IN_PG_CATALOG","supabase_admin","UNCLASSIFIED","UNDECIDED","UNKNOWN"
"public","FUNCTION","gbt_float8_union(internal,internal)","supabase_admin","EXECUTE","NO","UNKNOWN_NOT_IN_PG_CATALOG","supabase_admin","UNCLASSIFIED","UNDECIDED","UNKNOWN"
"public","FUNCTION","gbt_inet_compress(internal)","PUBLIC","EXECUTE","NO","UNKNOWN_NOT_IN_PG_CATALOG","supabase_admin","UNCLASSIFIED","UNDECIDED","UNKNOWN"
"public","FUNCTION","gbt_inet_compress(internal)","anon","EXECUTE","NO","UNKNOWN_NOT_IN_PG_CATALOG","supabase_admin","UNCLASSIFIED","UNDECIDED","UNKNOWN"
"public","FUNCTION","gbt_inet_compress(internal)","authenticated","EXECUTE","NO","UNKNOWN_NOT_IN_PG_CATALOG","supabase_admin","UNCLASSIFIED","UNDECIDED","UNKNOWN"
"public","FUNCTION","gbt_inet_compress(internal)","postgres","EXECUTE","NO","UNKNOWN_NOT_IN_PG_CATALOG","supabase_admin","UNCLASSIFIED","UNDECIDED","UNKNOWN"
"public","FUNCTION","gbt_inet_compress(internal)","service_role","EXECUTE","NO","UNKNOWN_NOT_IN_PG_CATALOG","supabase_admin","UNCLASSIFIED","UNDECIDED","UNKNOWN"
"public","FUNCTION","gbt_inet_compress(internal)","supabase_admin","EXECUTE","NO","UNKNOWN_NOT_IN_PG_CATALOG","supabase_admin","UNCLASSIFIED","UNDECIDED","UNKNOWN"
"public","FUNCTION","gbt_inet_consistent(internal,inet,smallint,oid,internal)","PUBLIC","EXECUTE","NO","UNKNOWN_NOT_IN_PG_CATALOG","supabase_admin","UNCLASSIFIED","UNDECIDED","UNKNOWN"
"public","FUNCTION","gbt_inet_consistent(internal,inet,smallint,oid,internal)","anon","EXECUTE","NO","UNKNOWN_NOT_IN_PG_CATALOG","supabase_admin","UNCLASSIFIED","UNDECIDED","UNKNOWN"
"public","FUNCTION","gbt_inet_consistent(internal,inet,smallint,oid,internal)","authenticated","EXECUTE","NO","UNKNOWN_NOT_IN_PG_CATALOG","supabase_admin","UNCLASSIFIED","UNDECIDED","UNKNOWN"
"public","FUNCTION","gbt_inet_consistent(internal,inet,smallint,oid,internal)","postgres","EXECUTE","NO","UNKNOWN_NOT_IN_PG_CATALOG","supabase_admin","UNCLASSIFIED","UNDECIDED","UNKNOWN"
"public","FUNCTION","gbt_inet_consistent(internal,inet,smallint,oid,internal)","service_role","EXECUTE","NO","UNKNOWN_NOT_IN_PG_CATALOG","supabase_admin","UNCLASSIFIED","UNDECIDED","UNKNOWN"
"public","FUNCTION","gbt_inet_consistent(internal,inet,smallint,oid,internal)","supabase_admin","EXECUTE","NO","UNKNOWN_NOT_IN_PG_CATALOG","supabase_admin","UNCLASSIFIED","UNDECIDED","UNKNOWN"
"public","FUNCTION","gbt_inet_penalty(internal,internal,internal)","PUBLIC","EXECUTE","NO","UNKNOWN_NOT_IN_PG_CATALOG","supabase_admin","UNCLASSIFIED","UNDECIDED","UNKNOWN"
"public","FUNCTION","gbt_inet_penalty(internal,internal,internal)","anon","EXECUTE","NO","UNKNOWN_NOT_IN_PG_CATALOG","supabase_admin","UNCLASSIFIED","UNDECIDED","UNKNOWN"
"public","FUNCTION","gbt_inet_penalty(internal,internal,internal)","authenticated","EXECUTE","NO","UNKNOWN_NOT_IN_PG_CATALOG","supabase_admin","UNCLASSIFIED","UNDECIDED","UNKNOWN"
"public","FUNCTION","gbt_inet_penalty(internal,internal,internal)","postgres","EXECUTE","NO","UNKNOWN_NOT_IN_PG_CATALOG","supabase_admin","UNCLASSIFIED","UNDECIDED","UNKNOWN"
"public","FUNCTION","gbt_inet_penalty(internal,internal,internal)","service_role","EXECUTE","NO","UNKNOWN_NOT_IN_PG_CATALOG","supabase_admin","UNCLASSIFIED","UNDECIDED","UNKNOWN"
"public","FUNCTION","gbt_inet_penalty(internal,internal,internal)","supabase_admin","EXECUTE","NO","UNKNOWN_NOT_IN_PG_CATALOG","supabase_admin","UNCLASSIFIED","UNDECIDED","UNKNOWN"
"public","FUNCTION","gbt_inet_picksplit(internal,internal)","PUBLIC","EXECUTE","NO","UNKNOWN_NOT_IN_PG_CATALOG","supabase_admin","UNCLASSIFIED","UNDECIDED","UNKNOWN"
"public","FUNCTION","gbt_inet_picksplit(internal,internal)","anon","EXECUTE","NO","UNKNOWN_NOT_IN_PG_CATALOG","supabase_admin","UNCLASSIFIED","UNDECIDED","UNKNOWN"
"public","FUNCTION","gbt_inet_picksplit(internal,internal)","authenticated","EXECUTE","NO","UNKNOWN_NOT_IN_PG_CATALOG","supabase_admin","UNCLASSIFIED","UNDECIDED","UNKNOWN"
"public","FUNCTION","gbt_inet_picksplit(internal,internal)","postgres","EXECUTE","NO","UNKNOWN_NOT_IN_PG_CATALOG","supabase_admin","UNCLASSIFIED","UNDECIDED","UNKNOWN"
"public","FUNCTION","gbt_inet_picksplit(internal,internal)","service_role","EXECUTE","NO","UNKNOWN_NOT_IN_PG_CATALOG","supabase_admin","UNCLASSIFIED","UNDECIDED","UNKNOWN"
"public","FUNCTION","gbt_inet_picksplit(internal,internal)","supabase_admin","EXECUTE","NO","UNKNOWN_NOT_IN_PG_CATALOG","supabase_admin","UNCLASSIFIED","UNDECIDED","UNKNOWN"
"public","FUNCTION","gbt_inet_same(gbtreekey16,gbtreekey16,internal)","PUBLIC","EXECUTE","NO","UNKNOWN_NOT_IN_PG_CATALOG","supabase_admin","UNCLASSIFIED","UNDECIDED","UNKNOWN"
"public","FUNCTION","gbt_inet_same(gbtreekey16,gbtreekey16,internal)","anon","EXECUTE","NO","UNKNOWN_NOT_IN_PG_CATALOG","supabase_admin","UNCLASSIFIED","UNDECIDED","UNKNOWN"
"public","FUNCTION","gbt_inet_same(gbtreekey16,gbtreekey16,internal)","authenticated","EXECUTE","NO","UNKNOWN_NOT_IN_PG_CATALOG","supabase_admin","UNCLASSIFIED","UNDECIDED","UNKNOWN"
"public","FUNCTION","gbt_inet_same(gbtreekey16,gbtreekey16,internal)","postgres","EXECUTE","NO","UNKNOWN_NOT_IN_PG_CATALOG","supabase_admin","UNCLASSIFIED","UNDECIDED","UNKNOWN"
"public","FUNCTION","gbt_inet_same(gbtreekey16,gbtreekey16,internal)","service_role","EXECUTE","NO","UNKNOWN_NOT_IN_PG_CATALOG","supabase_admin","UNCLASSIFIED","UNDECIDED","UNKNOWN"
"public","FUNCTION","gbt_inet_same(gbtreekey16,gbtreekey16,internal)","supabase_admin","EXECUTE","NO","UNKNOWN_NOT_IN_PG_CATALOG","supabase_admin","UNCLASSIFIED","UNDECIDED","UNKNOWN"
"public","FUNCTION","gbt_inet_union(internal,internal)","PUBLIC","EXECUTE","NO","UNKNOWN_NOT_IN_PG_CATALOG","supabase_admin","UNCLASSIFIED","UNDECIDED","UNKNOWN"
"public","FUNCTION","gbt_inet_union(internal,internal)","anon","EXECUTE","NO","UNKNOWN_NOT_IN_PG_CATALOG","supabase_admin","UNCLASSIFIED","UNDECIDED","UNKNOWN"
"public","FUNCTION","gbt_inet_union(internal,internal)","authenticated","EXECUTE","NO","UNKNOWN_NOT_IN_PG_CATALOG","supabase_admin","UNCLASSIFIED","UNDECIDED","UNKNOWN"
"public","FUNCTION","gbt_inet_union(internal,internal)","postgres","EXECUTE","NO","UNKNOWN_NOT_IN_PG_CATALOG","supabase_admin","UNCLASSIFIED","UNDECIDED","UNKNOWN"
"public","FUNCTION","gbt_inet_union(internal,internal)","service_role","EXECUTE","NO","UNKNOWN_NOT_IN_PG_CATALOG","supabase_admin","UNCLASSIFIED","UNDECIDED","UNKNOWN"
"public","FUNCTION","gbt_inet_union(internal,internal)","supabase_admin","EXECUTE","NO","UNKNOWN_NOT_IN_PG_CATALOG","supabase_admin","UNCLASSIFIED","UNDECIDED","UNKNOWN"
"public","FUNCTION","gbt_int2_compress(internal)","PUBLIC","EXECUTE","NO","UNKNOWN_NOT_IN_PG_CATALOG","supabase_admin","UNCLASSIFIED","UNDECIDED","UNKNOWN"
"public","FUNCTION","gbt_int2_compress(internal)","anon","EXECUTE","NO","UNKNOWN_NOT_IN_PG_CATALOG","supabase_admin","UNCLASSIFIED","UNDECIDED","UNKNOWN"
"public","FUNCTION","gbt_int2_compress(internal)","authenticated","EXECUTE","NO","UNKNOWN_NOT_IN_PG_CATALOG","supabase_admin","UNCLASSIFIED","UNDECIDED","UNKNOWN"
"public","FUNCTION","gbt_int2_compress(internal)","postgres","EXECUTE","NO","UNKNOWN_NOT_IN_PG_CATALOG","supabase_admin","UNCLASSIFIED","UNDECIDED","UNKNOWN"
"public","FUNCTION","gbt_int2_compress(internal)","service_role","EXECUTE","NO","UNKNOWN_NOT_IN_PG_CATALOG","supabase_admin","UNCLASSIFIED","UNDECIDED","UNKNOWN"
"public","FUNCTION","gbt_int2_compress(internal)","supabase_admin","EXECUTE","NO","UNKNOWN_NOT_IN_PG_CATALOG","supabase_admin","UNCLASSIFIED","UNDECIDED","UNKNOWN"
"public","FUNCTION","gbt_int2_consistent(internal,smallint,smallint,oid,internal)","PUBLIC","EXECUTE","NO","UNKNOWN_NOT_IN_PG_CATALOG","supabase_admin","UNCLASSIFIED","UNDECIDED","UNKNOWN"
"public","FUNCTION","gbt_int2_consistent(internal,smallint,smallint,oid,internal)","anon","EXECUTE","NO","UNKNOWN_NOT_IN_PG_CATALOG","supabase_admin","UNCLASSIFIED","UNDECIDED","UNKNOWN"
"public","FUNCTION","gbt_int2_consistent(internal,smallint,smallint,oid,internal)","authenticated","EXECUTE","NO","UNKNOWN_NOT_IN_PG_CATALOG","supabase_admin","UNCLASSIFIED","UNDECIDED","UNKNOWN"
"public","FUNCTION","gbt_int2_consistent(internal,smallint,smallint,oid,internal)","postgres","EXECUTE","NO","UNKNOWN_NOT_IN_PG_CATALOG","supabase_admin","UNCLASSIFIED","UNDECIDED","UNKNOWN"
"public","FUNCTION","gbt_int2_consistent(internal,smallint,smallint,oid,internal)","service_role","EXECUTE","NO","UNKNOWN_NOT_IN_PG_CATALOG","supabase_admin","UNCLASSIFIED","UNDECIDED","UNKNOWN"
"public","FUNCTION","gbt_int2_consistent(internal,smallint,smallint,oid,internal)","supabase_admin","EXECUTE","NO","UNKNOWN_NOT_IN_PG_CATALOG","supabase_admin","UNCLASSIFIED","UNDECIDED","UNKNOWN"
"public","FUNCTION","gbt_int2_distance(internal,smallint,smallint,oid,internal)","PUBLIC","EXECUTE","NO","UNKNOWN_NOT_IN_PG_CATALOG","supabase_admin","UNCLASSIFIED","UNDECIDED","UNKNOWN"
"public","FUNCTION","gbt_int2_distance(internal,smallint,smallint,oid,internal)","anon","EXECUTE","NO","UNKNOWN_NOT_IN_PG_CATALOG","supabase_admin","UNCLASSIFIED","UNDECIDED","UNKNOWN"
"public","FUNCTION","gbt_int2_distance(internal,smallint,smallint,oid,internal)","authenticated","EXECUTE","NO","UNKNOWN_NOT_IN_PG_CATALOG","supabase_admin","UNCLASSIFIED","UNDECIDED","UNKNOWN"
"public","FUNCTION","gbt_int2_distance(internal,smallint,smallint,oid,internal)","postgres","EXECUTE","NO","UNKNOWN_NOT_IN_PG_CATALOG","supabase_admin","UNCLASSIFIED","UNDECIDED","UNKNOWN"
"public","FUNCTION","gbt_int2_distance(internal,smallint,smallint,oid,internal)","service_role","EXECUTE","NO","UNKNOWN_NOT_IN_PG_CATALOG","supabase_admin","UNCLASSIFIED","UNDECIDED","UNKNOWN"
"public","FUNCTION","gbt_int2_distance(internal,smallint,smallint,oid,internal)","supabase_admin","EXECUTE","NO","UNKNOWN_NOT_IN_PG_CATALOG","supabase_admin","UNCLASSIFIED","UNDECIDED","UNKNOWN"
"public","FUNCTION","gbt_int2_fetch(internal)","PUBLIC","EXECUTE","NO","UNKNOWN_NOT_IN_PG_CATALOG","supabase_admin","UNCLASSIFIED","UNDECIDED","UNKNOWN"
"public","FUNCTION","gbt_int2_fetch(internal)","anon","EXECUTE","NO","UNKNOWN_NOT_IN_PG_CATALOG","supabase_admin","UNCLASSIFIED","UNDECIDED","UNKNOWN"
"public","FUNCTION","gbt_int2_fetch(internal)","authenticated","EXECUTE","NO","UNKNOWN_NOT_IN_PG_CATALOG","supabase_admin","UNCLASSIFIED","UNDECIDED","UNKNOWN"
"public","FUNCTION","gbt_int2_fetch(internal)","postgres","EXECUTE","NO","UNKNOWN_NOT_IN_PG_CATALOG","supabase_admin","UNCLASSIFIED","UNDECIDED","UNKNOWN"
"public","FUNCTION","gbt_int2_fetch(internal)","service_role","EXECUTE","NO","UNKNOWN_NOT_IN_PG_CATALOG","supabase_admin","UNCLASSIFIED","UNDECIDED","UNKNOWN"
"public","FUNCTION","gbt_int2_fetch(internal)","supabase_admin","EXECUTE","NO","UNKNOWN_NOT_IN_PG_CATALOG","supabase_admin","UNCLASSIFIED","UNDECIDED","UNKNOWN"
"public","FUNCTION","gbt_int2_penalty(internal,internal,internal)","PUBLIC","EXECUTE","NO","UNKNOWN_NOT_IN_PG_CATALOG","supabase_admin","UNCLASSIFIED","UNDECIDED","UNKNOWN"
"public","FUNCTION","gbt_int2_penalty(internal,internal,internal)","anon","EXECUTE","NO","UNKNOWN_NOT_IN_PG_CATALOG","supabase_admin","UNCLASSIFIED","UNDECIDED","UNKNOWN"
"public","FUNCTION","gbt_int2_penalty(internal,internal,internal)","authenticated","EXECUTE","NO","UNKNOWN_NOT_IN_PG_CATALOG","supabase_admin","UNCLASSIFIED","UNDECIDED","UNKNOWN"
"public","FUNCTION","gbt_int2_penalty(internal,internal,internal)","postgres","EXECUTE","NO","UNKNOWN_NOT_IN_PG_CATALOG","supabase_admin","UNCLASSIFIED","UNDECIDED","UNKNOWN"
"public","FUNCTION","gbt_int2_penalty(internal,internal,internal)","service_role","EXECUTE","NO","UNKNOWN_NOT_IN_PG_CATALOG","supabase_admin","UNCLASSIFIED","UNDECIDED","UNKNOWN"
"public","FUNCTION","gbt_int2_penalty(internal,internal,internal)","supabase_admin","EXECUTE","NO","UNKNOWN_NOT_IN_PG_CATALOG","supabase_admin","UNCLASSIFIED","UNDECIDED","UNKNOWN"
"public","FUNCTION","gbt_int2_picksplit(internal,internal)","PUBLIC","EXECUTE","NO","UNKNOWN_NOT_IN_PG_CATALOG","supabase_admin","UNCLASSIFIED","UNDECIDED","UNKNOWN"
"public","FUNCTION","gbt_int2_picksplit(internal,internal)","anon","EXECUTE","NO","UNKNOWN_NOT_IN_PG_CATALOG","supabase_admin","UNCLASSIFIED","UNDECIDED","UNKNOWN"
"public","FUNCTION","gbt_int2_picksplit(internal,internal)","authenticated","EXECUTE","NO","UNKNOWN_NOT_IN_PG_CATALOG","supabase_admin","UNCLASSIFIED","UNDECIDED","UNKNOWN"
"public","FUNCTION","gbt_int2_picksplit(internal,internal)","postgres","EXECUTE","NO","UNKNOWN_NOT_IN_PG_CATALOG","supabase_admin","UNCLASSIFIED","UNDECIDED","UNKNOWN"
"public","FUNCTION","gbt_int2_picksplit(internal,internal)","service_role","EXECUTE","NO","UNKNOWN_NOT_IN_PG_CATALOG","supabase_admin","UNCLASSIFIED","UNDECIDED","UNKNOWN"
"public","FUNCTION","gbt_int2_picksplit(internal,internal)","supabase_admin","EXECUTE","NO","UNKNOWN_NOT_IN_PG_CATALOG","supabase_admin","UNCLASSIFIED","UNDECIDED","UNKNOWN"
"public","FUNCTION","gbt_int2_same(gbtreekey4,gbtreekey4,internal)","PUBLIC","EXECUTE","NO","UNKNOWN_NOT_IN_PG_CATALOG","supabase_admin","UNCLASSIFIED","UNDECIDED","UNKNOWN"
"public","FUNCTION","gbt_int2_same(gbtreekey4,gbtreekey4,internal)","anon","EXECUTE","NO","UNKNOWN_NOT_IN_PG_CATALOG","supabase_admin","UNCLASSIFIED","UNDECIDED","UNKNOWN"
"public","FUNCTION","gbt_int2_same(gbtreekey4,gbtreekey4,internal)","authenticated","EXECUTE","NO","UNKNOWN_NOT_IN_PG_CATALOG","supabase_admin","UNCLASSIFIED","UNDECIDED","UNKNOWN"
"public","FUNCTION","gbt_int2_same(gbtreekey4,gbtreekey4,internal)","postgres","EXECUTE","NO","UNKNOWN_NOT_IN_PG_CATALOG","supabase_admin","UNCLASSIFIED","UNDECIDED","UNKNOWN"
"public","FUNCTION","gbt_int2_same(gbtreekey4,gbtreekey4,internal)","service_role","EXECUTE","NO","UNKNOWN_NOT_IN_PG_CATALOG","supabase_admin","UNCLASSIFIED","UNDECIDED","UNKNOWN"
"public","FUNCTION","gbt_int2_same(gbtreekey4,gbtreekey4,internal)","supabase_admin","EXECUTE","NO","UNKNOWN_NOT_IN_PG_CATALOG","supabase_admin","UNCLASSIFIED","UNDECIDED","UNKNOWN"
"public","FUNCTION","gbt_int2_union(internal,internal)","PUBLIC","EXECUTE","NO","UNKNOWN_NOT_IN_PG_CATALOG","supabase_admin","UNCLASSIFIED","UNDECIDED","UNKNOWN"
"public","FUNCTION","gbt_int2_union(internal,internal)","anon","EXECUTE","NO","UNKNOWN_NOT_IN_PG_CATALOG","supabase_admin","UNCLASSIFIED","UNDECIDED","UNKNOWN"
"public","FUNCTION","gbt_int2_union(internal,internal)","authenticated","EXECUTE","NO","UNKNOWN_NOT_IN_PG_CATALOG","supabase_admin","UNCLASSIFIED","UNDECIDED","UNKNOWN"
"public","FUNCTION","gbt_int2_union(internal,internal)","postgres","EXECUTE","NO","UNKNOWN_NOT_IN_PG_CATALOG","supabase_admin","UNCLASSIFIED","UNDECIDED","UNKNOWN"
"public","FUNCTION","gbt_int2_union(internal,internal)","service_role","EXECUTE","NO","UNKNOWN_NOT_IN_PG_CATALOG","supabase_admin","UNCLASSIFIED","UNDECIDED","UNKNOWN"
"public","FUNCTION","gbt_int2_union(internal,internal)","supabase_admin","EXECUTE","NO","UNKNOWN_NOT_IN_PG_CATALOG","supabase_admin","UNCLASSIFIED","UNDECIDED","UNKNOWN"
"public","FUNCTION","gbt_int4_compress(internal)","PUBLIC","EXECUTE","NO","UNKNOWN_NOT_IN_PG_CATALOG","supabase_admin","UNCLASSIFIED","UNDECIDED","UNKNOWN"
"public","FUNCTION","gbt_int4_compress(internal)","anon","EXECUTE","NO","UNKNOWN_NOT_IN_PG_CATALOG","supabase_admin","UNCLASSIFIED","UNDECIDED","UNKNOWN"
"public","FUNCTION","gbt_int4_compress(internal)","authenticated","EXECUTE","NO","UNKNOWN_NOT_IN_PG_CATALOG","supabase_admin","UNCLASSIFIED","UNDECIDED","UNKNOWN"
"public","FUNCTION","gbt_int4_compress(internal)","postgres","EXECUTE","NO","UNKNOWN_NOT_IN_PG_CATALOG","supabase_admin","UNCLASSIFIED","UNDECIDED","UNKNOWN"
"public","FUNCTION","gbt_int4_compress(internal)","service_role","EXECUTE","NO","UNKNOWN_NOT_IN_PG_CATALOG","supabase_admin","UNCLASSIFIED","UNDECIDED","UNKNOWN"
"public","FUNCTION","gbt_int4_compress(internal)","supabase_admin","EXECUTE","NO","UNKNOWN_NOT_IN_PG_CATALOG","supabase_admin","UNCLASSIFIED","UNDECIDED","UNKNOWN"
"public","FUNCTION","gbt_int4_consistent(internal,integer,smallint,oid,internal)","PUBLIC","EXECUTE","NO","UNKNOWN_NOT_IN_PG_CATALOG","supabase_admin","UNCLASSIFIED","UNDECIDED","UNKNOWN"
"public","FUNCTION","gbt_int4_consistent(internal,integer,smallint,oid,internal)","anon","EXECUTE","NO","UNKNOWN_NOT_IN_PG_CATALOG","supabase_admin","UNCLASSIFIED","UNDECIDED","UNKNOWN"
"public","FUNCTION","gbt_int4_consistent(internal,integer,smallint,oid,internal)","authenticated","EXECUTE","NO","UNKNOWN_NOT_IN_PG_CATALOG","supabase_admin","UNCLASSIFIED","UNDECIDED","UNKNOWN"
"public","FUNCTION","gbt_int4_consistent(internal,integer,smallint,oid,internal)","postgres","EXECUTE","NO","UNKNOWN_NOT_IN_PG_CATALOG","supabase_admin","UNCLASSIFIED","UNDECIDED","UNKNOWN"
"public","FUNCTION","gbt_int4_consistent(internal,integer,smallint,oid,internal)","service_role","EXECUTE","NO","UNKNOWN_NOT_IN_PG_CATALOG","supabase_admin","UNCLASSIFIED","UNDECIDED","UNKNOWN"
"public","FUNCTION","gbt_int4_consistent(internal,integer,smallint,oid,internal)","supabase_admin","EXECUTE","NO","UNKNOWN_NOT_IN_PG_CATALOG","supabase_admin","UNCLASSIFIED","UNDECIDED","UNKNOWN"
"public","FUNCTION","gbt_int4_distance(internal,integer,smallint,oid,internal)","PUBLIC","EXECUTE","NO","UNKNOWN_NOT_IN_PG_CATALOG","supabase_admin","UNCLASSIFIED","UNDECIDED","UNKNOWN"
"public","FUNCTION","gbt_int4_distance(internal,integer,smallint,oid,internal)","anon","EXECUTE","NO","UNKNOWN_NOT_IN_PG_CATALOG","supabase_admin","UNCLASSIFIED","UNDECIDED","UNKNOWN"
"public","FUNCTION","gbt_int4_distance(internal,integer,smallint,oid,internal)","authenticated","EXECUTE","NO","UNKNOWN_NOT_IN_PG_CATALOG","supabase_admin","UNCLASSIFIED","UNDECIDED","UNKNOWN"
"public","FUNCTION","gbt_int4_distance(internal,integer,smallint,oid,internal)","postgres","EXECUTE","NO","UNKNOWN_NOT_IN_PG_CATALOG","supabase_admin","UNCLASSIFIED","UNDECIDED","UNKNOWN"
"public","FUNCTION","gbt_int4_distance(internal,integer,smallint,oid,internal)","service_role","EXECUTE","NO","UNKNOWN_NOT_IN_PG_CATALOG","supabase_admin","UNCLASSIFIED","UNDECIDED","UNKNOWN"
"public","FUNCTION","gbt_int4_distance(internal,integer,smallint,oid,internal)","supabase_admin","EXECUTE","NO","UNKNOWN_NOT_IN_PG_CATALOG","supabase_admin","UNCLASSIFIED","UNDECIDED","UNKNOWN"
"public","FUNCTION","gbt_int4_fetch(internal)","PUBLIC","EXECUTE","NO","UNKNOWN_NOT_IN_PG_CATALOG","supabase_admin","UNCLASSIFIED","UNDECIDED","UNKNOWN"
"public","FUNCTION","gbt_int4_fetch(internal)","anon","EXECUTE","NO","UNKNOWN_NOT_IN_PG_CATALOG","supabase_admin","UNCLASSIFIED","UNDECIDED","UNKNOWN"
"public","FUNCTION","gbt_int4_fetch(internal)","authenticated","EXECUTE","NO","UNKNOWN_NOT_IN_PG_CATALOG","supabase_admin","UNCLASSIFIED","UNDECIDED","UNKNOWN"
"public","FUNCTION","gbt_int4_fetch(internal)","postgres","EXECUTE","NO","UNKNOWN_NOT_IN_PG_CATALOG","supabase_admin","UNCLASSIFIED","UNDECIDED","UNKNOWN"
"public","FUNCTION","gbt_int4_fetch(internal)","service_role","EXECUTE","NO","UNKNOWN_NOT_IN_PG_CATALOG","supabase_admin","UNCLASSIFIED","UNDECIDED","UNKNOWN"
"public","FUNCTION","gbt_int4_fetch(internal)","supabase_admin","EXECUTE","NO","UNKNOWN_NOT_IN_PG_CATALOG","supabase_admin","UNCLASSIFIED","UNDECIDED","UNKNOWN"
"public","FUNCTION","gbt_int4_penalty(internal,internal,internal)","PUBLIC","EXECUTE","NO","UNKNOWN_NOT_IN_PG_CATALOG","supabase_admin","UNCLASSIFIED","UNDECIDED","UNKNOWN"
"public","FUNCTION","gbt_int4_penalty(internal,internal,internal)","anon","EXECUTE","NO","UNKNOWN_NOT_IN_PG_CATALOG","supabase_admin","UNCLASSIFIED","UNDECIDED","UNKNOWN"
"public","FUNCTION","gbt_int4_penalty(internal,internal,internal)","authenticated","EXECUTE","NO","UNKNOWN_NOT_IN_PG_CATALOG","supabase_admin","UNCLASSIFIED","UNDECIDED","UNKNOWN"
"public","FUNCTION","gbt_int4_penalty(internal,internal,internal)","postgres","EXECUTE","NO","UNKNOWN_NOT_IN_PG_CATALOG","supabase_admin","UNCLASSIFIED","UNDECIDED","UNKNOWN"
"public","FUNCTION","gbt_int4_penalty(internal,internal,internal)","service_role","EXECUTE","NO","UNKNOWN_NOT_IN_PG_CATALOG","supabase_admin","UNCLASSIFIED","UNDECIDED","UNKNOWN"
"public","FUNCTION","gbt_int4_penalty(internal,internal,internal)","supabase_admin","EXECUTE","NO","UNKNOWN_NOT_IN_PG_CATALOG","supabase_admin","UNCLASSIFIED","UNDECIDED","UNKNOWN"
"public","FUNCTION","gbt_int4_picksplit(internal,internal)","PUBLIC","EXECUTE","NO","UNKNOWN_NOT_IN_PG_CATALOG","supabase_admin","UNCLASSIFIED","UNDECIDED","UNKNOWN"
"public","FUNCTION","gbt_int4_picksplit(internal,internal)","anon","EXECUTE","NO","UNKNOWN_NOT_IN_PG_CATALOG","supabase_admin","UNCLASSIFIED","UNDECIDED","UNKNOWN"
"public","FUNCTION","gbt_int4_picksplit(internal,internal)","authenticated","EXECUTE","NO","UNKNOWN_NOT_IN_PG_CATALOG","supabase_admin","UNCLASSIFIED","UNDECIDED","UNKNOWN"
"public","FUNCTION","gbt_int4_picksplit(internal,internal)","postgres","EXECUTE","NO","UNKNOWN_NOT_IN_PG_CATALOG","supabase_admin","UNCLASSIFIED","UNDECIDED","UNKNOWN"
"public","FUNCTION","gbt_int4_picksplit(internal,internal)","service_role","EXECUTE","NO","UNKNOWN_NOT_IN_PG_CATALOG","supabase_admin","UNCLASSIFIED","UNDECIDED","UNKNOWN"
"public","FUNCTION","gbt_int4_picksplit(internal,internal)","supabase_admin","EXECUTE","NO","UNKNOWN_NOT_IN_PG_CATALOG","supabase_admin","UNCLASSIFIED","UNDECIDED","UNKNOWN"
"public","FUNCTION","gbt_int4_same(gbtreekey8,gbtreekey8,internal)","PUBLIC","EXECUTE","NO","UNKNOWN_NOT_IN_PG_CATALOG","supabase_admin","UNCLASSIFIED","UNDECIDED","UNKNOWN"
"public","FUNCTION","gbt_int4_same(gbtreekey8,gbtreekey8,internal)","anon","EXECUTE","NO","UNKNOWN_NOT_IN_PG_CATALOG","supabase_admin","UNCLASSIFIED","UNDECIDED","UNKNOWN"
"public","FUNCTION","gbt_int4_same(gbtreekey8,gbtreekey8,internal)","authenticated","EXECUTE","NO","UNKNOWN_NOT_IN_PG_CATALOG","supabase_admin","UNCLASSIFIED","UNDECIDED","UNKNOWN"
"public","FUNCTION","gbt_int4_same(gbtreekey8,gbtreekey8,internal)","postgres","EXECUTE","NO","UNKNOWN_NOT_IN_PG_CATALOG","supabase_admin","UNCLASSIFIED","UNDECIDED","UNKNOWN"
"public","FUNCTION","gbt_int4_same(gbtreekey8,gbtreekey8,internal)","service_role","EXECUTE","NO","UNKNOWN_NOT_IN_PG_CATALOG","supabase_admin","UNCLASSIFIED","UNDECIDED","UNKNOWN"
"public","FUNCTION","gbt_int4_same(gbtreekey8,gbtreekey8,internal)","supabase_admin","EXECUTE","NO","UNKNOWN_NOT_IN_PG_CATALOG","supabase_admin","UNCLASSIFIED","UNDECIDED","UNKNOWN"
"public","FUNCTION","gbt_int4_union(internal,internal)","PUBLIC","EXECUTE","NO","UNKNOWN_NOT_IN_PG_CATALOG","supabase_admin","UNCLASSIFIED","UNDECIDED","UNKNOWN"
"public","FUNCTION","gbt_int4_union(internal,internal)","anon","EXECUTE","NO","UNKNOWN_NOT_IN_PG_CATALOG","supabase_admin","UNCLASSIFIED","UNDECIDED","UNKNOWN"
"public","FUNCTION","gbt_int4_union(internal,internal)","authenticated","EXECUTE","NO","UNKNOWN_NOT_IN_PG_CATALOG","supabase_admin","UNCLASSIFIED","UNDECIDED","UNKNOWN"
"public","FUNCTION","gbt_int4_union(internal,internal)","postgres","EXECUTE","NO","UNKNOWN_NOT_IN_PG_CATALOG","supabase_admin","UNCLASSIFIED","UNDECIDED","UNKNOWN"
"public","FUNCTION","gbt_int4_union(internal,internal)","service_role","EXECUTE","NO","UNKNOWN_NOT_IN_PG_CATALOG","supabase_admin","UNCLASSIFIED","UNDECIDED","UNKNOWN"
"public","FUNCTION","gbt_int4_union(internal,internal)","supabase_admin","EXECUTE","NO","UNKNOWN_NOT_IN_PG_CATALOG","supabase_admin","UNCLASSIFIED","UNDECIDED","UNKNOWN"
"public","FUNCTION","gbt_int8_compress(internal)","PUBLIC","EXECUTE","NO","UNKNOWN_NOT_IN_PG_CATALOG","supabase_admin","UNCLASSIFIED","UNDECIDED","UNKNOWN"
"public","FUNCTION","gbt_int8_compress(internal)","anon","EXECUTE","NO","UNKNOWN_NOT_IN_PG_CATALOG","supabase_admin","UNCLASSIFIED","UNDECIDED","UNKNOWN"
"public","FUNCTION","gbt_int8_compress(internal)","authenticated","EXECUTE","NO","UNKNOWN_NOT_IN_PG_CATALOG","supabase_admin","UNCLASSIFIED","UNDECIDED","UNKNOWN"
"public","FUNCTION","gbt_int8_compress(internal)","postgres","EXECUTE","NO","UNKNOWN_NOT_IN_PG_CATALOG","supabase_admin","UNCLASSIFIED","UNDECIDED","UNKNOWN"
"public","FUNCTION","gbt_int8_compress(internal)","service_role","EXECUTE","NO","UNKNOWN_NOT_IN_PG_CATALOG","supabase_admin","UNCLASSIFIED","UNDECIDED","UNKNOWN"
"public","FUNCTION","gbt_int8_compress(internal)","supabase_admin","EXECUTE","NO","UNKNOWN_NOT_IN_PG_CATALOG","supabase_admin","UNCLASSIFIED","UNDECIDED","UNKNOWN"
"public","FUNCTION","gbt_int8_consistent(internal,bigint,smallint,oid,internal)","PUBLIC","EXECUTE","NO","UNKNOWN_NOT_IN_PG_CATALOG","supabase_admin","UNCLASSIFIED","UNDECIDED","UNKNOWN"
"public","FUNCTION","gbt_int8_consistent(internal,bigint,smallint,oid,internal)","anon","EXECUTE","NO","UNKNOWN_NOT_IN_PG_CATALOG","supabase_admin","UNCLASSIFIED","UNDECIDED","UNKNOWN"
"public","FUNCTION","gbt_int8_consistent(internal,bigint,smallint,oid,internal)","authenticated","EXECUTE","NO","UNKNOWN_NOT_IN_PG_CATALOG","supabase_admin","UNCLASSIFIED","UNDECIDED","UNKNOWN"
"public","FUNCTION","gbt_int8_consistent(internal,bigint,smallint,oid,internal)","postgres","EXECUTE","NO","UNKNOWN_NOT_IN_PG_CATALOG","supabase_admin","UNCLASSIFIED","UNDECIDED","UNKNOWN"
"public","FUNCTION","gbt_int8_consistent(internal,bigint,smallint,oid,internal)","service_role","EXECUTE","NO","UNKNOWN_NOT_IN_PG_CATALOG","supabase_admin","UNCLASSIFIED","UNDECIDED","UNKNOWN"
"public","FUNCTION","gbt_int8_consistent(internal,bigint,smallint,oid,internal)","supabase_admin","EXECUTE","NO","UNKNOWN_NOT_IN_PG_CATALOG","supabase_admin","UNCLASSIFIED","UNDECIDED","UNKNOWN"
"public","FUNCTION","gbt_int8_distance(internal,bigint,smallint,oid,internal)","PUBLIC","EXECUTE","NO","UNKNOWN_NOT_IN_PG_CATALOG","supabase_admin","UNCLASSIFIED","UNDECIDED","UNKNOWN"
"public","FUNCTION","gbt_int8_distance(internal,bigint,smallint,oid,internal)","anon","EXECUTE","NO","UNKNOWN_NOT_IN_PG_CATALOG","supabase_admin","UNCLASSIFIED","UNDECIDED","UNKNOWN"
"public","FUNCTION","gbt_int8_distance(internal,bigint,smallint,oid,internal)","authenticated","EXECUTE","NO","UNKNOWN_NOT_IN_PG_CATALOG","supabase_admin","UNCLASSIFIED","UNDECIDED","UNKNOWN"
"public","FUNCTION","gbt_int8_distance(internal,bigint,smallint,oid,internal)","postgres","EXECUTE","NO","UNKNOWN_NOT_IN_PG_CATALOG","supabase_admin","UNCLASSIFIED","UNDECIDED","UNKNOWN"
"public","FUNCTION","gbt_int8_distance(internal,bigint,smallint,oid,internal)","service_role","EXECUTE","NO","UNKNOWN_NOT_IN_PG_CATALOG","supabase_admin","UNCLASSIFIED","UNDECIDED","UNKNOWN"
"public","FUNCTION","gbt_int8_distance(internal,bigint,smallint,oid,internal)","supabase_admin","EXECUTE","NO","UNKNOWN_NOT_IN_PG_CATALOG","supabase_admin","UNCLASSIFIED","UNDECIDED","UNKNOWN"
"public","FUNCTION","gbt_int8_fetch(internal)","PUBLIC","EXECUTE","NO","UNKNOWN_NOT_IN_PG_CATALOG","supabase_admin","UNCLASSIFIED","UNDECIDED","UNKNOWN"
"public","FUNCTION","gbt_int8_fetch(internal)","anon","EXECUTE","NO","UNKNOWN_NOT_IN_PG_CATALOG","supabase_admin","UNCLASSIFIED","UNDECIDED","UNKNOWN"
"public","FUNCTION","gbt_int8_fetch(internal)","authenticated","EXECUTE","NO","UNKNOWN_NOT_IN_PG_CATALOG","supabase_admin","UNCLASSIFIED","UNDECIDED","UNKNOWN"
"public","FUNCTION","gbt_int8_fetch(internal)","postgres","EXECUTE","NO","UNKNOWN_NOT_IN_PG_CATALOG","supabase_admin","UNCLASSIFIED","UNDECIDED","UNKNOWN"
"public","FUNCTION","gbt_int8_fetch(internal)","service_role","EXECUTE","NO","UNKNOWN_NOT_IN_PG_CATALOG","supabase_admin","UNCLASSIFIED","UNDECIDED","UNKNOWN"
"public","FUNCTION","gbt_int8_fetch(internal)","supabase_admin","EXECUTE","NO","UNKNOWN_NOT_IN_PG_CATALOG","supabase_admin","UNCLASSIFIED","UNDECIDED","UNKNOWN"
"public","FUNCTION","gbt_int8_penalty(internal,internal,internal)","PUBLIC","EXECUTE","NO","UNKNOWN_NOT_IN_PG_CATALOG","supabase_admin","UNCLASSIFIED","UNDECIDED","UNKNOWN"
"public","FUNCTION","gbt_int8_penalty(internal,internal,internal)","anon","EXECUTE","NO","UNKNOWN_NOT_IN_PG_CATALOG","supabase_admin","UNCLASSIFIED","UNDECIDED","UNKNOWN"
"public","FUNCTION","gbt_int8_penalty(internal,internal,internal)","authenticated","EXECUTE","NO","UNKNOWN_NOT_IN_PG_CATALOG","supabase_admin","UNCLASSIFIED","UNDECIDED","UNKNOWN"
"public","FUNCTION","gbt_int8_penalty(internal,internal,internal)","postgres","EXECUTE","NO","UNKNOWN_NOT_IN_PG_CATALOG","supabase_admin","UNCLASSIFIED","UNDECIDED","UNKNOWN"
"public","FUNCTION","gbt_int8_penalty(internal,internal,internal)","service_role","EXECUTE","NO","UNKNOWN_NOT_IN_PG_CATALOG","supabase_admin","UNCLASSIFIED","UNDECIDED","UNKNOWN"
"public","FUNCTION","gbt_int8_penalty(internal,internal,internal)","supabase_admin","EXECUTE","NO","UNKNOWN_NOT_IN_PG_CATALOG","supabase_admin","UNCLASSIFIED","UNDECIDED","UNKNOWN"
"public","FUNCTION","gbt_int8_picksplit(internal,internal)","PUBLIC","EXECUTE","NO","UNKNOWN_NOT_IN_PG_CATALOG","supabase_admin","UNCLASSIFIED","UNDECIDED","UNKNOWN"
"public","FUNCTION","gbt_int8_picksplit(internal,internal)","anon","EXECUTE","NO","UNKNOWN_NOT_IN_PG_CATALOG","supabase_admin","UNCLASSIFIED","UNDECIDED","UNKNOWN"
"public","FUNCTION","gbt_int8_picksplit(internal,internal)","authenticated","EXECUTE","NO","UNKNOWN_NOT_IN_PG_CATALOG","supabase_admin","UNCLASSIFIED","UNDECIDED","UNKNOWN"
"public","FUNCTION","gbt_int8_picksplit(internal,internal)","postgres","EXECUTE","NO","UNKNOWN_NOT_IN_PG_CATALOG","supabase_admin","UNCLASSIFIED","UNDECIDED","UNKNOWN"
"public","FUNCTION","gbt_int8_picksplit(internal,internal)","service_role","EXECUTE","NO","UNKNOWN_NOT_IN_PG_CATALOG","supabase_admin","UNCLASSIFIED","UNDECIDED","UNKNOWN"
"public","FUNCTION","gbt_int8_picksplit(internal,internal)","supabase_admin","EXECUTE","NO","UNKNOWN_NOT_IN_PG_CATALOG","supabase_admin","UNCLASSIFIED","UNDECIDED","UNKNOWN"
"public","FUNCTION","gbt_int8_same(gbtreekey16,gbtreekey16,internal)","PUBLIC","EXECUTE","NO","UNKNOWN_NOT_IN_PG_CATALOG","supabase_admin","UNCLASSIFIED","UNDECIDED","UNKNOWN"
"public","FUNCTION","gbt_int8_same(gbtreekey16,gbtreekey16,internal)","anon","EXECUTE","NO","UNKNOWN_NOT_IN_PG_CATALOG","supabase_admin","UNCLASSIFIED","UNDECIDED","UNKNOWN"
"public","FUNCTION","gbt_int8_same(gbtreekey16,gbtreekey16,internal)","authenticated","EXECUTE","NO","UNKNOWN_NOT_IN_PG_CATALOG","supabase_admin","UNCLASSIFIED","UNDECIDED","UNKNOWN"
"public","FUNCTION","gbt_int8_same(gbtreekey16,gbtreekey16,internal)","postgres","EXECUTE","NO","UNKNOWN_NOT_IN_PG_CATALOG","supabase_admin","UNCLASSIFIED","UNDECIDED","UNKNOWN"
"public","FUNCTION","gbt_int8_same(gbtreekey16,gbtreekey16,internal)","service_role","EXECUTE","NO","UNKNOWN_NOT_IN_PG_CATALOG","supabase_admin","UNCLASSIFIED","UNDECIDED","UNKNOWN"
"public","FUNCTION","gbt_int8_same(gbtreekey16,gbtreekey16,internal)","supabase_admin","EXECUTE","NO","UNKNOWN_NOT_IN_PG_CATALOG","supabase_admin","UNCLASSIFIED","UNDECIDED","UNKNOWN"
"public","FUNCTION","gbt_int8_union(internal,internal)","PUBLIC","EXECUTE","NO","UNKNOWN_NOT_IN_PG_CATALOG","supabase_admin","UNCLASSIFIED","UNDECIDED","UNKNOWN"
"public","FUNCTION","gbt_int8_union(internal,internal)","anon","EXECUTE","NO","UNKNOWN_NOT_IN_PG_CATALOG","supabase_admin","UNCLASSIFIED","UNDECIDED","UNKNOWN"
"public","FUNCTION","gbt_int8_union(internal,internal)","authenticated","EXECUTE","NO","UNKNOWN_NOT_IN_PG_CATALOG","supabase_admin","UNCLASSIFIED","UNDECIDED","UNKNOWN"
"public","FUNCTION","gbt_int8_union(internal,internal)","postgres","EXECUTE","NO","UNKNOWN_NOT_IN_PG_CATALOG","supabase_admin","UNCLASSIFIED","UNDECIDED","UNKNOWN"
"public","FUNCTION","gbt_int8_union(internal,internal)","service_role","EXECUTE","NO","UNKNOWN_NOT_IN_PG_CATALOG","supabase_admin","UNCLASSIFIED","UNDECIDED","UNKNOWN"
"public","FUNCTION","gbt_int8_union(internal,internal)","supabase_admin","EXECUTE","NO","UNKNOWN_NOT_IN_PG_CATALOG","supabase_admin","UNCLASSIFIED","UNDECIDED","UNKNOWN"
"public","FUNCTION","gbt_intv_compress(internal)","PUBLIC","EXECUTE","NO","UNKNOWN_NOT_IN_PG_CATALOG","supabase_admin","UNCLASSIFIED","UNDECIDED","UNKNOWN"
"public","FUNCTION","gbt_intv_compress(internal)","anon","EXECUTE","NO","UNKNOWN_NOT_IN_PG_CATALOG","supabase_admin","UNCLASSIFIED","UNDECIDED","UNKNOWN"
"public","FUNCTION","gbt_intv_compress(internal)","authenticated","EXECUTE","NO","UNKNOWN_NOT_IN_PG_CATALOG","supabase_admin","UNCLASSIFIED","UNDECIDED","UNKNOWN"
"public","FUNCTION","gbt_intv_compress(internal)","postgres","EXECUTE","NO","UNKNOWN_NOT_IN_PG_CATALOG","supabase_admin","UNCLASSIFIED","UNDECIDED","UNKNOWN"
"public","FUNCTION","gbt_intv_compress(internal)","service_role","EXECUTE","NO","UNKNOWN_NOT_IN_PG_CATALOG","supabase_admin","UNCLASSIFIED","UNDECIDED","UNKNOWN"
"public","FUNCTION","gbt_intv_compress(internal)","supabase_admin","EXECUTE","NO","UNKNOWN_NOT_IN_PG_CATALOG","supabase_admin","UNCLASSIFIED","UNDECIDED","UNKNOWN"
"public","FUNCTION","gbt_intv_consistent(internal,interval,smallint,oid,internal)","PUBLIC","EXECUTE","NO","UNKNOWN_NOT_IN_PG_CATALOG","supabase_admin","UNCLASSIFIED","UNDECIDED","UNKNOWN"
"public","FUNCTION","gbt_intv_consistent(internal,interval,smallint,oid,internal)","anon","EXECUTE","NO","UNKNOWN_NOT_IN_PG_CATALOG","supabase_admin","UNCLASSIFIED","UNDECIDED","UNKNOWN"
"public","FUNCTION","gbt_intv_consistent(internal,interval,smallint,oid,internal)","authenticated","EXECUTE","NO","UNKNOWN_NOT_IN_PG_CATALOG","supabase_admin","UNCLASSIFIED","UNDECIDED","UNKNOWN"
"public","FUNCTION","gbt_intv_consistent(internal,interval,smallint,oid,internal)","postgres","EXECUTE","NO","UNKNOWN_NOT_IN_PG_CATALOG","supabase_admin","UNCLASSIFIED","UNDECIDED","UNKNOWN"
"public","FUNCTION","gbt_intv_consistent(internal,interval,smallint,oid,internal)","service_role","EXECUTE","NO","UNKNOWN_NOT_IN_PG_CATALOG","supabase_admin","UNCLASSIFIED","UNDECIDED","UNKNOWN"
"public","FUNCTION","gbt_intv_consistent(internal,interval,smallint,oid,internal)","supabase_admin","EXECUTE","NO","UNKNOWN_NOT_IN_PG_CATALOG","supabase_admin","UNCLASSIFIED","UNDECIDED","UNKNOWN"
"public","FUNCTION","gbt_intv_decompress(internal)","PUBLIC","EXECUTE","NO","UNKNOWN_NOT_IN_PG_CATALOG","supabase_admin","UNCLASSIFIED","UNDECIDED","UNKNOWN"
"public","FUNCTION","gbt_intv_decompress(internal)","anon","EXECUTE","NO","UNKNOWN_NOT_IN_PG_CATALOG","supabase_admin","UNCLASSIFIED","UNDECIDED","UNKNOWN"
"public","FUNCTION","gbt_intv_decompress(internal)","authenticated","EXECUTE","NO","UNKNOWN_NOT_IN_PG_CATALOG","supabase_admin","UNCLASSIFIED","UNDECIDED","UNKNOWN"
"public","FUNCTION","gbt_intv_decompress(internal)","postgres","EXECUTE","NO","UNKNOWN_NOT_IN_PG_CATALOG","supabase_admin","UNCLASSIFIED","UNDECIDED","UNKNOWN"
"public","FUNCTION","gbt_intv_decompress(internal)","service_role","EXECUTE","NO","UNKNOWN_NOT_IN_PG_CATALOG","supabase_admin","UNCLASSIFIED","UNDECIDED","UNKNOWN"
"public","FUNCTION","gbt_intv_decompress(internal)","supabase_admin","EXECUTE","NO","UNKNOWN_NOT_IN_PG_CATALOG","supabase_admin","UNCLASSIFIED","UNDECIDED","UNKNOWN"
"public","FUNCTION","gbt_intv_distance(internal,interval,smallint,oid,internal)","PUBLIC","EXECUTE","NO","UNKNOWN_NOT_IN_PG_CATALOG","supabase_admin","UNCLASSIFIED","UNDECIDED","UNKNOWN"
"public","FUNCTION","gbt_intv_distance(internal,interval,smallint,oid,internal)","anon","EXECUTE","NO","UNKNOWN_NOT_IN_PG_CATALOG","supabase_admin","UNCLASSIFIED","UNDECIDED","UNKNOWN"
"public","FUNCTION","gbt_intv_distance(internal,interval,smallint,oid,internal)","authenticated","EXECUTE","NO","UNKNOWN_NOT_IN_PG_CATALOG","supabase_admin","UNCLASSIFIED","UNDECIDED","UNKNOWN"
"public","FUNCTION","gbt_intv_distance(internal,interval,smallint,oid,internal)","postgres","EXECUTE","NO","UNKNOWN_NOT_IN_PG_CATALOG","supabase_admin","UNCLASSIFIED","UNDECIDED","UNKNOWN"
"public","FUNCTION","gbt_intv_distance(internal,interval,smallint,oid,internal)","service_role","EXECUTE","NO","UNKNOWN_NOT_IN_PG_CATALOG","supabase_admin","UNCLASSIFIED","UNDECIDED","UNKNOWN"
"public","FUNCTION","gbt_intv_distance(internal,interval,smallint,oid,internal)","supabase_admin","EXECUTE","NO","UNKNOWN_NOT_IN_PG_CATALOG","supabase_admin","UNCLASSIFIED","UNDECIDED","UNKNOWN"
"public","FUNCTION","gbt_intv_fetch(internal)","PUBLIC","EXECUTE","NO","UNKNOWN_NOT_IN_PG_CATALOG","supabase_admin","UNCLASSIFIED","UNDECIDED","UNKNOWN"
"public","FUNCTION","gbt_intv_fetch(internal)","anon","EXECUTE","NO","UNKNOWN_NOT_IN_PG_CATALOG","supabase_admin","UNCLASSIFIED","UNDECIDED","UNKNOWN"
"public","FUNCTION","gbt_intv_fetch(internal)","authenticated","EXECUTE","NO","UNKNOWN_NOT_IN_PG_CATALOG","supabase_admin","UNCLASSIFIED","UNDECIDED","UNKNOWN"
"public","FUNCTION","gbt_intv_fetch(internal)","postgres","EXECUTE","NO","UNKNOWN_NOT_IN_PG_CATALOG","supabase_admin","UNCLASSIFIED","UNDECIDED","UNKNOWN"
"public","FUNCTION","gbt_intv_fetch(internal)","service_role","EXECUTE","NO","UNKNOWN_NOT_IN_PG_CATALOG","supabase_admin","UNCLASSIFIED","UNDECIDED","UNKNOWN"
"public","FUNCTION","gbt_intv_fetch(internal)","supabase_admin","EXECUTE","NO","UNKNOWN_NOT_IN_PG_CATALOG","supabase_admin","UNCLASSIFIED","UNDECIDED","UNKNOWN"
"public","FUNCTION","gbt_intv_penalty(internal,internal,internal)","PUBLIC","EXECUTE","NO","UNKNOWN_NOT_IN_PG_CATALOG","supabase_admin","UNCLASSIFIED","UNDECIDED","UNKNOWN"
"public","FUNCTION","gbt_intv_penalty(internal,internal,internal)","anon","EXECUTE","NO","UNKNOWN_NOT_IN_PG_CATALOG","supabase_admin","UNCLASSIFIED","UNDECIDED","UNKNOWN"
"public","FUNCTION","gbt_intv_penalty(internal,internal,internal)","authenticated","EXECUTE","NO","UNKNOWN_NOT_IN_PG_CATALOG","supabase_admin","UNCLASSIFIED","UNDECIDED","UNKNOWN"
"public","FUNCTION","gbt_intv_penalty(internal,internal,internal)","postgres","EXECUTE","NO","UNKNOWN_NOT_IN_PG_CATALOG","supabase_admin","UNCLASSIFIED","UNDECIDED","UNKNOWN"
"public","FUNCTION","gbt_intv_penalty(internal,internal,internal)","service_role","EXECUTE","NO","UNKNOWN_NOT_IN_PG_CATALOG","supabase_admin","UNCLASSIFIED","UNDECIDED","UNKNOWN"
"public","FUNCTION","gbt_intv_penalty(internal,internal,internal)","supabase_admin","EXECUTE","NO","UNKNOWN_NOT_IN_PG_CATALOG","supabase_admin","UNCLASSIFIED","UNDECIDED","UNKNOWN"
"public","FUNCTION","gbt_intv_picksplit(internal,internal)","PUBLIC","EXECUTE","NO","UNKNOWN_NOT_IN_PG_CATALOG","supabase_admin","UNCLASSIFIED","UNDECIDED","UNKNOWN"
"public","FUNCTION","gbt_intv_picksplit(internal,internal)","anon","EXECUTE","NO","UNKNOWN_NOT_IN_PG_CATALOG","supabase_admin","UNCLASSIFIED","UNDECIDED","UNKNOWN"
"public","FUNCTION","gbt_intv_picksplit(internal,internal)","authenticated","EXECUTE","NO","UNKNOWN_NOT_IN_PG_CATALOG","supabase_admin","UNCLASSIFIED","UNDECIDED","UNKNOWN"
"public","FUNCTION","gbt_intv_picksplit(internal,internal)","postgres","EXECUTE","NO","UNKNOWN_NOT_IN_PG_CATALOG","supabase_admin","UNCLASSIFIED","UNDECIDED","UNKNOWN"
"public","FUNCTION","gbt_intv_picksplit(internal,internal)","service_role","EXECUTE","NO","UNKNOWN_NOT_IN_PG_CATALOG","supabase_admin","UNCLASSIFIED","UNDECIDED","UNKNOWN"
"public","FUNCTION","gbt_intv_picksplit(internal,internal)","supabase_admin","EXECUTE","NO","UNKNOWN_NOT_IN_PG_CATALOG","supabase_admin","UNCLASSIFIED","UNDECIDED","UNKNOWN"
"public","FUNCTION","gbt_intv_same(gbtreekey32,gbtreekey32,internal)","PUBLIC","EXECUTE","NO","UNKNOWN_NOT_IN_PG_CATALOG","supabase_admin","UNCLASSIFIED","UNDECIDED","UNKNOWN"
"public","FUNCTION","gbt_intv_same(gbtreekey32,gbtreekey32,internal)","anon","EXECUTE","NO","UNKNOWN_NOT_IN_PG_CATALOG","supabase_admin","UNCLASSIFIED","UNDECIDED","UNKNOWN"
"public","FUNCTION","gbt_intv_same(gbtreekey32,gbtreekey32,internal)","authenticated","EXECUTE","NO","UNKNOWN_NOT_IN_PG_CATALOG","supabase_admin","UNCLASSIFIED","UNDECIDED","UNKNOWN"
"public","FUNCTION","gbt_intv_same(gbtreekey32,gbtreekey32,internal)","postgres","EXECUTE","NO","UNKNOWN_NOT_IN_PG_CATALOG","supabase_admin","UNCLASSIFIED","UNDECIDED","UNKNOWN"
"public","FUNCTION","gbt_intv_same(gbtreekey32,gbtreekey32,internal)","service_role","EXECUTE","NO","UNKNOWN_NOT_IN_PG_CATALOG","supabase_admin","UNCLASSIFIED","UNDECIDED","UNKNOWN"
"public","FUNCTION","gbt_intv_same(gbtreekey32,gbtreekey32,internal)","supabase_admin","EXECUTE","NO","UNKNOWN_NOT_IN_PG_CATALOG","supabase_admin","UNCLASSIFIED","UNDECIDED","UNKNOWN"
"public","FUNCTION","gbt_intv_union(internal,internal)","PUBLIC","EXECUTE","NO","UNKNOWN_NOT_IN_PG_CATALOG","supabase_admin","UNCLASSIFIED","UNDECIDED","UNKNOWN"
"public","FUNCTION","gbt_intv_union(internal,internal)","anon","EXECUTE","NO","UNKNOWN_NOT_IN_PG_CATALOG","supabase_admin","UNCLASSIFIED","UNDECIDED","UNKNOWN"
"public","FUNCTION","gbt_intv_union(internal,internal)","authenticated","EXECUTE","NO","UNKNOWN_NOT_IN_PG_CATALOG","supabase_admin","UNCLASSIFIED","UNDECIDED","UNKNOWN"
"public","FUNCTION","gbt_intv_union(internal,internal)","postgres","EXECUTE","NO","UNKNOWN_NOT_IN_PG_CATALOG","supabase_admin","UNCLASSIFIED","UNDECIDED","UNKNOWN"
"public","FUNCTION","gbt_intv_union(internal,internal)","service_role","EXECUTE","NO","UNKNOWN_NOT_IN_PG_CATALOG","supabase_admin","UNCLASSIFIED","UNDECIDED","UNKNOWN"
"public","FUNCTION","gbt_intv_union(internal,internal)","supabase_admin","EXECUTE","NO","UNKNOWN_NOT_IN_PG_CATALOG","supabase_admin","UNCLASSIFIED","UNDECIDED","UNKNOWN"
"public","FUNCTION","gbt_macad8_compress(internal)","PUBLIC","EXECUTE","NO","UNKNOWN_NOT_IN_PG_CATALOG","supabase_admin","UNCLASSIFIED","UNDECIDED","UNKNOWN"
"public","FUNCTION","gbt_macad8_compress(internal)","anon","EXECUTE","NO","UNKNOWN_NOT_IN_PG_CATALOG","supabase_admin","UNCLASSIFIED","UNDECIDED","UNKNOWN"
"public","FUNCTION","gbt_macad8_compress(internal)","authenticated","EXECUTE","NO","UNKNOWN_NOT_IN_PG_CATALOG","supabase_admin","UNCLASSIFIED","UNDECIDED","UNKNOWN"
"public","FUNCTION","gbt_macad8_compress(internal)","postgres","EXECUTE","NO","UNKNOWN_NOT_IN_PG_CATALOG","supabase_admin","UNCLASSIFIED","UNDECIDED","UNKNOWN"
"public","FUNCTION","gbt_macad8_compress(internal)","service_role","EXECUTE","NO","UNKNOWN_NOT_IN_PG_CATALOG","supabase_admin","UNCLASSIFIED","UNDECIDED","UNKNOWN"
"public","FUNCTION","gbt_macad8_compress(internal)","supabase_admin","EXECUTE","NO","UNKNOWN_NOT_IN_PG_CATALOG","supabase_admin","UNCLASSIFIED","UNDECIDED","UNKNOWN"
"public","FUNCTION","gbt_macad8_consistent(internal,macaddr8,smallint,oid,internal)","PUBLIC","EXECUTE","NO","UNKNOWN_NOT_IN_PG_CATALOG","supabase_admin","UNCLASSIFIED","UNDECIDED","UNKNOWN"
"public","FUNCTION","gbt_macad8_consistent(internal,macaddr8,smallint,oid,internal)","anon","EXECUTE","NO","UNKNOWN_NOT_IN_PG_CATALOG","supabase_admin","UNCLASSIFIED","UNDECIDED","UNKNOWN"
"public","FUNCTION","gbt_macad8_consistent(internal,macaddr8,smallint,oid,internal)","authenticated","EXECUTE","NO","UNKNOWN_NOT_IN_PG_CATALOG","supabase_admin","UNCLASSIFIED","UNDECIDED","UNKNOWN"
"public","FUNCTION","gbt_macad8_consistent(internal,macaddr8,smallint,oid,internal)","postgres","EXECUTE","NO","UNKNOWN_NOT_IN_PG_CATALOG","supabase_admin","UNCLASSIFIED","UNDECIDED","UNKNOWN"
"public","FUNCTION","gbt_macad8_consistent(internal,macaddr8,smallint,oid,internal)","service_role","EXECUTE","NO","UNKNOWN_NOT_IN_PG_CATALOG","supabase_admin","UNCLASSIFIED","UNDECIDED","UNKNOWN"
"public","FUNCTION","gbt_macad8_consistent(internal,macaddr8,smallint,oid,internal)","supabase_admin","EXECUTE","NO","UNKNOWN_NOT_IN_PG_CATALOG","supabase_admin","UNCLASSIFIED","UNDECIDED","UNKNOWN"
"public","FUNCTION","gbt_macad8_fetch(internal)","PUBLIC","EXECUTE","NO","UNKNOWN_NOT_IN_PG_CATALOG","supabase_admin","UNCLASSIFIED","UNDECIDED","UNKNOWN"
"public","FUNCTION","gbt_macad8_fetch(internal)","anon","EXECUTE","NO","UNKNOWN_NOT_IN_PG_CATALOG","supabase_admin","UNCLASSIFIED","UNDECIDED","UNKNOWN"
"public","FUNCTION","gbt_macad8_fetch(internal)","authenticated","EXECUTE","NO","UNKNOWN_NOT_IN_PG_CATALOG","supabase_admin","UNCLASSIFIED","UNDECIDED","UNKNOWN"
"public","FUNCTION","gbt_macad8_fetch(internal)","postgres","EXECUTE","NO","UNKNOWN_NOT_IN_PG_CATALOG","supabase_admin","UNCLASSIFIED","UNDECIDED","UNKNOWN"
"public","FUNCTION","gbt_macad8_fetch(internal)","service_role","EXECUTE","NO","UNKNOWN_NOT_IN_PG_CATALOG","supabase_admin","UNCLASSIFIED","UNDECIDED","UNKNOWN"
"public","FUNCTION","gbt_macad8_fetch(internal)","supabase_admin","EXECUTE","NO","UNKNOWN_NOT_IN_PG_CATALOG","supabase_admin","UNCLASSIFIED","UNDECIDED","UNKNOWN"
"public","FUNCTION","gbt_macad8_penalty(internal,internal,internal)","PUBLIC","EXECUTE","NO","UNKNOWN_NOT_IN_PG_CATALOG","supabase_admin","UNCLASSIFIED","UNDECIDED","UNKNOWN"
"public","FUNCTION","gbt_macad8_penalty(internal,internal,internal)","anon","EXECUTE","NO","UNKNOWN_NOT_IN_PG_CATALOG","supabase_admin","UNCLASSIFIED","UNDECIDED","UNKNOWN"
"public","FUNCTION","gbt_macad8_penalty(internal,internal,internal)","authenticated","EXECUTE","NO","UNKNOWN_NOT_IN_PG_CATALOG","supabase_admin","UNCLASSIFIED","UNDECIDED","UNKNOWN"
"public","FUNCTION","gbt_macad8_penalty(internal,internal,internal)","postgres","EXECUTE","NO","UNKNOWN_NOT_IN_PG_CATALOG","supabase_admin","UNCLASSIFIED","UNDECIDED","UNKNOWN"
"public","FUNCTION","gbt_macad8_penalty(internal,internal,internal)","service_role","EXECUTE","NO","UNKNOWN_NOT_IN_PG_CATALOG","supabase_admin","UNCLASSIFIED","UNDECIDED","UNKNOWN"
"public","FUNCTION","gbt_macad8_penalty(internal,internal,internal)","supabase_admin","EXECUTE","NO","UNKNOWN_NOT_IN_PG_CATALOG","supabase_admin","UNCLASSIFIED","UNDECIDED","UNKNOWN"
"public","FUNCTION","gbt_macad8_picksplit(internal,internal)","PUBLIC","EXECUTE","NO","UNKNOWN_NOT_IN_PG_CATALOG","supabase_admin","UNCLASSIFIED","UNDECIDED","UNKNOWN"
"public","FUNCTION","gbt_macad8_picksplit(internal,internal)","anon","EXECUTE","NO","UNKNOWN_NOT_IN_PG_CATALOG","supabase_admin","UNCLASSIFIED","UNDECIDED","UNKNOWN"
"public","FUNCTION","gbt_macad8_picksplit(internal,internal)","authenticated","EXECUTE","NO","UNKNOWN_NOT_IN_PG_CATALOG","supabase_admin","UNCLASSIFIED","UNDECIDED","UNKNOWN"
"public","FUNCTION","gbt_macad8_picksplit(internal,internal)","postgres","EXECUTE","NO","UNKNOWN_NOT_IN_PG_CATALOG","supabase_admin","UNCLASSIFIED","UNDECIDED","UNKNOWN"
"public","FUNCTION","gbt_macad8_picksplit(internal,internal)","service_role","EXECUTE","NO","UNKNOWN_NOT_IN_PG_CATALOG","supabase_admin","UNCLASSIFIED","UNDECIDED","UNKNOWN"
"public","FUNCTION","gbt_macad8_picksplit(internal,internal)","supabase_admin","EXECUTE","NO","UNKNOWN_NOT_IN_PG_CATALOG","supabase_admin","UNCLASSIFIED","UNDECIDED","UNKNOWN"
"public","FUNCTION","gbt_macad8_same(gbtreekey16,gbtreekey16,internal)","PUBLIC","EXECUTE","NO","UNKNOWN_NOT_IN_PG_CATALOG","supabase_admin","UNCLASSIFIED","UNDECIDED","UNKNOWN"
"public","FUNCTION","gbt_macad8_same(gbtreekey16,gbtreekey16,internal)","anon","EXECUTE","NO","UNKNOWN_NOT_IN_PG_CATALOG","supabase_admin","UNCLASSIFIED","UNDECIDED","UNKNOWN"
"public","FUNCTION","gbt_macad8_same(gbtreekey16,gbtreekey16,internal)","authenticated","EXECUTE","NO","UNKNOWN_NOT_IN_PG_CATALOG","supabase_admin","UNCLASSIFIED","UNDECIDED","UNKNOWN"
"public","FUNCTION","gbt_macad8_same(gbtreekey16,gbtreekey16,internal)","postgres","EXECUTE","NO","UNKNOWN_NOT_IN_PG_CATALOG","supabase_admin","UNCLASSIFIED","UNDECIDED","UNKNOWN"
"public","FUNCTION","gbt_macad8_same(gbtreekey16,gbtreekey16,internal)","service_role","EXECUTE","NO","UNKNOWN_NOT_IN_PG_CATALOG","supabase_admin","UNCLASSIFIED","UNDECIDED","UNKNOWN"
"public","FUNCTION","gbt_macad8_same(gbtreekey16,gbtreekey16,internal)","supabase_admin","EXECUTE","NO","UNKNOWN_NOT_IN_PG_CATALOG","supabase_admin","UNCLASSIFIED","UNDECIDED","UNKNOWN"
"public","FUNCTION","gbt_macad8_union(internal,internal)","PUBLIC","EXECUTE","NO","UNKNOWN_NOT_IN_PG_CATALOG","supabase_admin","UNCLASSIFIED","UNDECIDED","UNKNOWN"
"public","FUNCTION","gbt_macad8_union(internal,internal)","anon","EXECUTE","NO","UNKNOWN_NOT_IN_PG_CATALOG","supabase_admin","UNCLASSIFIED","UNDECIDED","UNKNOWN"
"public","FUNCTION","gbt_macad8_union(internal,internal)","authenticated","EXECUTE","NO","UNKNOWN_NOT_IN_PG_CATALOG","supabase_admin","UNCLASSIFIED","UNDECIDED","UNKNOWN"
"public","FUNCTION","gbt_macad8_union(internal,internal)","postgres","EXECUTE","NO","UNKNOWN_NOT_IN_PG_CATALOG","supabase_admin","UNCLASSIFIED","UNDECIDED","UNKNOWN"
"public","FUNCTION","gbt_macad8_union(internal,internal)","service_role","EXECUTE","NO","UNKNOWN_NOT_IN_PG_CATALOG","supabase_admin","UNCLASSIFIED","UNDECIDED","UNKNOWN"
"public","FUNCTION","gbt_macad8_union(internal,internal)","supabase_admin","EXECUTE","NO","UNKNOWN_NOT_IN_PG_CATALOG","supabase_admin","UNCLASSIFIED","UNDECIDED","UNKNOWN"
"public","FUNCTION","gbt_macad_compress(internal)","PUBLIC","EXECUTE","NO","UNKNOWN_NOT_IN_PG_CATALOG","supabase_admin","UNCLASSIFIED","UNDECIDED","UNKNOWN"
"public","FUNCTION","gbt_macad_compress(internal)","anon","EXECUTE","NO","UNKNOWN_NOT_IN_PG_CATALOG","supabase_admin","UNCLASSIFIED","UNDECIDED","UNKNOWN"
"public","FUNCTION","gbt_macad_compress(internal)","authenticated","EXECUTE","NO","UNKNOWN_NOT_IN_PG_CATALOG","supabase_admin","UNCLASSIFIED","UNDECIDED","UNKNOWN"
"public","FUNCTION","gbt_macad_compress(internal)","postgres","EXECUTE","NO","UNKNOWN_NOT_IN_PG_CATALOG","supabase_admin","UNCLASSIFIED","UNDECIDED","UNKNOWN"
"public","FUNCTION","gbt_macad_compress(internal)","service_role","EXECUTE","NO","UNKNOWN_NOT_IN_PG_CATALOG","supabase_admin","UNCLASSIFIED","UNDECIDED","UNKNOWN"
"public","FUNCTION","gbt_macad_compress(internal)","supabase_admin","EXECUTE","NO","UNKNOWN_NOT_IN_PG_CATALOG","supabase_admin","UNCLASSIFIED","UNDECIDED","UNKNOWN"
"public","FUNCTION","gbt_macad_consistent(internal,macaddr,smallint,oid,internal)","PUBLIC","EXECUTE","NO","UNKNOWN_NOT_IN_PG_CATALOG","supabase_admin","UNCLASSIFIED","UNDECIDED","UNKNOWN"
"public","FUNCTION","gbt_macad_consistent(internal,macaddr,smallint,oid,internal)","anon","EXECUTE","NO","UNKNOWN_NOT_IN_PG_CATALOG","supabase_admin","UNCLASSIFIED","UNDECIDED","UNKNOWN"
"public","FUNCTION","gbt_macad_consistent(internal,macaddr,smallint,oid,internal)","authenticated","EXECUTE","NO","UNKNOWN_NOT_IN_PG_CATALOG","supabase_admin","UNCLASSIFIED","UNDECIDED","UNKNOWN"
"public","FUNCTION","gbt_macad_consistent(internal,macaddr,smallint,oid,internal)","postgres","EXECUTE","NO","UNKNOWN_NOT_IN_PG_CATALOG","supabase_admin","UNCLASSIFIED","UNDECIDED","UNKNOWN"
"public","FUNCTION","gbt_macad_consistent(internal,macaddr,smallint,oid,internal)","service_role","EXECUTE","NO","UNKNOWN_NOT_IN_PG_CATALOG","supabase_admin","UNCLASSIFIED","UNDECIDED","UNKNOWN"
"public","FUNCTION","gbt_macad_consistent(internal,macaddr,smallint,oid,internal)","supabase_admin","EXECUTE","NO","UNKNOWN_NOT_IN_PG_CATALOG","supabase_admin","UNCLASSIFIED","UNDECIDED","UNKNOWN"
"public","FUNCTION","gbt_macad_fetch(internal)","PUBLIC","EXECUTE","NO","UNKNOWN_NOT_IN_PG_CATALOG","supabase_admin","UNCLASSIFIED","UNDECIDED","UNKNOWN"
"public","FUNCTION","gbt_macad_fetch(internal)","anon","EXECUTE","NO","UNKNOWN_NOT_IN_PG_CATALOG","supabase_admin","UNCLASSIFIED","UNDECIDED","UNKNOWN"
"public","FUNCTION","gbt_macad_fetch(internal)","authenticated","EXECUTE","NO","UNKNOWN_NOT_IN_PG_CATALOG","supabase_admin","UNCLASSIFIED","UNDECIDED","UNKNOWN"
"public","FUNCTION","gbt_macad_fetch(internal)","postgres","EXECUTE","NO","UNKNOWN_NOT_IN_PG_CATALOG","supabase_admin","UNCLASSIFIED","UNDECIDED","UNKNOWN"
"public","FUNCTION","gbt_macad_fetch(internal)","service_role","EXECUTE","NO","UNKNOWN_NOT_IN_PG_CATALOG","supabase_admin","UNCLASSIFIED","UNDECIDED","UNKNOWN"
"public","FUNCTION","gbt_macad_fetch(internal)","supabase_admin","EXECUTE","NO","UNKNOWN_NOT_IN_PG_CATALOG","supabase_admin","UNCLASSIFIED","UNDECIDED","UNKNOWN"
"public","FUNCTION","gbt_macad_penalty(internal,internal,internal)","PUBLIC","EXECUTE","NO","UNKNOWN_NOT_IN_PG_CATALOG","supabase_admin","UNCLASSIFIED","UNDECIDED","UNKNOWN"
"public","FUNCTION","gbt_macad_penalty(internal,internal,internal)","anon","EXECUTE","NO","UNKNOWN_NOT_IN_PG_CATALOG","supabase_admin","UNCLASSIFIED","UNDECIDED","UNKNOWN"
"public","FUNCTION","gbt_macad_penalty(internal,internal,internal)","authenticated","EXECUTE","NO","UNKNOWN_NOT_IN_PG_CATALOG","supabase_admin","UNCLASSIFIED","UNDECIDED","UNKNOWN"
"public","FUNCTION","gbt_macad_penalty(internal,internal,internal)","postgres","EXECUTE","NO","UNKNOWN_NOT_IN_PG_CATALOG","supabase_admin","UNCLASSIFIED","UNDECIDED","UNKNOWN"
"public","FUNCTION","gbt_macad_penalty(internal,internal,internal)","service_role","EXECUTE","NO","UNKNOWN_NOT_IN_PG_CATALOG","supabase_admin","UNCLASSIFIED","UNDECIDED","UNKNOWN"
"public","FUNCTION","gbt_macad_penalty(internal,internal,internal)","supabase_admin","EXECUTE","NO","UNKNOWN_NOT_IN_PG_CATALOG","supabase_admin","UNCLASSIFIED","UNDECIDED","UNKNOWN"
"public","FUNCTION","gbt_macad_picksplit(internal,internal)","PUBLIC","EXECUTE","NO","UNKNOWN_NOT_IN_PG_CATALOG","supabase_admin","UNCLASSIFIED","UNDECIDED","UNKNOWN"
"public","FUNCTION","gbt_macad_picksplit(internal,internal)","anon","EXECUTE","NO","UNKNOWN_NOT_IN_PG_CATALOG","supabase_admin","UNCLASSIFIED","UNDECIDED","UNKNOWN"
"public","FUNCTION","gbt_macad_picksplit(internal,internal)","authenticated","EXECUTE","NO","UNKNOWN_NOT_IN_PG_CATALOG","supabase_admin","UNCLASSIFIED","UNDECIDED","UNKNOWN"
"public","FUNCTION","gbt_macad_picksplit(internal,internal)","postgres","EXECUTE","NO","UNKNOWN_NOT_IN_PG_CATALOG","supabase_admin","UNCLASSIFIED","UNDECIDED","UNKNOWN"
"public","FUNCTION","gbt_macad_picksplit(internal,internal)","service_role","EXECUTE","NO","UNKNOWN_NOT_IN_PG_CATALOG","supabase_admin","UNCLASSIFIED","UNDECIDED","UNKNOWN"
"public","FUNCTION","gbt_macad_picksplit(internal,internal)","supabase_admin","EXECUTE","NO","UNKNOWN_NOT_IN_PG_CATALOG","supabase_admin","UNCLASSIFIED","UNDECIDED","UNKNOWN"
"public","FUNCTION","gbt_macad_same(gbtreekey16,gbtreekey16,internal)","PUBLIC","EXECUTE","NO","UNKNOWN_NOT_IN_PG_CATALOG","supabase_admin","UNCLASSIFIED","UNDECIDED","UNKNOWN"
"public","FUNCTION","gbt_macad_same(gbtreekey16,gbtreekey16,internal)","anon","EXECUTE","NO","UNKNOWN_NOT_IN_PG_CATALOG","supabase_admin","UNCLASSIFIED","UNDECIDED","UNKNOWN"
"public","FUNCTION","gbt_macad_same(gbtreekey16,gbtreekey16,internal)","authenticated","EXECUTE","NO","UNKNOWN_NOT_IN_PG_CATALOG","supabase_admin","UNCLASSIFIED","UNDECIDED","UNKNOWN"
"public","FUNCTION","gbt_macad_same(gbtreekey16,gbtreekey16,internal)","postgres","EXECUTE","NO","UNKNOWN_NOT_IN_PG_CATALOG","supabase_admin","UNCLASSIFIED","UNDECIDED","UNKNOWN"
"public","FUNCTION","gbt_macad_same(gbtreekey16,gbtreekey16,internal)","service_role","EXECUTE","NO","UNKNOWN_NOT_IN_PG_CATALOG","supabase_admin","UNCLASSIFIED","UNDECIDED","UNKNOWN"
"public","FUNCTION","gbt_macad_same(gbtreekey16,gbtreekey16,internal)","supabase_admin","EXECUTE","NO","UNKNOWN_NOT_IN_PG_CATALOG","supabase_admin","UNCLASSIFIED","UNDECIDED","UNKNOWN"
"public","FUNCTION","gbt_macad_union(internal,internal)","PUBLIC","EXECUTE","NO","UNKNOWN_NOT_IN_PG_CATALOG","supabase_admin","UNCLASSIFIED","UNDECIDED","UNKNOWN"
"public","FUNCTION","gbt_macad_union(internal,internal)","anon","EXECUTE","NO","UNKNOWN_NOT_IN_PG_CATALOG","supabase_admin","UNCLASSIFIED","UNDECIDED","UNKNOWN"
"public","FUNCTION","gbt_macad_union(internal,internal)","authenticated","EXECUTE","NO","UNKNOWN_NOT_IN_PG_CATALOG","supabase_admin","UNCLASSIFIED","UNDECIDED","UNKNOWN"
"public","FUNCTION","gbt_macad_union(internal,internal)","postgres","EXECUTE","NO","UNKNOWN_NOT_IN_PG_CATALOG","supabase_admin","UNCLASSIFIED","UNDECIDED","UNKNOWN"
"public","FUNCTION","gbt_macad_union(internal,internal)","service_role","EXECUTE","NO","UNKNOWN_NOT_IN_PG_CATALOG","supabase_admin","UNCLASSIFIED","UNDECIDED","UNKNOWN"
"public","FUNCTION","gbt_macad_union(internal,internal)","supabase_admin","EXECUTE","NO","UNKNOWN_NOT_IN_PG_CATALOG","supabase_admin","UNCLASSIFIED","UNDECIDED","UNKNOWN"
"public","FUNCTION","gbt_numeric_compress(internal)","PUBLIC","EXECUTE","NO","UNKNOWN_NOT_IN_PG_CATALOG","supabase_admin","UNCLASSIFIED","UNDECIDED","UNKNOWN"
"public","FUNCTION","gbt_numeric_compress(internal)","anon","EXECUTE","NO","UNKNOWN_NOT_IN_PG_CATALOG","supabase_admin","UNCLASSIFIED","UNDECIDED","UNKNOWN"
"public","FUNCTION","gbt_numeric_compress(internal)","authenticated","EXECUTE","NO","UNKNOWN_NOT_IN_PG_CATALOG","supabase_admin","UNCLASSIFIED","UNDECIDED","UNKNOWN"
"public","FUNCTION","gbt_numeric_compress(internal)","postgres","EXECUTE","NO","UNKNOWN_NOT_IN_PG_CATALOG","supabase_admin","UNCLASSIFIED","UNDECIDED","UNKNOWN"
"public","FUNCTION","gbt_numeric_compress(internal)","service_role","EXECUTE","NO","UNKNOWN_NOT_IN_PG_CATALOG","supabase_admin","UNCLASSIFIED","UNDECIDED","UNKNOWN"
"public","FUNCTION","gbt_numeric_compress(internal)","supabase_admin","EXECUTE","NO","UNKNOWN_NOT_IN_PG_CATALOG","supabase_admin","UNCLASSIFIED","UNDECIDED","UNKNOWN"
"public","FUNCTION","gbt_numeric_consistent(internal,numeric,smallint,oid,internal)","PUBLIC","EXECUTE","NO","UNKNOWN_NOT_IN_PG_CATALOG","supabase_admin","UNCLASSIFIED","UNDECIDED","UNKNOWN"
"public","FUNCTION","gbt_numeric_consistent(internal,numeric,smallint,oid,internal)","anon","EXECUTE","NO","UNKNOWN_NOT_IN_PG_CATALOG","supabase_admin","UNCLASSIFIED","UNDECIDED","UNKNOWN"
"public","FUNCTION","gbt_numeric_consistent(internal,numeric,smallint,oid,internal)","authenticated","EXECUTE","NO","UNKNOWN_NOT_IN_PG_CATALOG","supabase_admin","UNCLASSIFIED","UNDECIDED","UNKNOWN"
"public","FUNCTION","gbt_numeric_consistent(internal,numeric,smallint,oid,internal)","postgres","EXECUTE","NO","UNKNOWN_NOT_IN_PG_CATALOG","supabase_admin","UNCLASSIFIED","UNDECIDED","UNKNOWN"
"public","FUNCTION","gbt_numeric_consistent(internal,numeric,smallint,oid,internal)","service_role","EXECUTE","NO","UNKNOWN_NOT_IN_PG_CATALOG","supabase_admin","UNCLASSIFIED","UNDECIDED","UNKNOWN"
"public","FUNCTION","gbt_numeric_consistent(internal,numeric,smallint,oid,internal)","supabase_admin","EXECUTE","NO","UNKNOWN_NOT_IN_PG_CATALOG","supabase_admin","UNCLASSIFIED","UNDECIDED","UNKNOWN"
"public","FUNCTION","gbt_numeric_penalty(internal,internal,internal)","PUBLIC","EXECUTE","NO","UNKNOWN_NOT_IN_PG_CATALOG","supabase_admin","UNCLASSIFIED","UNDECIDED","UNKNOWN"
"public","FUNCTION","gbt_numeric_penalty(internal,internal,internal)","anon","EXECUTE","NO","UNKNOWN_NOT_IN_PG_CATALOG","supabase_admin","UNCLASSIFIED","UNDECIDED","UNKNOWN"
"public","FUNCTION","gbt_numeric_penalty(internal,internal,internal)","authenticated","EXECUTE","NO","UNKNOWN_NOT_IN_PG_CATALOG","supabase_admin","UNCLASSIFIED","UNDECIDED","UNKNOWN"
"public","FUNCTION","gbt_numeric_penalty(internal,internal,internal)","postgres","EXECUTE","NO","UNKNOWN_NOT_IN_PG_CATALOG","supabase_admin","UNCLASSIFIED","UNDECIDED","UNKNOWN"
"public","FUNCTION","gbt_numeric_penalty(internal,internal,internal)","service_role","EXECUTE","NO","UNKNOWN_NOT_IN_PG_CATALOG","supabase_admin","UNCLASSIFIED","UNDECIDED","UNKNOWN"
"public","FUNCTION","gbt_numeric_penalty(internal,internal,internal)","supabase_admin","EXECUTE","NO","UNKNOWN_NOT_IN_PG_CATALOG","supabase_admin","UNCLASSIFIED","UNDECIDED","UNKNOWN"
"public","FUNCTION","gbt_numeric_picksplit(internal,internal)","PUBLIC","EXECUTE","NO","UNKNOWN_NOT_IN_PG_CATALOG","supabase_admin","UNCLASSIFIED","UNDECIDED","UNKNOWN"
"public","FUNCTION","gbt_numeric_picksplit(internal,internal)","anon","EXECUTE","NO","UNKNOWN_NOT_IN_PG_CATALOG","supabase_admin","UNCLASSIFIED","UNDECIDED","UNKNOWN"
"public","FUNCTION","gbt_numeric_picksplit(internal,internal)","authenticated","EXECUTE","NO","UNKNOWN_NOT_IN_PG_CATALOG","supabase_admin","UNCLASSIFIED","UNDECIDED","UNKNOWN"
"public","FUNCTION","gbt_numeric_picksplit(internal,internal)","postgres","EXECUTE","NO","UNKNOWN_NOT_IN_PG_CATALOG","supabase_admin","UNCLASSIFIED","UNDECIDED","UNKNOWN"
"public","FUNCTION","gbt_numeric_picksplit(internal,internal)","service_role","EXECUTE","NO","UNKNOWN_NOT_IN_PG_CATALOG","supabase_admin","UNCLASSIFIED","UNDECIDED","UNKNOWN"
"public","FUNCTION","gbt_numeric_picksplit(internal,internal)","supabase_admin","EXECUTE","NO","UNKNOWN_NOT_IN_PG_CATALOG","supabase_admin","UNCLASSIFIED","UNDECIDED","UNKNOWN"
"public","FUNCTION","gbt_numeric_same(gbtreekey_var,gbtreekey_var,internal)","PUBLIC","EXECUTE","NO","UNKNOWN_NOT_IN_PG_CATALOG","supabase_admin","UNCLASSIFIED","UNDECIDED","UNKNOWN"
"public","FUNCTION","gbt_numeric_same(gbtreekey_var,gbtreekey_var,internal)","anon","EXECUTE","NO","UNKNOWN_NOT_IN_PG_CATALOG","supabase_admin","UNCLASSIFIED","UNDECIDED","UNKNOWN"
"public","FUNCTION","gbt_numeric_same(gbtreekey_var,gbtreekey_var,internal)","authenticated","EXECUTE","NO","UNKNOWN_NOT_IN_PG_CATALOG","supabase_admin","UNCLASSIFIED","UNDECIDED","UNKNOWN"
"public","FUNCTION","gbt_numeric_same(gbtreekey_var,gbtreekey_var,internal)","postgres","EXECUTE","NO","UNKNOWN_NOT_IN_PG_CATALOG","supabase_admin","UNCLASSIFIED","UNDECIDED","UNKNOWN"
"public","FUNCTION","gbt_numeric_same(gbtreekey_var,gbtreekey_var,internal)","service_role","EXECUTE","NO","UNKNOWN_NOT_IN_PG_CATALOG","supabase_admin","UNCLASSIFIED","UNDECIDED","UNKNOWN"
"public","FUNCTION","gbt_numeric_same(gbtreekey_var,gbtreekey_var,internal)","supabase_admin","EXECUTE","NO","UNKNOWN_NOT_IN_PG_CATALOG","supabase_admin","UNCLASSIFIED","UNDECIDED","UNKNOWN"
"public","FUNCTION","gbt_numeric_union(internal,internal)","PUBLIC","EXECUTE","NO","UNKNOWN_NOT_IN_PG_CATALOG","supabase_admin","UNCLASSIFIED","UNDECIDED","UNKNOWN"
"public","FUNCTION","gbt_numeric_union(internal,internal)","anon","EXECUTE","NO","UNKNOWN_NOT_IN_PG_CATALOG","supabase_admin","UNCLASSIFIED","UNDECIDED","UNKNOWN"
"public","FUNCTION","gbt_numeric_union(internal,internal)","authenticated","EXECUTE","NO","UNKNOWN_NOT_IN_PG_CATALOG","supabase_admin","UNCLASSIFIED","UNDECIDED","UNKNOWN"
"public","FUNCTION","gbt_numeric_union(internal,internal)","postgres","EXECUTE","NO","UNKNOWN_NOT_IN_PG_CATALOG","supabase_admin","UNCLASSIFIED","UNDECIDED","UNKNOWN"
"public","FUNCTION","gbt_numeric_union(internal,internal)","service_role","EXECUTE","NO","UNKNOWN_NOT_IN_PG_CATALOG","supabase_admin","UNCLASSIFIED","UNDECIDED","UNKNOWN"
"public","FUNCTION","gbt_numeric_union(internal,internal)","supabase_admin","EXECUTE","NO","UNKNOWN_NOT_IN_PG_CATALOG","supabase_admin","UNCLASSIFIED","UNDECIDED","UNKNOWN"
"public","FUNCTION","gbt_oid_compress(internal)","PUBLIC","EXECUTE","NO","UNKNOWN_NOT_IN_PG_CATALOG","supabase_admin","UNCLASSIFIED","UNDECIDED","UNKNOWN"
"public","FUNCTION","gbt_oid_compress(internal)","anon","EXECUTE","NO","UNKNOWN_NOT_IN_PG_CATALOG","supabase_admin","UNCLASSIFIED","UNDECIDED","UNKNOWN"
"public","FUNCTION","gbt_oid_compress(internal)","authenticated","EXECUTE","NO","UNKNOWN_NOT_IN_PG_CATALOG","supabase_admin","UNCLASSIFIED","UNDECIDED","UNKNOWN"
"public","FUNCTION","gbt_oid_compress(internal)","postgres","EXECUTE","NO","UNKNOWN_NOT_IN_PG_CATALOG","supabase_admin","UNCLASSIFIED","UNDECIDED","UNKNOWN"
"public","FUNCTION","gbt_oid_compress(internal)","service_role","EXECUTE","NO","UNKNOWN_NOT_IN_PG_CATALOG","supabase_admin","UNCLASSIFIED","UNDECIDED","UNKNOWN"
"public","FUNCTION","gbt_oid_compress(internal)","supabase_admin","EXECUTE","NO","UNKNOWN_NOT_IN_PG_CATALOG","supabase_admin","UNCLASSIFIED","UNDECIDED","UNKNOWN"
"public","FUNCTION","gbt_oid_consistent(internal,oid,smallint,oid,internal)","PUBLIC","EXECUTE","NO","UNKNOWN_NOT_IN_PG_CATALOG","supabase_admin","UNCLASSIFIED","UNDECIDED","UNKNOWN"
"public","FUNCTION","gbt_oid_consistent(internal,oid,smallint,oid,internal)","anon","EXECUTE","NO","UNKNOWN_NOT_IN_PG_CATALOG","supabase_admin","UNCLASSIFIED","UNDECIDED","UNKNOWN"
"public","FUNCTION","gbt_oid_consistent(internal,oid,smallint,oid,internal)","authenticated","EXECUTE","NO","UNKNOWN_NOT_IN_PG_CATALOG","supabase_admin","UNCLASSIFIED","UNDECIDED","UNKNOWN"
"public","FUNCTION","gbt_oid_consistent(internal,oid,smallint,oid,internal)","postgres","EXECUTE","NO","UNKNOWN_NOT_IN_PG_CATALOG","supabase_admin","UNCLASSIFIED","UNDECIDED","UNKNOWN"
"public","FUNCTION","gbt_oid_consistent(internal,oid,smallint,oid,internal)","service_role","EXECUTE","NO","UNKNOWN_NOT_IN_PG_CATALOG","supabase_admin","UNCLASSIFIED","UNDECIDED","UNKNOWN"
"public","FUNCTION","gbt_oid_consistent(internal,oid,smallint,oid,internal)","supabase_admin","EXECUTE","NO","UNKNOWN_NOT_IN_PG_CATALOG","supabase_admin","UNCLASSIFIED","UNDECIDED","UNKNOWN"
"public","FUNCTION","gbt_oid_distance(internal,oid,smallint,oid,internal)","PUBLIC","EXECUTE","NO","UNKNOWN_NOT_IN_PG_CATALOG","supabase_admin","UNCLASSIFIED","UNDECIDED","UNKNOWN"
"public","FUNCTION","gbt_oid_distance(internal,oid,smallint,oid,internal)","anon","EXECUTE","NO","UNKNOWN_NOT_IN_PG_CATALOG","supabase_admin","UNCLASSIFIED","UNDECIDED","UNKNOWN"
"public","FUNCTION","gbt_oid_distance(internal,oid,smallint,oid,internal)","authenticated","EXECUTE","NO","UNKNOWN_NOT_IN_PG_CATALOG","supabase_admin","UNCLASSIFIED","UNDECIDED","UNKNOWN"
"public","FUNCTION","gbt_oid_distance(internal,oid,smallint,oid,internal)","postgres","EXECUTE","NO","UNKNOWN_NOT_IN_PG_CATALOG","supabase_admin","UNCLASSIFIED","UNDECIDED","UNKNOWN"
"public","FUNCTION","gbt_oid_distance(internal,oid,smallint,oid,internal)","service_role","EXECUTE","NO","UNKNOWN_NOT_IN_PG_CATALOG","supabase_admin","UNCLASSIFIED","UNDECIDED","UNKNOWN"
"public","FUNCTION","gbt_oid_distance(internal,oid,smallint,oid,internal)","supabase_admin","EXECUTE","NO","UNKNOWN_NOT_IN_PG_CATALOG","supabase_admin","UNCLASSIFIED","UNDECIDED","UNKNOWN"
"public","FUNCTION","gbt_oid_fetch(internal)","PUBLIC","EXECUTE","NO","UNKNOWN_NOT_IN_PG_CATALOG","supabase_admin","UNCLASSIFIED","UNDECIDED","UNKNOWN"
"public","FUNCTION","gbt_oid_fetch(internal)","anon","EXECUTE","NO","UNKNOWN_NOT_IN_PG_CATALOG","supabase_admin","UNCLASSIFIED","UNDECIDED","UNKNOWN"
"public","FUNCTION","gbt_oid_fetch(internal)","authenticated","EXECUTE","NO","UNKNOWN_NOT_IN_PG_CATALOG","supabase_admin","UNCLASSIFIED","UNDECIDED","UNKNOWN"
"public","FUNCTION","gbt_oid_fetch(internal)","postgres","EXECUTE","NO","UNKNOWN_NOT_IN_PG_CATALOG","supabase_admin","UNCLASSIFIED","UNDECIDED","UNKNOWN"
"public","FUNCTION","gbt_oid_fetch(internal)","service_role","EXECUTE","NO","UNKNOWN_NOT_IN_PG_CATALOG","supabase_admin","UNCLASSIFIED","UNDECIDED","UNKNOWN"
"public","FUNCTION","gbt_oid_fetch(internal)","supabase_admin","EXECUTE","NO","UNKNOWN_NOT_IN_PG_CATALOG","supabase_admin","UNCLASSIFIED","UNDECIDED","UNKNOWN"
"public","FUNCTION","gbt_oid_penalty(internal,internal,internal)","PUBLIC","EXECUTE","NO","UNKNOWN_NOT_IN_PG_CATALOG","supabase_admin","UNCLASSIFIED","UNDECIDED","UNKNOWN"
"public","FUNCTION","gbt_oid_penalty(internal,internal,internal)","anon","EXECUTE","NO","UNKNOWN_NOT_IN_PG_CATALOG","supabase_admin","UNCLASSIFIED","UNDECIDED","UNKNOWN"
"public","FUNCTION","gbt_oid_penalty(internal,internal,internal)","authenticated","EXECUTE","NO","UNKNOWN_NOT_IN_PG_CATALOG","supabase_admin","UNCLASSIFIED","UNDECIDED","UNKNOWN"
"public","FUNCTION","gbt_oid_penalty(internal,internal,internal)","postgres","EXECUTE","NO","UNKNOWN_NOT_IN_PG_CATALOG","supabase_admin","UNCLASSIFIED","UNDECIDED","UNKNOWN"
"public","FUNCTION","gbt_oid_penalty(internal,internal,internal)","service_role","EXECUTE","NO","UNKNOWN_NOT_IN_PG_CATALOG","supabase_admin","UNCLASSIFIED","UNDECIDED","UNKNOWN"
"public","FUNCTION","gbt_oid_penalty(internal,internal,internal)","supabase_admin","EXECUTE","NO","UNKNOWN_NOT_IN_PG_CATALOG","supabase_admin","UNCLASSIFIED","UNDECIDED","UNKNOWN"
"public","FUNCTION","gbt_oid_picksplit(internal,internal)","PUBLIC","EXECUTE","NO","UNKNOWN_NOT_IN_PG_CATALOG","supabase_admin","UNCLASSIFIED","UNDECIDED","UNKNOWN"
"public","FUNCTION","gbt_oid_picksplit(internal,internal)","anon","EXECUTE","NO","UNKNOWN_NOT_IN_PG_CATALOG","supabase_admin","UNCLASSIFIED","UNDECIDED","UNKNOWN"
"public","FUNCTION","gbt_oid_picksplit(internal,internal)","authenticated","EXECUTE","NO","UNKNOWN_NOT_IN_PG_CATALOG","supabase_admin","UNCLASSIFIED","UNDECIDED","UNKNOWN"
"public","FUNCTION","gbt_oid_picksplit(internal,internal)","postgres","EXECUTE","NO","UNKNOWN_NOT_IN_PG_CATALOG","supabase_admin","UNCLASSIFIED","UNDECIDED","UNKNOWN"
"public","FUNCTION","gbt_oid_picksplit(internal,internal)","service_role","EXECUTE","NO","UNKNOWN_NOT_IN_PG_CATALOG","supabase_admin","UNCLASSIFIED","UNDECIDED","UNKNOWN"
"public","FUNCTION","gbt_oid_picksplit(internal,internal)","supabase_admin","EXECUTE","NO","UNKNOWN_NOT_IN_PG_CATALOG","supabase_admin","UNCLASSIFIED","UNDECIDED","UNKNOWN"
"public","FUNCTION","gbt_oid_same(gbtreekey8,gbtreekey8,internal)","PUBLIC","EXECUTE","NO","UNKNOWN_NOT_IN_PG_CATALOG","supabase_admin","UNCLASSIFIED","UNDECIDED","UNKNOWN"
"public","FUNCTION","gbt_oid_same(gbtreekey8,gbtreekey8,internal)","anon","EXECUTE","NO","UNKNOWN_NOT_IN_PG_CATALOG","supabase_admin","UNCLASSIFIED","UNDECIDED","UNKNOWN"
"public","FUNCTION","gbt_oid_same(gbtreekey8,gbtreekey8,internal)","authenticated","EXECUTE","NO","UNKNOWN_NOT_IN_PG_CATALOG","supabase_admin","UNCLASSIFIED","UNDECIDED","UNKNOWN"
"public","FUNCTION","gbt_oid_same(gbtreekey8,gbtreekey8,internal)","postgres","EXECUTE","NO","UNKNOWN_NOT_IN_PG_CATALOG","supabase_admin","UNCLASSIFIED","UNDECIDED","UNKNOWN"
"public","FUNCTION","gbt_oid_same(gbtreekey8,gbtreekey8,internal)","service_role","EXECUTE","NO","UNKNOWN_NOT_IN_PG_CATALOG","supabase_admin","UNCLASSIFIED","UNDECIDED","UNKNOWN"
"public","FUNCTION","gbt_oid_same(gbtreekey8,gbtreekey8,internal)","supabase_admin","EXECUTE","NO","UNKNOWN_NOT_IN_PG_CATALOG","supabase_admin","UNCLASSIFIED","UNDECIDED","UNKNOWN"
"public","FUNCTION","gbt_oid_union(internal,internal)","PUBLIC","EXECUTE","NO","UNKNOWN_NOT_IN_PG_CATALOG","supabase_admin","UNCLASSIFIED","UNDECIDED","UNKNOWN"
"public","FUNCTION","gbt_oid_union(internal,internal)","anon","EXECUTE","NO","UNKNOWN_NOT_IN_PG_CATALOG","supabase_admin","UNCLASSIFIED","UNDECIDED","UNKNOWN"
"public","FUNCTION","gbt_oid_union(internal,internal)","authenticated","EXECUTE","NO","UNKNOWN_NOT_IN_PG_CATALOG","supabase_admin","UNCLASSIFIED","UNDECIDED","UNKNOWN"
"public","FUNCTION","gbt_oid_union(internal,internal)","postgres","EXECUTE","NO","UNKNOWN_NOT_IN_PG_CATALOG","supabase_admin","UNCLASSIFIED","UNDECIDED","UNKNOWN"
"public","FUNCTION","gbt_oid_union(internal,internal)","service_role","EXECUTE","NO","UNKNOWN_NOT_IN_PG_CATALOG","supabase_admin","UNCLASSIFIED","UNDECIDED","UNKNOWN"
"public","FUNCTION","gbt_oid_union(internal,internal)","supabase_admin","EXECUTE","NO","UNKNOWN_NOT_IN_PG_CATALOG","supabase_admin","UNCLASSIFIED","UNDECIDED","UNKNOWN"
"public","FUNCTION","gbt_text_compress(internal)","PUBLIC","EXECUTE","NO","UNKNOWN_NOT_IN_PG_CATALOG","supabase_admin","UNCLASSIFIED","UNDECIDED","UNKNOWN"
"public","FUNCTION","gbt_text_compress(internal)","anon","EXECUTE","NO","UNKNOWN_NOT_IN_PG_CATALOG","supabase_admin","UNCLASSIFIED","UNDECIDED","UNKNOWN"
"public","FUNCTION","gbt_text_compress(internal)","authenticated","EXECUTE","NO","UNKNOWN_NOT_IN_PG_CATALOG","supabase_admin","UNCLASSIFIED","UNDECIDED","UNKNOWN"
"public","FUNCTION","gbt_text_compress(internal)","postgres","EXECUTE","NO","UNKNOWN_NOT_IN_PG_CATALOG","supabase_admin","UNCLASSIFIED","UNDECIDED","UNKNOWN"
"public","FUNCTION","gbt_text_compress(internal)","service_role","EXECUTE","NO","UNKNOWN_NOT_IN_PG_CATALOG","supabase_admin","UNCLASSIFIED","UNDECIDED","UNKNOWN"
"public","FUNCTION","gbt_text_compress(internal)","supabase_admin","EXECUTE","NO","UNKNOWN_NOT_IN_PG_CATALOG","supabase_admin","UNCLASSIFIED","UNDECIDED","UNKNOWN"
"public","FUNCTION","gbt_text_consistent(internal,text,smallint,oid,internal)","PUBLIC","EXECUTE","NO","UNKNOWN_NOT_IN_PG_CATALOG","supabase_admin","UNCLASSIFIED","UNDECIDED","UNKNOWN"
"public","FUNCTION","gbt_text_consistent(internal,text,smallint,oid,internal)","anon","EXECUTE","NO","UNKNOWN_NOT_IN_PG_CATALOG","supabase_admin","UNCLASSIFIED","UNDECIDED","UNKNOWN"
"public","FUNCTION","gbt_text_consistent(internal,text,smallint,oid,internal)","authenticated","EXECUTE","NO","UNKNOWN_NOT_IN_PG_CATALOG","supabase_admin","UNCLASSIFIED","UNDECIDED","UNKNOWN"
"public","FUNCTION","gbt_text_consistent(internal,text,smallint,oid,internal)","postgres","EXECUTE","NO","UNKNOWN_NOT_IN_PG_CATALOG","supabase_admin","UNCLASSIFIED","UNDECIDED","UNKNOWN"
"public","FUNCTION","gbt_text_consistent(internal,text,smallint,oid,internal)","service_role","EXECUTE","NO","UNKNOWN_NOT_IN_PG_CATALOG","supabase_admin","UNCLASSIFIED","UNDECIDED","UNKNOWN"
"public","FUNCTION","gbt_text_consistent(internal,text,smallint,oid,internal)","supabase_admin","EXECUTE","NO","UNKNOWN_NOT_IN_PG_CATALOG","supabase_admin","UNCLASSIFIED","UNDECIDED","UNKNOWN"
"public","FUNCTION","gbt_text_penalty(internal,internal,internal)","PUBLIC","EXECUTE","NO","UNKNOWN_NOT_IN_PG_CATALOG","supabase_admin","UNCLASSIFIED","UNDECIDED","UNKNOWN"
"public","FUNCTION","gbt_text_penalty(internal,internal,internal)","anon","EXECUTE","NO","UNKNOWN_NOT_IN_PG_CATALOG","supabase_admin","UNCLASSIFIED","UNDECIDED","UNKNOWN"
"public","FUNCTION","gbt_text_penalty(internal,internal,internal)","authenticated","EXECUTE","NO","UNKNOWN_NOT_IN_PG_CATALOG","supabase_admin","UNCLASSIFIED","UNDECIDED","UNKNOWN"
"public","FUNCTION","gbt_text_penalty(internal,internal,internal)","postgres","EXECUTE","NO","UNKNOWN_NOT_IN_PG_CATALOG","supabase_admin","UNCLASSIFIED","UNDECIDED","UNKNOWN"
"public","FUNCTION","gbt_text_penalty(internal,internal,internal)","service_role","EXECUTE","NO","UNKNOWN_NOT_IN_PG_CATALOG","supabase_admin","UNCLASSIFIED","UNDECIDED","UNKNOWN"
"public","FUNCTION","gbt_text_penalty(internal,internal,internal)","supabase_admin","EXECUTE","NO","UNKNOWN_NOT_IN_PG_CATALOG","supabase_admin","UNCLASSIFIED","UNDECIDED","UNKNOWN"
"public","FUNCTION","gbt_text_picksplit(internal,internal)","PUBLIC","EXECUTE","NO","UNKNOWN_NOT_IN_PG_CATALOG","supabase_admin","UNCLASSIFIED","UNDECIDED","UNKNOWN"
"public","FUNCTION","gbt_text_picksplit(internal,internal)","anon","EXECUTE","NO","UNKNOWN_NOT_IN_PG_CATALOG","supabase_admin","UNCLASSIFIED","UNDECIDED","UNKNOWN"
"public","FUNCTION","gbt_text_picksplit(internal,internal)","authenticated","EXECUTE","NO","UNKNOWN_NOT_IN_PG_CATALOG","supabase_admin","UNCLASSIFIED","UNDECIDED","UNKNOWN"
"public","FUNCTION","gbt_text_picksplit(internal,internal)","postgres","EXECUTE","NO","UNKNOWN_NOT_IN_PG_CATALOG","supabase_admin","UNCLASSIFIED","UNDECIDED","UNKNOWN"
"public","FUNCTION","gbt_text_picksplit(internal,internal)","service_role","EXECUTE","NO","UNKNOWN_NOT_IN_PG_CATALOG","supabase_admin","UNCLASSIFIED","UNDECIDED","UNKNOWN"
"public","FUNCTION","gbt_text_picksplit(internal,internal)","supabase_admin","EXECUTE","NO","UNKNOWN_NOT_IN_PG_CATALOG","supabase_admin","UNCLASSIFIED","UNDECIDED","UNKNOWN"
"public","FUNCTION","gbt_text_same(gbtreekey_var,gbtreekey_var,internal)","PUBLIC","EXECUTE","NO","UNKNOWN_NOT_IN_PG_CATALOG","supabase_admin","UNCLASSIFIED","UNDECIDED","UNKNOWN"
"public","FUNCTION","gbt_text_same(gbtreekey_var,gbtreekey_var,internal)","anon","EXECUTE","NO","UNKNOWN_NOT_IN_PG_CATALOG","supabase_admin","UNCLASSIFIED","UNDECIDED","UNKNOWN"
"public","FUNCTION","gbt_text_same(gbtreekey_var,gbtreekey_var,internal)","authenticated","EXECUTE","NO","UNKNOWN_NOT_IN_PG_CATALOG","supabase_admin","UNCLASSIFIED","UNDECIDED","UNKNOWN"
"public","FUNCTION","gbt_text_same(gbtreekey_var,gbtreekey_var,internal)","postgres","EXECUTE","NO","UNKNOWN_NOT_IN_PG_CATALOG","supabase_admin","UNCLASSIFIED","UNDECIDED","UNKNOWN"
"public","FUNCTION","gbt_text_same(gbtreekey_var,gbtreekey_var,internal)","service_role","EXECUTE","NO","UNKNOWN_NOT_IN_PG_CATALOG","supabase_admin","UNCLASSIFIED","UNDECIDED","UNKNOWN"
"public","FUNCTION","gbt_text_same(gbtreekey_var,gbtreekey_var,internal)","supabase_admin","EXECUTE","NO","UNKNOWN_NOT_IN_PG_CATALOG","supabase_admin","UNCLASSIFIED","UNDECIDED","UNKNOWN"
"public","FUNCTION","gbt_text_union(internal,internal)","PUBLIC","EXECUTE","NO","UNKNOWN_NOT_IN_PG_CATALOG","supabase_admin","UNCLASSIFIED","UNDECIDED","UNKNOWN"
"public","FUNCTION","gbt_text_union(internal,internal)","anon","EXECUTE","NO","UNKNOWN_NOT_IN_PG_CATALOG","supabase_admin","UNCLASSIFIED","UNDECIDED","UNKNOWN"
"public","FUNCTION","gbt_text_union(internal,internal)","authenticated","EXECUTE","NO","UNKNOWN_NOT_IN_PG_CATALOG","supabase_admin","UNCLASSIFIED","UNDECIDED","UNKNOWN"
"public","FUNCTION","gbt_text_union(internal,internal)","postgres","EXECUTE","NO","UNKNOWN_NOT_IN_PG_CATALOG","supabase_admin","UNCLASSIFIED","UNDECIDED","UNKNOWN"
"public","FUNCTION","gbt_text_union(internal,internal)","service_role","EXECUTE","NO","UNKNOWN_NOT_IN_PG_CATALOG","supabase_admin","UNCLASSIFIED","UNDECIDED","UNKNOWN"
"public","FUNCTION","gbt_text_union(internal,internal)","supabase_admin","EXECUTE","NO","UNKNOWN_NOT_IN_PG_CATALOG","supabase_admin","UNCLASSIFIED","UNDECIDED","UNKNOWN"
"public","FUNCTION","gbt_time_compress(internal)","PUBLIC","EXECUTE","NO","UNKNOWN_NOT_IN_PG_CATALOG","supabase_admin","UNCLASSIFIED","UNDECIDED","UNKNOWN"
"public","FUNCTION","gbt_time_compress(internal)","anon","EXECUTE","NO","UNKNOWN_NOT_IN_PG_CATALOG","supabase_admin","UNCLASSIFIED","UNDECIDED","UNKNOWN"
"public","FUNCTION","gbt_time_compress(internal)","authenticated","EXECUTE","NO","UNKNOWN_NOT_IN_PG_CATALOG","supabase_admin","UNCLASSIFIED","UNDECIDED","UNKNOWN"
"public","FUNCTION","gbt_time_compress(internal)","postgres","EXECUTE","NO","UNKNOWN_NOT_IN_PG_CATALOG","supabase_admin","UNCLASSIFIED","UNDECIDED","UNKNOWN"
"public","FUNCTION","gbt_time_compress(internal)","service_role","EXECUTE","NO","UNKNOWN_NOT_IN_PG_CATALOG","supabase_admin","UNCLASSIFIED","UNDECIDED","UNKNOWN"
"public","FUNCTION","gbt_time_compress(internal)","supabase_admin","EXECUTE","NO","UNKNOWN_NOT_IN_PG_CATALOG","supabase_admin","UNCLASSIFIED","UNDECIDED","UNKNOWN"
"public","FUNCTION","gbt_time_consistent(internal,time without time zone,smallint,oid,internal)","PUBLIC","EXECUTE","NO","UNKNOWN_NOT_IN_PG_CATALOG","supabase_admin","UNCLASSIFIED","UNDECIDED","UNKNOWN"
"public","FUNCTION","gbt_time_consistent(internal,time without time zone,smallint,oid,internal)","anon","EXECUTE","NO","UNKNOWN_NOT_IN_PG_CATALOG","supabase_admin","UNCLASSIFIED","UNDECIDED","UNKNOWN"
"public","FUNCTION","gbt_time_consistent(internal,time without time zone,smallint,oid,internal)","authenticated","EXECUTE","NO","UNKNOWN_NOT_IN_PG_CATALOG","supabase_admin","UNCLASSIFIED","UNDECIDED","UNKNOWN"
"public","FUNCTION","gbt_time_consistent(internal,time without time zone,smallint,oid,internal)","postgres","EXECUTE","NO","UNKNOWN_NOT_IN_PG_CATALOG","supabase_admin","UNCLASSIFIED","UNDECIDED","UNKNOWN"
"public","FUNCTION","gbt_time_consistent(internal,time without time zone,smallint,oid,internal)","service_role","EXECUTE","NO","UNKNOWN_NOT_IN_PG_CATALOG","supabase_admin","UNCLASSIFIED","UNDECIDED","UNKNOWN"
"public","FUNCTION","gbt_time_consistent(internal,time without time zone,smallint,oid,internal)","supabase_admin","EXECUTE","NO","UNKNOWN_NOT_IN_PG_CATALOG","supabase_admin","UNCLASSIFIED","UNDECIDED","UNKNOWN"
"public","FUNCTION","gbt_time_distance(internal,time without time zone,smallint,oid,internal)","PUBLIC","EXECUTE","NO","UNKNOWN_NOT_IN_PG_CATALOG","supabase_admin","UNCLASSIFIED","UNDECIDED","UNKNOWN"
"public","FUNCTION","gbt_time_distance(internal,time without time zone,smallint,oid,internal)","anon","EXECUTE","NO","UNKNOWN_NOT_IN_PG_CATALOG","supabase_admin","UNCLASSIFIED","UNDECIDED","UNKNOWN"
"public","FUNCTION","gbt_time_distance(internal,time without time zone,smallint,oid,internal)","authenticated","EXECUTE","NO","UNKNOWN_NOT_IN_PG_CATALOG","supabase_admin","UNCLASSIFIED","UNDECIDED","UNKNOWN"
"public","FUNCTION","gbt_time_distance(internal,time without time zone,smallint,oid,internal)","postgres","EXECUTE","NO","UNKNOWN_NOT_IN_PG_CATALOG","supabase_admin","UNCLASSIFIED","UNDECIDED","UNKNOWN"
"public","FUNCTION","gbt_time_distance(internal,time without time zone,smallint,oid,internal)","service_role","EXECUTE","NO","UNKNOWN_NOT_IN_PG_CATALOG","supabase_admin","UNCLASSIFIED","UNDECIDED","UNKNOWN"
"public","FUNCTION","gbt_time_distance(internal,time without time zone,smallint,oid,internal)","supabase_admin","EXECUTE","NO","UNKNOWN_NOT_IN_PG_CATALOG","supabase_admin","UNCLASSIFIED","UNDECIDED","UNKNOWN"
"public","FUNCTION","gbt_time_fetch(internal)","PUBLIC","EXECUTE","NO","UNKNOWN_NOT_IN_PG_CATALOG","supabase_admin","UNCLASSIFIED","UNDECIDED","UNKNOWN"
"public","FUNCTION","gbt_time_fetch(internal)","anon","EXECUTE","NO","UNKNOWN_NOT_IN_PG_CATALOG","supabase_admin","UNCLASSIFIED","UNDECIDED","UNKNOWN"
"public","FUNCTION","gbt_time_fetch(internal)","authenticated","EXECUTE","NO","UNKNOWN_NOT_IN_PG_CATALOG","supabase_admin","UNCLASSIFIED","UNDECIDED","UNKNOWN"
"public","FUNCTION","gbt_time_fetch(internal)","postgres","EXECUTE","NO","UNKNOWN_NOT_IN_PG_CATALOG","supabase_admin","UNCLASSIFIED","UNDECIDED","UNKNOWN"
"public","FUNCTION","gbt_time_fetch(internal)","service_role","EXECUTE","NO","UNKNOWN_NOT_IN_PG_CATALOG","supabase_admin","UNCLASSIFIED","UNDECIDED","UNKNOWN"
"public","FUNCTION","gbt_time_fetch(internal)","supabase_admin","EXECUTE","NO","UNKNOWN_NOT_IN_PG_CATALOG","supabase_admin","UNCLASSIFIED","UNDECIDED","UNKNOWN"
"public","FUNCTION","gbt_time_penalty(internal,internal,internal)","PUBLIC","EXECUTE","NO","UNKNOWN_NOT_IN_PG_CATALOG","supabase_admin","UNCLASSIFIED","UNDECIDED","UNKNOWN"
"public","FUNCTION","gbt_time_penalty(internal,internal,internal)","anon","EXECUTE","NO","UNKNOWN_NOT_IN_PG_CATALOG","supabase_admin","UNCLASSIFIED","UNDECIDED","UNKNOWN"
"public","FUNCTION","gbt_time_penalty(internal,internal,internal)","authenticated","EXECUTE","NO","UNKNOWN_NOT_IN_PG_CATALOG","supabase_admin","UNCLASSIFIED","UNDECIDED","UNKNOWN"
"public","FUNCTION","gbt_time_penalty(internal,internal,internal)","postgres","EXECUTE","NO","UNKNOWN_NOT_IN_PG_CATALOG","supabase_admin","UNCLASSIFIED","UNDECIDED","UNKNOWN"
"public","FUNCTION","gbt_time_penalty(internal,internal,internal)","service_role","EXECUTE","NO","UNKNOWN_NOT_IN_PG_CATALOG","supabase_admin","UNCLASSIFIED","UNDECIDED","UNKNOWN"
"public","FUNCTION","gbt_time_penalty(internal,internal,internal)","supabase_admin","EXECUTE","NO","UNKNOWN_NOT_IN_PG_CATALOG","supabase_admin","UNCLASSIFIED","UNDECIDED","UNKNOWN"
"public","FUNCTION","gbt_time_picksplit(internal,internal)","PUBLIC","EXECUTE","NO","UNKNOWN_NOT_IN_PG_CATALOG","supabase_admin","UNCLASSIFIED","UNDECIDED","UNKNOWN"
"public","FUNCTION","gbt_time_picksplit(internal,internal)","anon","EXECUTE","NO","UNKNOWN_NOT_IN_PG_CATALOG","supabase_admin","UNCLASSIFIED","UNDECIDED","UNKNOWN"
"public","FUNCTION","gbt_time_picksplit(internal,internal)","authenticated","EXECUTE","NO","UNKNOWN_NOT_IN_PG_CATALOG","supabase_admin","UNCLASSIFIED","UNDECIDED","UNKNOWN"
"public","FUNCTION","gbt_time_picksplit(internal,internal)","postgres","EXECUTE","NO","UNKNOWN_NOT_IN_PG_CATALOG","supabase_admin","UNCLASSIFIED","UNDECIDED","UNKNOWN"
"public","FUNCTION","gbt_time_picksplit(internal,internal)","service_role","EXECUTE","NO","UNKNOWN_NOT_IN_PG_CATALOG","supabase_admin","UNCLASSIFIED","UNDECIDED","UNKNOWN"
"public","FUNCTION","gbt_time_picksplit(internal,internal)","supabase_admin","EXECUTE","NO","UNKNOWN_NOT_IN_PG_CATALOG","supabase_admin","UNCLASSIFIED","UNDECIDED","UNKNOWN"
"public","FUNCTION","gbt_time_same(gbtreekey16,gbtreekey16,internal)","PUBLIC","EXECUTE","NO","UNKNOWN_NOT_IN_PG_CATALOG","supabase_admin","UNCLASSIFIED","UNDECIDED","UNKNOWN"
"public","FUNCTION","gbt_time_same(gbtreekey16,gbtreekey16,internal)","anon","EXECUTE","NO","UNKNOWN_NOT_IN_PG_CATALOG","supabase_admin","UNCLASSIFIED","UNDECIDED","UNKNOWN"
"public","FUNCTION","gbt_time_same(gbtreekey16,gbtreekey16,internal)","authenticated","EXECUTE","NO","UNKNOWN_NOT_IN_PG_CATALOG","supabase_admin","UNCLASSIFIED","UNDECIDED","UNKNOWN"
"public","FUNCTION","gbt_time_same(gbtreekey16,gbtreekey16,internal)","postgres","EXECUTE","NO","UNKNOWN_NOT_IN_PG_CATALOG","supabase_admin","UNCLASSIFIED","UNDECIDED","UNKNOWN"
"public","FUNCTION","gbt_time_same(gbtreekey16,gbtreekey16,internal)","service_role","EXECUTE","NO","UNKNOWN_NOT_IN_PG_CATALOG","supabase_admin","UNCLASSIFIED","UNDECIDED","UNKNOWN"
"public","FUNCTION","gbt_time_same(gbtreekey16,gbtreekey16,internal)","supabase_admin","EXECUTE","NO","UNKNOWN_NOT_IN_PG_CATALOG","supabase_admin","UNCLASSIFIED","UNDECIDED","UNKNOWN"
"public","FUNCTION","gbt_time_union(internal,internal)","PUBLIC","EXECUTE","NO","UNKNOWN_NOT_IN_PG_CATALOG","supabase_admin","UNCLASSIFIED","UNDECIDED","UNKNOWN"
"public","FUNCTION","gbt_time_union(internal,internal)","anon","EXECUTE","NO","UNKNOWN_NOT_IN_PG_CATALOG","supabase_admin","UNCLASSIFIED","UNDECIDED","UNKNOWN"
"public","FUNCTION","gbt_time_union(internal,internal)","authenticated","EXECUTE","NO","UNKNOWN_NOT_IN_PG_CATALOG","supabase_admin","UNCLASSIFIED","UNDECIDED","UNKNOWN"
"public","FUNCTION","gbt_time_union(internal,internal)","postgres","EXECUTE","NO","UNKNOWN_NOT_IN_PG_CATALOG","supabase_admin","UNCLASSIFIED","UNDECIDED","UNKNOWN"
"public","FUNCTION","gbt_time_union(internal,internal)","service_role","EXECUTE","NO","UNKNOWN_NOT_IN_PG_CATALOG","supabase_admin","UNCLASSIFIED","UNDECIDED","UNKNOWN"
"public","FUNCTION","gbt_time_union(internal,internal)","supabase_admin","EXECUTE","NO","UNKNOWN_NOT_IN_PG_CATALOG","supabase_admin","UNCLASSIFIED","UNDECIDED","UNKNOWN"
"public","FUNCTION","gbt_timetz_compress(internal)","PUBLIC","EXECUTE","NO","UNKNOWN_NOT_IN_PG_CATALOG","supabase_admin","UNCLASSIFIED","UNDECIDED","UNKNOWN"
"public","FUNCTION","gbt_timetz_compress(internal)","anon","EXECUTE","NO","UNKNOWN_NOT_IN_PG_CATALOG","supabase_admin","UNCLASSIFIED","UNDECIDED","UNKNOWN"
"public","FUNCTION","gbt_timetz_compress(internal)","authenticated","EXECUTE","NO","UNKNOWN_NOT_IN_PG_CATALOG","supabase_admin","UNCLASSIFIED","UNDECIDED","UNKNOWN"
"public","FUNCTION","gbt_timetz_compress(internal)","postgres","EXECUTE","NO","UNKNOWN_NOT_IN_PG_CATALOG","supabase_admin","UNCLASSIFIED","UNDECIDED","UNKNOWN"
"public","FUNCTION","gbt_timetz_compress(internal)","service_role","EXECUTE","NO","UNKNOWN_NOT_IN_PG_CATALOG","supabase_admin","UNCLASSIFIED","UNDECIDED","UNKNOWN"
"public","FUNCTION","gbt_timetz_compress(internal)","supabase_admin","EXECUTE","NO","UNKNOWN_NOT_IN_PG_CATALOG","supabase_admin","UNCLASSIFIED","UNDECIDED","UNKNOWN"
"public","FUNCTION","gbt_timetz_consistent(internal,time with time zone,smallint,oid,internal)","PUBLIC","EXECUTE","NO","UNKNOWN_NOT_IN_PG_CATALOG","supabase_admin","UNCLASSIFIED","UNDECIDED","UNKNOWN"
"public","FUNCTION","gbt_timetz_consistent(internal,time with time zone,smallint,oid,internal)","anon","EXECUTE","NO","UNKNOWN_NOT_IN_PG_CATALOG","supabase_admin","UNCLASSIFIED","UNDECIDED","UNKNOWN"
"public","FUNCTION","gbt_timetz_consistent(internal,time with time zone,smallint,oid,internal)","authenticated","EXECUTE","NO","UNKNOWN_NOT_IN_PG_CATALOG","supabase_admin","UNCLASSIFIED","UNDECIDED","UNKNOWN"
"public","FUNCTION","gbt_timetz_consistent(internal,time with time zone,smallint,oid,internal)","postgres","EXECUTE","NO","UNKNOWN_NOT_IN_PG_CATALOG","supabase_admin","UNCLASSIFIED","UNDECIDED","UNKNOWN"
"public","FUNCTION","gbt_timetz_consistent(internal,time with time zone,smallint,oid,internal)","service_role","EXECUTE","NO","UNKNOWN_NOT_IN_PG_CATALOG","supabase_admin","UNCLASSIFIED","UNDECIDED","UNKNOWN"
"public","FUNCTION","gbt_timetz_consistent(internal,time with time zone,smallint,oid,internal)","supabase_admin","EXECUTE","NO","UNKNOWN_NOT_IN_PG_CATALOG","supabase_admin","UNCLASSIFIED","UNDECIDED","UNKNOWN"
"public","FUNCTION","gbt_ts_compress(internal)","PUBLIC","EXECUTE","NO","UNKNOWN_NOT_IN_PG_CATALOG","supabase_admin","UNCLASSIFIED","UNDECIDED","UNKNOWN"
"public","FUNCTION","gbt_ts_compress(internal)","anon","EXECUTE","NO","UNKNOWN_NOT_IN_PG_CATALOG","supabase_admin","UNCLASSIFIED","UNDECIDED","UNKNOWN"
"public","FUNCTION","gbt_ts_compress(internal)","authenticated","EXECUTE","NO","UNKNOWN_NOT_IN_PG_CATALOG","supabase_admin","UNCLASSIFIED","UNDECIDED","UNKNOWN"
"public","FUNCTION","gbt_ts_compress(internal)","postgres","EXECUTE","NO","UNKNOWN_NOT_IN_PG_CATALOG","supabase_admin","UNCLASSIFIED","UNDECIDED","UNKNOWN"
"public","FUNCTION","gbt_ts_compress(internal)","service_role","EXECUTE","NO","UNKNOWN_NOT_IN_PG_CATALOG","supabase_admin","UNCLASSIFIED","UNDECIDED","UNKNOWN"
"public","FUNCTION","gbt_ts_compress(internal)","supabase_admin","EXECUTE","NO","UNKNOWN_NOT_IN_PG_CATALOG","supabase_admin","UNCLASSIFIED","UNDECIDED","UNKNOWN"
"public","FUNCTION","gbt_ts_consistent(internal,timestamp without time zone,smallint,oid,internal)","PUBLIC","EXECUTE","NO","UNKNOWN_NOT_IN_PG_CATALOG","supabase_admin","UNCLASSIFIED","UNDECIDED","UNKNOWN"
"public","FUNCTION","gbt_ts_consistent(internal,timestamp without time zone,smallint,oid,internal)","anon","EXECUTE","NO","UNKNOWN_NOT_IN_PG_CATALOG","supabase_admin","UNCLASSIFIED","UNDECIDED","UNKNOWN"
"public","FUNCTION","gbt_ts_consistent(internal,timestamp without time zone,smallint,oid,internal)","authenticated","EXECUTE","NO","UNKNOWN_NOT_IN_PG_CATALOG","supabase_admin","UNCLASSIFIED","UNDECIDED","UNKNOWN"
"public","FUNCTION","gbt_ts_consistent(internal,timestamp without time zone,smallint,oid,internal)","postgres","EXECUTE","NO","UNKNOWN_NOT_IN_PG_CATALOG","supabase_admin","UNCLASSIFIED","UNDECIDED","UNKNOWN"
"public","FUNCTION","gbt_ts_consistent(internal,timestamp without time zone,smallint,oid,internal)","service_role","EXECUTE","NO","UNKNOWN_NOT_IN_PG_CATALOG","supabase_admin","UNCLASSIFIED","UNDECIDED","UNKNOWN"
"public","FUNCTION","gbt_ts_consistent(internal,timestamp without time zone,smallint,oid,internal)","supabase_admin","EXECUTE","NO","UNKNOWN_NOT_IN_PG_CATALOG","supabase_admin","UNCLASSIFIED","UNDECIDED","UNKNOWN"
"public","FUNCTION","gbt_ts_distance(internal,timestamp without time zone,smallint,oid,internal)","PUBLIC","EXECUTE","NO","UNKNOWN_NOT_IN_PG_CATALOG","supabase_admin","UNCLASSIFIED","UNDECIDED","UNKNOWN"
"public","FUNCTION","gbt_ts_distance(internal,timestamp without time zone,smallint,oid,internal)","anon","EXECUTE","NO","UNKNOWN_NOT_IN_PG_CATALOG","supabase_admin","UNCLASSIFIED","UNDECIDED","UNKNOWN"
"public","FUNCTION","gbt_ts_distance(internal,timestamp without time zone,smallint,oid,internal)","authenticated","EXECUTE","NO","UNKNOWN_NOT_IN_PG_CATALOG","supabase_admin","UNCLASSIFIED","UNDECIDED","UNKNOWN"
"public","FUNCTION","gbt_ts_distance(internal,timestamp without time zone,smallint,oid,internal)","postgres","EXECUTE","NO","UNKNOWN_NOT_IN_PG_CATALOG","supabase_admin","UNCLASSIFIED","UNDECIDED","UNKNOWN"
"public","FUNCTION","gbt_ts_distance(internal,timestamp without time zone,smallint,oid,internal)","service_role","EXECUTE","NO","UNKNOWN_NOT_IN_PG_CATALOG","supabase_admin","UNCLASSIFIED","UNDECIDED","UNKNOWN"
"public","FUNCTION","gbt_ts_distance(internal,timestamp without time zone,smallint,oid,internal)","supabase_admin","EXECUTE","NO","UNKNOWN_NOT_IN_PG_CATALOG","supabase_admin","UNCLASSIFIED","UNDECIDED","UNKNOWN"
"public","FUNCTION","gbt_ts_fetch(internal)","PUBLIC","EXECUTE","NO","UNKNOWN_NOT_IN_PG_CATALOG","supabase_admin","UNCLASSIFIED","UNDECIDED","UNKNOWN"
"public","FUNCTION","gbt_ts_fetch(internal)","anon","EXECUTE","NO","UNKNOWN_NOT_IN_PG_CATALOG","supabase_admin","UNCLASSIFIED","UNDECIDED","UNKNOWN"
"public","FUNCTION","gbt_ts_fetch(internal)","authenticated","EXECUTE","NO","UNKNOWN_NOT_IN_PG_CATALOG","supabase_admin","UNCLASSIFIED","UNDECIDED","UNKNOWN"
"public","FUNCTION","gbt_ts_fetch(internal)","postgres","EXECUTE","NO","UNKNOWN_NOT_IN_PG_CATALOG","supabase_admin","UNCLASSIFIED","UNDECIDED","UNKNOWN"
"public","FUNCTION","gbt_ts_fetch(internal)","service_role","EXECUTE","NO","UNKNOWN_NOT_IN_PG_CATALOG","supabase_admin","UNCLASSIFIED","UNDECIDED","UNKNOWN"
"public","FUNCTION","gbt_ts_fetch(internal)","supabase_admin","EXECUTE","NO","UNKNOWN_NOT_IN_PG_CATALOG","supabase_admin","UNCLASSIFIED","UNDECIDED","UNKNOWN"
"public","FUNCTION","gbt_ts_penalty(internal,internal,internal)","PUBLIC","EXECUTE","NO","UNKNOWN_NOT_IN_PG_CATALOG","supabase_admin","UNCLASSIFIED","UNDECIDED","UNKNOWN"
"public","FUNCTION","gbt_ts_penalty(internal,internal,internal)","anon","EXECUTE","NO","UNKNOWN_NOT_IN_PG_CATALOG","supabase_admin","UNCLASSIFIED","UNDECIDED","UNKNOWN"
"public","FUNCTION","gbt_ts_penalty(internal,internal,internal)","authenticated","EXECUTE","NO","UNKNOWN_NOT_IN_PG_CATALOG","supabase_admin","UNCLASSIFIED","UNDECIDED","UNKNOWN"
"public","FUNCTION","gbt_ts_penalty(internal,internal,internal)","postgres","EXECUTE","NO","UNKNOWN_NOT_IN_PG_CATALOG","supabase_admin","UNCLASSIFIED","UNDECIDED","UNKNOWN"
"public","FUNCTION","gbt_ts_penalty(internal,internal,internal)","service_role","EXECUTE","NO","UNKNOWN_NOT_IN_PG_CATALOG","supabase_admin","UNCLASSIFIED","UNDECIDED","UNKNOWN"
"public","FUNCTION","gbt_ts_penalty(internal,internal,internal)","supabase_admin","EXECUTE","NO","UNKNOWN_NOT_IN_PG_CATALOG","supabase_admin","UNCLASSIFIED","UNDECIDED","UNKNOWN"
"public","FUNCTION","gbt_ts_picksplit(internal,internal)","PUBLIC","EXECUTE","NO","UNKNOWN_NOT_IN_PG_CATALOG","supabase_admin","UNCLASSIFIED","UNDECIDED","UNKNOWN"
"public","FUNCTION","gbt_ts_picksplit(internal,internal)","anon","EXECUTE","NO","UNKNOWN_NOT_IN_PG_CATALOG","supabase_admin","UNCLASSIFIED","UNDECIDED","UNKNOWN"
"public","FUNCTION","gbt_ts_picksplit(internal,internal)","authenticated","EXECUTE","NO","UNKNOWN_NOT_IN_PG_CATALOG","supabase_admin","UNCLASSIFIED","UNDECIDED","UNKNOWN"
"public","FUNCTION","gbt_ts_picksplit(internal,internal)","postgres","EXECUTE","NO","UNKNOWN_NOT_IN_PG_CATALOG","supabase_admin","UNCLASSIFIED","UNDECIDED","UNKNOWN"
"public","FUNCTION","gbt_ts_picksplit(internal,internal)","service_role","EXECUTE","NO","UNKNOWN_NOT_IN_PG_CATALOG","supabase_admin","UNCLASSIFIED","UNDECIDED","UNKNOWN"
"public","FUNCTION","gbt_ts_picksplit(internal,internal)","supabase_admin","EXECUTE","NO","UNKNOWN_NOT_IN_PG_CATALOG","supabase_admin","UNCLASSIFIED","UNDECIDED","UNKNOWN"
"public","FUNCTION","gbt_ts_same(gbtreekey16,gbtreekey16,internal)","PUBLIC","EXECUTE","NO","UNKNOWN_NOT_IN_PG_CATALOG","supabase_admin","UNCLASSIFIED","UNDECIDED","UNKNOWN"
"public","FUNCTION","gbt_ts_same(gbtreekey16,gbtreekey16,internal)","anon","EXECUTE","NO","UNKNOWN_NOT_IN_PG_CATALOG","supabase_admin","UNCLASSIFIED","UNDECIDED","UNKNOWN"
"public","FUNCTION","gbt_ts_same(gbtreekey16,gbtreekey16,internal)","authenticated","EXECUTE","NO","UNKNOWN_NOT_IN_PG_CATALOG","supabase_admin","UNCLASSIFIED","UNDECIDED","UNKNOWN"
"public","FUNCTION","gbt_ts_same(gbtreekey16,gbtreekey16,internal)","postgres","EXECUTE","NO","UNKNOWN_NOT_IN_PG_CATALOG","supabase_admin","UNCLASSIFIED","UNDECIDED","UNKNOWN"
"public","FUNCTION","gbt_ts_same(gbtreekey16,gbtreekey16,internal)","service_role","EXECUTE","NO","UNKNOWN_NOT_IN_PG_CATALOG","supabase_admin","UNCLASSIFIED","UNDECIDED","UNKNOWN"
"public","FUNCTION","gbt_ts_same(gbtreekey16,gbtreekey16,internal)","supabase_admin","EXECUTE","NO","UNKNOWN_NOT_IN_PG_CATALOG","supabase_admin","UNCLASSIFIED","UNDECIDED","UNKNOWN"
"public","FUNCTION","gbt_ts_union(internal,internal)","PUBLIC","EXECUTE","NO","UNKNOWN_NOT_IN_PG_CATALOG","supabase_admin","UNCLASSIFIED","UNDECIDED","UNKNOWN"
"public","FUNCTION","gbt_ts_union(internal,internal)","anon","EXECUTE","NO","UNKNOWN_NOT_IN_PG_CATALOG","supabase_admin","UNCLASSIFIED","UNDECIDED","UNKNOWN"
"public","FUNCTION","gbt_ts_union(internal,internal)","authenticated","EXECUTE","NO","UNKNOWN_NOT_IN_PG_CATALOG","supabase_admin","UNCLASSIFIED","UNDECIDED","UNKNOWN"
"public","FUNCTION","gbt_ts_union(internal,internal)","postgres","EXECUTE","NO","UNKNOWN_NOT_IN_PG_CATALOG","supabase_admin","UNCLASSIFIED","UNDECIDED","UNKNOWN"
"public","FUNCTION","gbt_ts_union(internal,internal)","service_role","EXECUTE","NO","UNKNOWN_NOT_IN_PG_CATALOG","supabase_admin","UNCLASSIFIED","UNDECIDED","UNKNOWN"
"public","FUNCTION","gbt_ts_union(internal,internal)","supabase_admin","EXECUTE","NO","UNKNOWN_NOT_IN_PG_CATALOG","supabase_admin","UNCLASSIFIED","UNDECIDED","UNKNOWN"
"public","FUNCTION","gbt_tstz_compress(internal)","PUBLIC","EXECUTE","NO","UNKNOWN_NOT_IN_PG_CATALOG","supabase_admin","UNCLASSIFIED","UNDECIDED","UNKNOWN"
"public","FUNCTION","gbt_tstz_compress(internal)","anon","EXECUTE","NO","UNKNOWN_NOT_IN_PG_CATALOG","supabase_admin","UNCLASSIFIED","UNDECIDED","UNKNOWN"
"public","FUNCTION","gbt_tstz_compress(internal)","authenticated","EXECUTE","NO","UNKNOWN_NOT_IN_PG_CATALOG","supabase_admin","UNCLASSIFIED","UNDECIDED","UNKNOWN"
"public","FUNCTION","gbt_tstz_compress(internal)","postgres","EXECUTE","NO","UNKNOWN_NOT_IN_PG_CATALOG","supabase_admin","UNCLASSIFIED","UNDECIDED","UNKNOWN"
"public","FUNCTION","gbt_tstz_compress(internal)","service_role","EXECUTE","NO","UNKNOWN_NOT_IN_PG_CATALOG","supabase_admin","UNCLASSIFIED","UNDECIDED","UNKNOWN"
"public","FUNCTION","gbt_tstz_compress(internal)","supabase_admin","EXECUTE","NO","UNKNOWN_NOT_IN_PG_CATALOG","supabase_admin","UNCLASSIFIED","UNDECIDED","UNKNOWN"
"public","FUNCTION","gbt_tstz_consistent(internal,timestamp with time zone,smallint,oid,internal)","PUBLIC","EXECUTE","NO","UNKNOWN_NOT_IN_PG_CATALOG","supabase_admin","UNCLASSIFIED","UNDECIDED","UNKNOWN"
"public","FUNCTION","gbt_tstz_consistent(internal,timestamp with time zone,smallint,oid,internal)","anon","EXECUTE","NO","UNKNOWN_NOT_IN_PG_CATALOG","supabase_admin","UNCLASSIFIED","UNDECIDED","UNKNOWN"
"public","FUNCTION","gbt_tstz_consistent(internal,timestamp with time zone,smallint,oid,internal)","authenticated","EXECUTE","NO","UNKNOWN_NOT_IN_PG_CATALOG","supabase_admin","UNCLASSIFIED","UNDECIDED","UNKNOWN"
"public","FUNCTION","gbt_tstz_consistent(internal,timestamp with time zone,smallint,oid,internal)","postgres","EXECUTE","NO","UNKNOWN_NOT_IN_PG_CATALOG","supabase_admin","UNCLASSIFIED","UNDECIDED","UNKNOWN"
"public","FUNCTION","gbt_tstz_consistent(internal,timestamp with time zone,smallint,oid,internal)","service_role","EXECUTE","NO","UNKNOWN_NOT_IN_PG_CATALOG","supabase_admin","UNCLASSIFIED","UNDECIDED","UNKNOWN"
"public","FUNCTION","gbt_tstz_consistent(internal,timestamp with time zone,smallint,oid,internal)","supabase_admin","EXECUTE","NO","UNKNOWN_NOT_IN_PG_CATALOG","supabase_admin","UNCLASSIFIED","UNDECIDED","UNKNOWN"
"public","FUNCTION","gbt_tstz_distance(internal,timestamp with time zone,smallint,oid,internal)","PUBLIC","EXECUTE","NO","UNKNOWN_NOT_IN_PG_CATALOG","supabase_admin","UNCLASSIFIED","UNDECIDED","UNKNOWN"
"public","FUNCTION","gbt_tstz_distance(internal,timestamp with time zone,smallint,oid,internal)","anon","EXECUTE","NO","UNKNOWN_NOT_IN_PG_CATALOG","supabase_admin","UNCLASSIFIED","UNDECIDED","UNKNOWN"
"public","FUNCTION","gbt_tstz_distance(internal,timestamp with time zone,smallint,oid,internal)","authenticated","EXECUTE","NO","UNKNOWN_NOT_IN_PG_CATALOG","supabase_admin","UNCLASSIFIED","UNDECIDED","UNKNOWN"
"public","FUNCTION","gbt_tstz_distance(internal,timestamp with time zone,smallint,oid,internal)","postgres","EXECUTE","NO","UNKNOWN_NOT_IN_PG_CATALOG","supabase_admin","UNCLASSIFIED","UNDECIDED","UNKNOWN"
"public","FUNCTION","gbt_tstz_distance(internal,timestamp with time zone,smallint,oid,internal)","service_role","EXECUTE","NO","UNKNOWN_NOT_IN_PG_CATALOG","supabase_admin","UNCLASSIFIED","UNDECIDED","UNKNOWN"
"public","FUNCTION","gbt_tstz_distance(internal,timestamp with time zone,smallint,oid,internal)","supabase_admin","EXECUTE","NO","UNKNOWN_NOT_IN_PG_CATALOG","supabase_admin","UNCLASSIFIED","UNDECIDED","UNKNOWN"
"public","FUNCTION","gbt_uuid_compress(internal)","PUBLIC","EXECUTE","NO","UNKNOWN_NOT_IN_PG_CATALOG","supabase_admin","UNCLASSIFIED","UNDECIDED","UNKNOWN"
"public","FUNCTION","gbt_uuid_compress(internal)","anon","EXECUTE","NO","UNKNOWN_NOT_IN_PG_CATALOG","supabase_admin","UNCLASSIFIED","UNDECIDED","UNKNOWN"
"public","FUNCTION","gbt_uuid_compress(internal)","authenticated","EXECUTE","NO","UNKNOWN_NOT_IN_PG_CATALOG","supabase_admin","UNCLASSIFIED","UNDECIDED","UNKNOWN"
"public","FUNCTION","gbt_uuid_compress(internal)","postgres","EXECUTE","NO","UNKNOWN_NOT_IN_PG_CATALOG","supabase_admin","UNCLASSIFIED","UNDECIDED","UNKNOWN"
"public","FUNCTION","gbt_uuid_compress(internal)","service_role","EXECUTE","NO","UNKNOWN_NOT_IN_PG_CATALOG","supabase_admin","UNCLASSIFIED","UNDECIDED","UNKNOWN"
"public","FUNCTION","gbt_uuid_compress(internal)","supabase_admin","EXECUTE","NO","UNKNOWN_NOT_IN_PG_CATALOG","supabase_admin","UNCLASSIFIED","UNDECIDED","UNKNOWN"
"public","FUNCTION","gbt_uuid_consistent(internal,uuid,smallint,oid,internal)","PUBLIC","EXECUTE","NO","UNKNOWN_NOT_IN_PG_CATALOG","supabase_admin","UNCLASSIFIED","UNDECIDED","UNKNOWN"
"public","FUNCTION","gbt_uuid_consistent(internal,uuid,smallint,oid,internal)","anon","EXECUTE","NO","UNKNOWN_NOT_IN_PG_CATALOG","supabase_admin","UNCLASSIFIED","UNDECIDED","UNKNOWN"
"public","FUNCTION","gbt_uuid_consistent(internal,uuid,smallint,oid,internal)","authenticated","EXECUTE","NO","UNKNOWN_NOT_IN_PG_CATALOG","supabase_admin","UNCLASSIFIED","UNDECIDED","UNKNOWN"
"public","FUNCTION","gbt_uuid_consistent(internal,uuid,smallint,oid,internal)","postgres","EXECUTE","NO","UNKNOWN_NOT_IN_PG_CATALOG","supabase_admin","UNCLASSIFIED","UNDECIDED","UNKNOWN"
"public","FUNCTION","gbt_uuid_consistent(internal,uuid,smallint,oid,internal)","service_role","EXECUTE","NO","UNKNOWN_NOT_IN_PG_CATALOG","supabase_admin","UNCLASSIFIED","UNDECIDED","UNKNOWN"
"public","FUNCTION","gbt_uuid_consistent(internal,uuid,smallint,oid,internal)","supabase_admin","EXECUTE","NO","UNKNOWN_NOT_IN_PG_CATALOG","supabase_admin","UNCLASSIFIED","UNDECIDED","UNKNOWN"
"public","FUNCTION","gbt_uuid_fetch(internal)","PUBLIC","EXECUTE","NO","UNKNOWN_NOT_IN_PG_CATALOG","supabase_admin","UNCLASSIFIED","UNDECIDED","UNKNOWN"
"public","FUNCTION","gbt_uuid_fetch(internal)","anon","EXECUTE","NO","UNKNOWN_NOT_IN_PG_CATALOG","supabase_admin","UNCLASSIFIED","UNDECIDED","UNKNOWN"
"public","FUNCTION","gbt_uuid_fetch(internal)","authenticated","EXECUTE","NO","UNKNOWN_NOT_IN_PG_CATALOG","supabase_admin","UNCLASSIFIED","UNDECIDED","UNKNOWN"
"public","FUNCTION","gbt_uuid_fetch(internal)","postgres","EXECUTE","NO","UNKNOWN_NOT_IN_PG_CATALOG","supabase_admin","UNCLASSIFIED","UNDECIDED","UNKNOWN"
"public","FUNCTION","gbt_uuid_fetch(internal)","service_role","EXECUTE","NO","UNKNOWN_NOT_IN_PG_CATALOG","supabase_admin","UNCLASSIFIED","UNDECIDED","UNKNOWN"
"public","FUNCTION","gbt_uuid_fetch(internal)","supabase_admin","EXECUTE","NO","UNKNOWN_NOT_IN_PG_CATALOG","supabase_admin","UNCLASSIFIED","UNDECIDED","UNKNOWN"
"public","FUNCTION","gbt_uuid_penalty(internal,internal,internal)","PUBLIC","EXECUTE","NO","UNKNOWN_NOT_IN_PG_CATALOG","supabase_admin","UNCLASSIFIED","UNDECIDED","UNKNOWN"
"public","FUNCTION","gbt_uuid_penalty(internal,internal,internal)","anon","EXECUTE","NO","UNKNOWN_NOT_IN_PG_CATALOG","supabase_admin","UNCLASSIFIED","UNDECIDED","UNKNOWN"
"public","FUNCTION","gbt_uuid_penalty(internal,internal,internal)","authenticated","EXECUTE","NO","UNKNOWN_NOT_IN_PG_CATALOG","supabase_admin","UNCLASSIFIED","UNDECIDED","UNKNOWN"
"public","FUNCTION","gbt_uuid_penalty(internal,internal,internal)","postgres","EXECUTE","NO","UNKNOWN_NOT_IN_PG_CATALOG","supabase_admin","UNCLASSIFIED","UNDECIDED","UNKNOWN"
"public","FUNCTION","gbt_uuid_penalty(internal,internal,internal)","service_role","EXECUTE","NO","UNKNOWN_NOT_IN_PG_CATALOG","supabase_admin","UNCLASSIFIED","UNDECIDED","UNKNOWN"
"public","FUNCTION","gbt_uuid_penalty(internal,internal,internal)","supabase_admin","EXECUTE","NO","UNKNOWN_NOT_IN_PG_CATALOG","supabase_admin","UNCLASSIFIED","UNDECIDED","UNKNOWN"
"public","FUNCTION","gbt_uuid_picksplit(internal,internal)","PUBLIC","EXECUTE","NO","UNKNOWN_NOT_IN_PG_CATALOG","supabase_admin","UNCLASSIFIED","UNDECIDED","UNKNOWN"
"public","FUNCTION","gbt_uuid_picksplit(internal,internal)","anon","EXECUTE","NO","UNKNOWN_NOT_IN_PG_CATALOG","supabase_admin","UNCLASSIFIED","UNDECIDED","UNKNOWN"
"public","FUNCTION","gbt_uuid_picksplit(internal,internal)","authenticated","EXECUTE","NO","UNKNOWN_NOT_IN_PG_CATALOG","supabase_admin","UNCLASSIFIED","UNDECIDED","UNKNOWN"
"public","FUNCTION","gbt_uuid_picksplit(internal,internal)","postgres","EXECUTE","NO","UNKNOWN_NOT_IN_PG_CATALOG","supabase_admin","UNCLASSIFIED","UNDECIDED","UNKNOWN"
"public","FUNCTION","gbt_uuid_picksplit(internal,internal)","service_role","EXECUTE","NO","UNKNOWN_NOT_IN_PG_CATALOG","supabase_admin","UNCLASSIFIED","UNDECIDED","UNKNOWN"
"public","FUNCTION","gbt_uuid_picksplit(internal,internal)","supabase_admin","EXECUTE","NO","UNKNOWN_NOT_IN_PG_CATALOG","supabase_admin","UNCLASSIFIED","UNDECIDED","UNKNOWN"
"public","FUNCTION","gbt_uuid_same(gbtreekey32,gbtreekey32,internal)","PUBLIC","EXECUTE","NO","UNKNOWN_NOT_IN_PG_CATALOG","supabase_admin","UNCLASSIFIED","UNDECIDED","UNKNOWN"
"public","FUNCTION","gbt_uuid_same(gbtreekey32,gbtreekey32,internal)","anon","EXECUTE","NO","UNKNOWN_NOT_IN_PG_CATALOG","supabase_admin","UNCLASSIFIED","UNDECIDED","UNKNOWN"
"public","FUNCTION","gbt_uuid_same(gbtreekey32,gbtreekey32,internal)","authenticated","EXECUTE","NO","UNKNOWN_NOT_IN_PG_CATALOG","supabase_admin","UNCLASSIFIED","UNDECIDED","UNKNOWN"
"public","FUNCTION","gbt_uuid_same(gbtreekey32,gbtreekey32,internal)","postgres","EXECUTE","NO","UNKNOWN_NOT_IN_PG_CATALOG","supabase_admin","UNCLASSIFIED","UNDECIDED","UNKNOWN"
"public","FUNCTION","gbt_uuid_same(gbtreekey32,gbtreekey32,internal)","service_role","EXECUTE","NO","UNKNOWN_NOT_IN_PG_CATALOG","supabase_admin","UNCLASSIFIED","UNDECIDED","UNKNOWN"
"public","FUNCTION","gbt_uuid_same(gbtreekey32,gbtreekey32,internal)","supabase_admin","EXECUTE","NO","UNKNOWN_NOT_IN_PG_CATALOG","supabase_admin","UNCLASSIFIED","UNDECIDED","UNKNOWN"
"public","FUNCTION","gbt_uuid_union(internal,internal)","PUBLIC","EXECUTE","NO","UNKNOWN_NOT_IN_PG_CATALOG","supabase_admin","UNCLASSIFIED","UNDECIDED","UNKNOWN"
"public","FUNCTION","gbt_uuid_union(internal,internal)","anon","EXECUTE","NO","UNKNOWN_NOT_IN_PG_CATALOG","supabase_admin","UNCLASSIFIED","UNDECIDED","UNKNOWN"
"public","FUNCTION","gbt_uuid_union(internal,internal)","authenticated","EXECUTE","NO","UNKNOWN_NOT_IN_PG_CATALOG","supabase_admin","UNCLASSIFIED","UNDECIDED","UNKNOWN"
"public","FUNCTION","gbt_uuid_union(internal,internal)","postgres","EXECUTE","NO","UNKNOWN_NOT_IN_PG_CATALOG","supabase_admin","UNCLASSIFIED","UNDECIDED","UNKNOWN"
"public","FUNCTION","gbt_uuid_union(internal,internal)","service_role","EXECUTE","NO","UNKNOWN_NOT_IN_PG_CATALOG","supabase_admin","UNCLASSIFIED","UNDECIDED","UNKNOWN"
"public","FUNCTION","gbt_uuid_union(internal,internal)","supabase_admin","EXECUTE","NO","UNKNOWN_NOT_IN_PG_CATALOG","supabase_admin","UNCLASSIFIED","UNDECIDED","UNKNOWN"
"public","FUNCTION","gbt_var_decompress(internal)","PUBLIC","EXECUTE","NO","UNKNOWN_NOT_IN_PG_CATALOG","supabase_admin","UNCLASSIFIED","UNDECIDED","UNKNOWN"
"public","FUNCTION","gbt_var_decompress(internal)","anon","EXECUTE","NO","UNKNOWN_NOT_IN_PG_CATALOG","supabase_admin","UNCLASSIFIED","UNDECIDED","UNKNOWN"
"public","FUNCTION","gbt_var_decompress(internal)","authenticated","EXECUTE","NO","UNKNOWN_NOT_IN_PG_CATALOG","supabase_admin","UNCLASSIFIED","UNDECIDED","UNKNOWN"
"public","FUNCTION","gbt_var_decompress(internal)","postgres","EXECUTE","NO","UNKNOWN_NOT_IN_PG_CATALOG","supabase_admin","UNCLASSIFIED","UNDECIDED","UNKNOWN"
"public","FUNCTION","gbt_var_decompress(internal)","service_role","EXECUTE","NO","UNKNOWN_NOT_IN_PG_CATALOG","supabase_admin","UNCLASSIFIED","UNDECIDED","UNKNOWN"
"public","FUNCTION","gbt_var_decompress(internal)","supabase_admin","EXECUTE","NO","UNKNOWN_NOT_IN_PG_CATALOG","supabase_admin","UNCLASSIFIED","UNDECIDED","UNKNOWN"
"public","FUNCTION","gbt_var_fetch(internal)","PUBLIC","EXECUTE","NO","UNKNOWN_NOT_IN_PG_CATALOG","supabase_admin","UNCLASSIFIED","UNDECIDED","UNKNOWN"
"public","FUNCTION","gbt_var_fetch(internal)","anon","EXECUTE","NO","UNKNOWN_NOT_IN_PG_CATALOG","supabase_admin","UNCLASSIFIED","UNDECIDED","UNKNOWN"
"public","FUNCTION","gbt_var_fetch(internal)","authenticated","EXECUTE","NO","UNKNOWN_NOT_IN_PG_CATALOG","supabase_admin","UNCLASSIFIED","UNDECIDED","UNKNOWN"
"public","FUNCTION","gbt_var_fetch(internal)","postgres","EXECUTE","NO","UNKNOWN_NOT_IN_PG_CATALOG","supabase_admin","UNCLASSIFIED","UNDECIDED","UNKNOWN"
"public","FUNCTION","gbt_var_fetch(internal)","service_role","EXECUTE","NO","UNKNOWN_NOT_IN_PG_CATALOG","supabase_admin","UNCLASSIFIED","UNDECIDED","UNKNOWN"
"public","FUNCTION","gbt_var_fetch(internal)","supabase_admin","EXECUTE","NO","UNKNOWN_NOT_IN_PG_CATALOG","supabase_admin","UNCLASSIFIED","UNDECIDED","UNKNOWN"
"public","FUNCTION","gbtreekey16_in(cstring)","PUBLIC","EXECUTE","NO","UNKNOWN_NOT_IN_PG_CATALOG","supabase_admin","UNCLASSIFIED","UNDECIDED","UNKNOWN"
"public","FUNCTION","gbtreekey16_in(cstring)","anon","EXECUTE","NO","UNKNOWN_NOT_IN_PG_CATALOG","supabase_admin","UNCLASSIFIED","UNDECIDED","UNKNOWN"
"public","FUNCTION","gbtreekey16_in(cstring)","authenticated","EXECUTE","NO","UNKNOWN_NOT_IN_PG_CATALOG","supabase_admin","UNCLASSIFIED","UNDECIDED","UNKNOWN"
"public","FUNCTION","gbtreekey16_in(cstring)","postgres","EXECUTE","NO","UNKNOWN_NOT_IN_PG_CATALOG","supabase_admin","UNCLASSIFIED","UNDECIDED","UNKNOWN"
"public","FUNCTION","gbtreekey16_in(cstring)","service_role","EXECUTE","NO","UNKNOWN_NOT_IN_PG_CATALOG","supabase_admin","UNCLASSIFIED","UNDECIDED","UNKNOWN"
"public","FUNCTION","gbtreekey16_in(cstring)","supabase_admin","EXECUTE","NO","UNKNOWN_NOT_IN_PG_CATALOG","supabase_admin","UNCLASSIFIED","UNDECIDED","UNKNOWN"
"public","FUNCTION","gbtreekey16_out(gbtreekey16)","PUBLIC","EXECUTE","NO","UNKNOWN_NOT_IN_PG_CATALOG","supabase_admin","UNCLASSIFIED","UNDECIDED","UNKNOWN"
"public","FUNCTION","gbtreekey16_out(gbtreekey16)","anon","EXECUTE","NO","UNKNOWN_NOT_IN_PG_CATALOG","supabase_admin","UNCLASSIFIED","UNDECIDED","UNKNOWN"
"public","FUNCTION","gbtreekey16_out(gbtreekey16)","authenticated","EXECUTE","NO","UNKNOWN_NOT_IN_PG_CATALOG","supabase_admin","UNCLASSIFIED","UNDECIDED","UNKNOWN"
"public","FUNCTION","gbtreekey16_out(gbtreekey16)","postgres","EXECUTE","NO","UNKNOWN_NOT_IN_PG_CATALOG","supabase_admin","UNCLASSIFIED","UNDECIDED","UNKNOWN"
"public","FUNCTION","gbtreekey16_out(gbtreekey16)","service_role","EXECUTE","NO","UNKNOWN_NOT_IN_PG_CATALOG","supabase_admin","UNCLASSIFIED","UNDECIDED","UNKNOWN"
"public","FUNCTION","gbtreekey16_out(gbtreekey16)","supabase_admin","EXECUTE","NO","UNKNOWN_NOT_IN_PG_CATALOG","supabase_admin","UNCLASSIFIED","UNDECIDED","UNKNOWN"
"public","FUNCTION","gbtreekey2_in(cstring)","PUBLIC","EXECUTE","NO","UNKNOWN_NOT_IN_PG_CATALOG","supabase_admin","UNCLASSIFIED","UNDECIDED","UNKNOWN"
"public","FUNCTION","gbtreekey2_in(cstring)","anon","EXECUTE","NO","UNKNOWN_NOT_IN_PG_CATALOG","supabase_admin","UNCLASSIFIED","UNDECIDED","UNKNOWN"
"public","FUNCTION","gbtreekey2_in(cstring)","authenticated","EXECUTE","NO","UNKNOWN_NOT_IN_PG_CATALOG","supabase_admin","UNCLASSIFIED","UNDECIDED","UNKNOWN"
"public","FUNCTION","gbtreekey2_in(cstring)","postgres","EXECUTE","NO","UNKNOWN_NOT_IN_PG_CATALOG","supabase_admin","UNCLASSIFIED","UNDECIDED","UNKNOWN"
"public","FUNCTION","gbtreekey2_in(cstring)","service_role","EXECUTE","NO","UNKNOWN_NOT_IN_PG_CATALOG","supabase_admin","UNCLASSIFIED","UNDECIDED","UNKNOWN"
"public","FUNCTION","gbtreekey2_in(cstring)","supabase_admin","EXECUTE","NO","UNKNOWN_NOT_IN_PG_CATALOG","supabase_admin","UNCLASSIFIED","UNDECIDED","UNKNOWN"
"public","FUNCTION","gbtreekey2_out(gbtreekey2)","PUBLIC","EXECUTE","NO","UNKNOWN_NOT_IN_PG_CATALOG","supabase_admin","UNCLASSIFIED","UNDECIDED","UNKNOWN"
"public","FUNCTION","gbtreekey2_out(gbtreekey2)","anon","EXECUTE","NO","UNKNOWN_NOT_IN_PG_CATALOG","supabase_admin","UNCLASSIFIED","UNDECIDED","UNKNOWN"
"public","FUNCTION","gbtreekey2_out(gbtreekey2)","authenticated","EXECUTE","NO","UNKNOWN_NOT_IN_PG_CATALOG","supabase_admin","UNCLASSIFIED","UNDECIDED","UNKNOWN"
"public","FUNCTION","gbtreekey2_out(gbtreekey2)","postgres","EXECUTE","NO","UNKNOWN_NOT_IN_PG_CATALOG","supabase_admin","UNCLASSIFIED","UNDECIDED","UNKNOWN"
"public","FUNCTION","gbtreekey2_out(gbtreekey2)","service_role","EXECUTE","NO","UNKNOWN_NOT_IN_PG_CATALOG","supabase_admin","UNCLASSIFIED","UNDECIDED","UNKNOWN"
"public","FUNCTION","gbtreekey2_out(gbtreekey2)","supabase_admin","EXECUTE","NO","UNKNOWN_NOT_IN_PG_CATALOG","supabase_admin","UNCLASSIFIED","UNDECIDED","UNKNOWN"
"public","FUNCTION","gbtreekey32_in(cstring)","PUBLIC","EXECUTE","NO","UNKNOWN_NOT_IN_PG_CATALOG","supabase_admin","UNCLASSIFIED","UNDECIDED","UNKNOWN"
"public","FUNCTION","gbtreekey32_in(cstring)","anon","EXECUTE","NO","UNKNOWN_NOT_IN_PG_CATALOG","supabase_admin","UNCLASSIFIED","UNDECIDED","UNKNOWN"
"public","FUNCTION","gbtreekey32_in(cstring)","authenticated","EXECUTE","NO","UNKNOWN_NOT_IN_PG_CATALOG","supabase_admin","UNCLASSIFIED","UNDECIDED","UNKNOWN"
"public","FUNCTION","gbtreekey32_in(cstring)","postgres","EXECUTE","NO","UNKNOWN_NOT_IN_PG_CATALOG","supabase_admin","UNCLASSIFIED","UNDECIDED","UNKNOWN"
"public","FUNCTION","gbtreekey32_in(cstring)","service_role","EXECUTE","NO","UNKNOWN_NOT_IN_PG_CATALOG","supabase_admin","UNCLASSIFIED","UNDECIDED","UNKNOWN"
"public","FUNCTION","gbtreekey32_in(cstring)","supabase_admin","EXECUTE","NO","UNKNOWN_NOT_IN_PG_CATALOG","supabase_admin","UNCLASSIFIED","UNDECIDED","UNKNOWN"
"public","FUNCTION","gbtreekey32_out(gbtreekey32)","PUBLIC","EXECUTE","NO","UNKNOWN_NOT_IN_PG_CATALOG","supabase_admin","UNCLASSIFIED","UNDECIDED","UNKNOWN"
"public","FUNCTION","gbtreekey32_out(gbtreekey32)","anon","EXECUTE","NO","UNKNOWN_NOT_IN_PG_CATALOG","supabase_admin","UNCLASSIFIED","UNDECIDED","UNKNOWN"
"public","FUNCTION","gbtreekey32_out(gbtreekey32)","authenticated","EXECUTE","NO","UNKNOWN_NOT_IN_PG_CATALOG","supabase_admin","UNCLASSIFIED","UNDECIDED","UNKNOWN"
"public","FUNCTION","gbtreekey32_out(gbtreekey32)","postgres","EXECUTE","NO","UNKNOWN_NOT_IN_PG_CATALOG","supabase_admin","UNCLASSIFIED","UNDECIDED","UNKNOWN"
"public","FUNCTION","gbtreekey32_out(gbtreekey32)","service_role","EXECUTE","NO","UNKNOWN_NOT_IN_PG_CATALOG","supabase_admin","UNCLASSIFIED","UNDECIDED","UNKNOWN"
"public","FUNCTION","gbtreekey32_out(gbtreekey32)","supabase_admin","EXECUTE","NO","UNKNOWN_NOT_IN_PG_CATALOG","supabase_admin","UNCLASSIFIED","UNDECIDED","UNKNOWN"
"public","FUNCTION","gbtreekey4_in(cstring)","PUBLIC","EXECUTE","NO","UNKNOWN_NOT_IN_PG_CATALOG","supabase_admin","UNCLASSIFIED","UNDECIDED","UNKNOWN"
"public","FUNCTION","gbtreekey4_in(cstring)","anon","EXECUTE","NO","UNKNOWN_NOT_IN_PG_CATALOG","supabase_admin","UNCLASSIFIED","UNDECIDED","UNKNOWN"
"public","FUNCTION","gbtreekey4_in(cstring)","authenticated","EXECUTE","NO","UNKNOWN_NOT_IN_PG_CATALOG","supabase_admin","UNCLASSIFIED","UNDECIDED","UNKNOWN"
"public","FUNCTION","gbtreekey4_in(cstring)","postgres","EXECUTE","NO","UNKNOWN_NOT_IN_PG_CATALOG","supabase_admin","UNCLASSIFIED","UNDECIDED","UNKNOWN"
"public","FUNCTION","gbtreekey4_in(cstring)","service_role","EXECUTE","NO","UNKNOWN_NOT_IN_PG_CATALOG","supabase_admin","UNCLASSIFIED","UNDECIDED","UNKNOWN"
"public","FUNCTION","gbtreekey4_in(cstring)","supabase_admin","EXECUTE","NO","UNKNOWN_NOT_IN_PG_CATALOG","supabase_admin","UNCLASSIFIED","UNDECIDED","UNKNOWN"
"public","FUNCTION","gbtreekey4_out(gbtreekey4)","PUBLIC","EXECUTE","NO","UNKNOWN_NOT_IN_PG_CATALOG","supabase_admin","UNCLASSIFIED","UNDECIDED","UNKNOWN"
"public","FUNCTION","gbtreekey4_out(gbtreekey4)","anon","EXECUTE","NO","UNKNOWN_NOT_IN_PG_CATALOG","supabase_admin","UNCLASSIFIED","UNDECIDED","UNKNOWN"
"public","FUNCTION","gbtreekey4_out(gbtreekey4)","authenticated","EXECUTE","NO","UNKNOWN_NOT_IN_PG_CATALOG","supabase_admin","UNCLASSIFIED","UNDECIDED","UNKNOWN"
"public","FUNCTION","gbtreekey4_out(gbtreekey4)","postgres","EXECUTE","NO","UNKNOWN_NOT_IN_PG_CATALOG","supabase_admin","UNCLASSIFIED","UNDECIDED","UNKNOWN"
"public","FUNCTION","gbtreekey4_out(gbtreekey4)","service_role","EXECUTE","NO","UNKNOWN_NOT_IN_PG_CATALOG","supabase_admin","UNCLASSIFIED","UNDECIDED","UNKNOWN"
"public","FUNCTION","gbtreekey4_out(gbtreekey4)","supabase_admin","EXECUTE","NO","UNKNOWN_NOT_IN_PG_CATALOG","supabase_admin","UNCLASSIFIED","UNDECIDED","UNKNOWN"
"public","FUNCTION","gbtreekey8_in(cstring)","PUBLIC","EXECUTE","NO","UNKNOWN_NOT_IN_PG_CATALOG","supabase_admin","UNCLASSIFIED","UNDECIDED","UNKNOWN"
"public","FUNCTION","gbtreekey8_in(cstring)","anon","EXECUTE","NO","UNKNOWN_NOT_IN_PG_CATALOG","supabase_admin","UNCLASSIFIED","UNDECIDED","UNKNOWN"
"public","FUNCTION","gbtreekey8_in(cstring)","authenticated","EXECUTE","NO","UNKNOWN_NOT_IN_PG_CATALOG","supabase_admin","UNCLASSIFIED","UNDECIDED","UNKNOWN"
"public","FUNCTION","gbtreekey8_in(cstring)","postgres","EXECUTE","NO","UNKNOWN_NOT_IN_PG_CATALOG","supabase_admin","UNCLASSIFIED","UNDECIDED","UNKNOWN"
"public","FUNCTION","gbtreekey8_in(cstring)","service_role","EXECUTE","NO","UNKNOWN_NOT_IN_PG_CATALOG","supabase_admin","UNCLASSIFIED","UNDECIDED","UNKNOWN"
"public","FUNCTION","gbtreekey8_in(cstring)","supabase_admin","EXECUTE","NO","UNKNOWN_NOT_IN_PG_CATALOG","supabase_admin","UNCLASSIFIED","UNDECIDED","UNKNOWN"
"public","FUNCTION","gbtreekey8_out(gbtreekey8)","PUBLIC","EXECUTE","NO","UNKNOWN_NOT_IN_PG_CATALOG","supabase_admin","UNCLASSIFIED","UNDECIDED","UNKNOWN"
"public","FUNCTION","gbtreekey8_out(gbtreekey8)","anon","EXECUTE","NO","UNKNOWN_NOT_IN_PG_CATALOG","supabase_admin","UNCLASSIFIED","UNDECIDED","UNKNOWN"
"public","FUNCTION","gbtreekey8_out(gbtreekey8)","authenticated","EXECUTE","NO","UNKNOWN_NOT_IN_PG_CATALOG","supabase_admin","UNCLASSIFIED","UNDECIDED","UNKNOWN"
"public","FUNCTION","gbtreekey8_out(gbtreekey8)","postgres","EXECUTE","NO","UNKNOWN_NOT_IN_PG_CATALOG","supabase_admin","UNCLASSIFIED","UNDECIDED","UNKNOWN"
"public","FUNCTION","gbtreekey8_out(gbtreekey8)","service_role","EXECUTE","NO","UNKNOWN_NOT_IN_PG_CATALOG","supabase_admin","UNCLASSIFIED","UNDECIDED","UNKNOWN"
"public","FUNCTION","gbtreekey8_out(gbtreekey8)","supabase_admin","EXECUTE","NO","UNKNOWN_NOT_IN_PG_CATALOG","supabase_admin","UNCLASSIFIED","UNDECIDED","UNKNOWN"
"public","FUNCTION","gbtreekey_var_in(cstring)","PUBLIC","EXECUTE","NO","UNKNOWN_NOT_IN_PG_CATALOG","supabase_admin","UNCLASSIFIED","UNDECIDED","UNKNOWN"
"public","FUNCTION","gbtreekey_var_in(cstring)","anon","EXECUTE","NO","UNKNOWN_NOT_IN_PG_CATALOG","supabase_admin","UNCLASSIFIED","UNDECIDED","UNKNOWN"
"public","FUNCTION","gbtreekey_var_in(cstring)","authenticated","EXECUTE","NO","UNKNOWN_NOT_IN_PG_CATALOG","supabase_admin","UNCLASSIFIED","UNDECIDED","UNKNOWN"
"public","FUNCTION","gbtreekey_var_in(cstring)","postgres","EXECUTE","NO","UNKNOWN_NOT_IN_PG_CATALOG","supabase_admin","UNCLASSIFIED","UNDECIDED","UNKNOWN"
"public","FUNCTION","gbtreekey_var_in(cstring)","service_role","EXECUTE","NO","UNKNOWN_NOT_IN_PG_CATALOG","supabase_admin","UNCLASSIFIED","UNDECIDED","UNKNOWN"
"public","FUNCTION","gbtreekey_var_in(cstring)","supabase_admin","EXECUTE","NO","UNKNOWN_NOT_IN_PG_CATALOG","supabase_admin","UNCLASSIFIED","UNDECIDED","UNKNOWN"
"public","FUNCTION","gbtreekey_var_out(gbtreekey_var)","PUBLIC","EXECUTE","NO","UNKNOWN_NOT_IN_PG_CATALOG","supabase_admin","UNCLASSIFIED","UNDECIDED","UNKNOWN"
"public","FUNCTION","gbtreekey_var_out(gbtreekey_var)","anon","EXECUTE","NO","UNKNOWN_NOT_IN_PG_CATALOG","supabase_admin","UNCLASSIFIED","UNDECIDED","UNKNOWN"
"public","FUNCTION","gbtreekey_var_out(gbtreekey_var)","authenticated","EXECUTE","NO","UNKNOWN_NOT_IN_PG_CATALOG","supabase_admin","UNCLASSIFIED","UNDECIDED","UNKNOWN"
"public","FUNCTION","gbtreekey_var_out(gbtreekey_var)","postgres","EXECUTE","NO","UNKNOWN_NOT_IN_PG_CATALOG","supabase_admin","UNCLASSIFIED","UNDECIDED","UNKNOWN"
"public","FUNCTION","gbtreekey_var_out(gbtreekey_var)","service_role","EXECUTE","NO","UNKNOWN_NOT_IN_PG_CATALOG","supabase_admin","UNCLASSIFIED","UNDECIDED","UNKNOWN"
"public","FUNCTION","gbtreekey_var_out(gbtreekey_var)","supabase_admin","EXECUTE","NO","UNKNOWN_NOT_IN_PG_CATALOG","supabase_admin","UNCLASSIFIED","UNDECIDED","UNKNOWN"
"public","FUNCTION","get_available_time_slots(uuid,date,integer,integer)","PUBLIC","EXECUTE","NO","UNKNOWN_NOT_IN_PG_CATALOG","postgres","UNCLASSIFIED","UNDECIDED","UNKNOWN"
"public","FUNCTION","get_available_time_slots(uuid,date,integer,integer)","anon","EXECUTE","NO","UNKNOWN_NOT_IN_PG_CATALOG","postgres","UNCLASSIFIED","UNDECIDED","UNKNOWN"
"public","FUNCTION","get_available_time_slots(uuid,date,integer,integer)","authenticated","EXECUTE","NO","UNKNOWN_NOT_IN_PG_CATALOG","postgres","UNCLASSIFIED","UNDECIDED","UNKNOWN"
"public","FUNCTION","get_available_time_slots(uuid,date,integer,integer)","postgres","EXECUTE","NO","UNKNOWN_NOT_IN_PG_CATALOG","postgres","UNCLASSIFIED","UNDECIDED","UNKNOWN"
"public","FUNCTION","get_available_time_slots(uuid,date,integer,integer)","service_role","EXECUTE","NO","UNKNOWN_NOT_IN_PG_CATALOG","postgres","UNCLASSIFIED","UNDECIDED","UNKNOWN"
"public","FUNCTION","get_clinic_settings(uuid,text)","postgres","EXECUTE","NO","UNKNOWN_NOT_IN_PG_CATALOG","postgres","UNCLASSIFIED","UNDECIDED","UNKNOWN"
"public","FUNCTION","get_clinic_settings(uuid,text)","service_role","EXECUTE","NO","UNKNOWN_NOT_IN_PG_CATALOG","postgres","UNCLASSIFIED","UNDECIDED","UNKNOWN"
"public","FUNCTION","get_current_clinic_id()","postgres","EXECUTE","NO","UNKNOWN_NOT_IN_PG_CATALOG","postgres","UNCLASSIFIED","UNDECIDED","UNKNOWN"
"public","FUNCTION","get_current_clinic_id()","service_role","EXECUTE","NO","UNKNOWN_NOT_IN_PG_CATALOG","postgres","UNCLASSIFIED","UNDECIDED","UNKNOWN"
"public","FUNCTION","get_current_role()","postgres","EXECUTE","NO","UNKNOWN_NOT_IN_PG_CATALOG","postgres","UNCLASSIFIED","UNDECIDED","UNKNOWN"
"public","FUNCTION","get_current_role()","service_role","EXECUTE","NO","UNKNOWN_NOT_IN_PG_CATALOG","postgres","UNCLASSIFIED","UNDECIDED","UNKNOWN"
"public","FUNCTION","get_hourly_revenue_pattern(uuid)","PUBLIC","EXECUTE","NO","UNKNOWN_NOT_IN_PG_CATALOG","postgres","UNCLASSIFIED","UNDECIDED","UNKNOWN"
"public","FUNCTION","get_hourly_revenue_pattern(uuid)","anon","EXECUTE","NO","UNKNOWN_NOT_IN_PG_CATALOG","postgres","UNCLASSIFIED","UNDECIDED","UNKNOWN"
"public","FUNCTION","get_hourly_revenue_pattern(uuid)","authenticated","EXECUTE","NO","UNKNOWN_NOT_IN_PG_CATALOG","postgres","UNCLASSIFIED","UNDECIDED","UNKNOWN"
"public","FUNCTION","get_hourly_revenue_pattern(uuid)","postgres","EXECUTE","NO","UNKNOWN_NOT_IN_PG_CATALOG","postgres","UNCLASSIFIED","UNDECIDED","UNKNOWN"
"public","FUNCTION","get_hourly_revenue_pattern(uuid)","service_role","EXECUTE","NO","UNKNOWN_NOT_IN_PG_CATALOG","postgres","UNCLASSIFIED","UNDECIDED","UNKNOWN"
"public","FUNCTION","get_hourly_visit_pattern(uuid)","postgres","EXECUTE","NO","UNKNOWN_NOT_IN_PG_CATALOG","postgres","UNCLASSIFIED","UNDECIDED","UNKNOWN"
"public","FUNCTION","get_hourly_visit_pattern(uuid)","service_role","EXECUTE","NO","UNKNOWN_NOT_IN_PG_CATALOG","postgres","UNCLASSIFIED","UNDECIDED","UNKNOWN"
"public","FUNCTION","get_invite_by_token(uuid)","postgres","EXECUTE","NO","UNKNOWN_NOT_IN_PG_CATALOG","postgres","UNCLASSIFIED","UNDECIDED","UNKNOWN"
"public","FUNCTION","get_invite_by_token(uuid)","service_role","EXECUTE","NO","UNKNOWN_NOT_IN_PG_CATALOG","postgres","UNCLASSIFIED","UNDECIDED","UNKNOWN"
"public","FUNCTION","get_line_public_booking_context(uuid)","postgres","EXECUTE","NO","UNKNOWN_NOT_IN_PG_CATALOG","postgres","UNCLASSIFIED","UNDECIDED","UNKNOWN"
"public","FUNCTION","get_line_public_booking_context(uuid)","service_role","EXECUTE","NO","UNKNOWN_NOT_IN_PG_CATALOG","postgres","UNCLASSIFIED","UNDECIDED","UNKNOWN"
"public","FUNCTION","get_sibling_clinic_ids(uuid)","postgres","EXECUTE","NO","UNKNOWN_NOT_IN_PG_CATALOG","postgres","UNCLASSIFIED","UNDECIDED","UNKNOWN"
"public","FUNCTION","get_sibling_clinic_ids(uuid)","service_role","EXECUTE","NO","UNKNOWN_NOT_IN_PG_CATALOG","postgres","UNCLASSIFIED","UNDECIDED","UNKNOWN"
"public","FUNCTION","initialize_customer_line_generation()","postgres","EXECUTE","NO","UNKNOWN_NOT_IN_PG_CATALOG","postgres","UNCLASSIFIED","UNDECIDED","UNKNOWN"
"public","FUNCTION","initialize_customer_line_generation()","service_role","EXECUTE","NO","UNKNOWN_NOT_IN_PG_CATALOG","postgres","UNCLASSIFIED","UNDECIDED","UNKNOWN"
"public","FUNCTION","initialize_line_credential_generation()","postgres","EXECUTE","NO","UNKNOWN_NOT_IN_PG_CATALOG","postgres","UNCLASSIFIED","UNDECIDED","UNKNOWN"
"public","FUNCTION","initialize_line_credential_generation()","service_role","EXECUTE","NO","UNKNOWN_NOT_IN_PG_CATALOG","postgres","UNCLASSIFIED","UNDECIDED","UNKNOWN"
"public","FUNCTION","initialize_line_message_outbox_generation()","postgres","EXECUTE","NO","UNKNOWN_NOT_IN_PG_CATALOG","postgres","UNCLASSIFIED","UNDECIDED","UNKNOWN"
"public","FUNCTION","initialize_line_message_outbox_generation()","service_role","EXECUTE","NO","UNKNOWN_NOT_IN_PG_CATALOG","postgres","UNCLASSIFIED","UNDECIDED","UNKNOWN"
"public","FUNCTION","int2_dist(smallint,smallint)","PUBLIC","EXECUTE","NO","UNKNOWN_NOT_IN_PG_CATALOG","supabase_admin","UNCLASSIFIED","UNDECIDED","UNKNOWN"
"public","FUNCTION","int2_dist(smallint,smallint)","anon","EXECUTE","NO","UNKNOWN_NOT_IN_PG_CATALOG","supabase_admin","UNCLASSIFIED","UNDECIDED","UNKNOWN"
"public","FUNCTION","int2_dist(smallint,smallint)","authenticated","EXECUTE","NO","UNKNOWN_NOT_IN_PG_CATALOG","supabase_admin","UNCLASSIFIED","UNDECIDED","UNKNOWN"
"public","FUNCTION","int2_dist(smallint,smallint)","postgres","EXECUTE","NO","UNKNOWN_NOT_IN_PG_CATALOG","supabase_admin","UNCLASSIFIED","UNDECIDED","UNKNOWN"
"public","FUNCTION","int2_dist(smallint,smallint)","service_role","EXECUTE","NO","UNKNOWN_NOT_IN_PG_CATALOG","supabase_admin","UNCLASSIFIED","UNDECIDED","UNKNOWN"
"public","FUNCTION","int2_dist(smallint,smallint)","supabase_admin","EXECUTE","NO","UNKNOWN_NOT_IN_PG_CATALOG","supabase_admin","UNCLASSIFIED","UNDECIDED","UNKNOWN"
"public","FUNCTION","int4_dist(integer,integer)","PUBLIC","EXECUTE","NO","UNKNOWN_NOT_IN_PG_CATALOG","supabase_admin","UNCLASSIFIED","UNDECIDED","UNKNOWN"
"public","FUNCTION","int4_dist(integer,integer)","anon","EXECUTE","NO","UNKNOWN_NOT_IN_PG_CATALOG","supabase_admin","UNCLASSIFIED","UNDECIDED","UNKNOWN"
"public","FUNCTION","int4_dist(integer,integer)","authenticated","EXECUTE","NO","UNKNOWN_NOT_IN_PG_CATALOG","supabase_admin","UNCLASSIFIED","UNDECIDED","UNKNOWN"
"public","FUNCTION","int4_dist(integer,integer)","postgres","EXECUTE","NO","UNKNOWN_NOT_IN_PG_CATALOG","supabase_admin","UNCLASSIFIED","UNDECIDED","UNKNOWN"
"public","FUNCTION","int4_dist(integer,integer)","service_role","EXECUTE","NO","UNKNOWN_NOT_IN_PG_CATALOG","supabase_admin","UNCLASSIFIED","UNDECIDED","UNKNOWN"
"public","FUNCTION","int4_dist(integer,integer)","supabase_admin","EXECUTE","NO","UNKNOWN_NOT_IN_PG_CATALOG","supabase_admin","UNCLASSIFIED","UNDECIDED","UNKNOWN"
"public","FUNCTION","int8_dist(bigint,bigint)","PUBLIC","EXECUTE","NO","UNKNOWN_NOT_IN_PG_CATALOG","supabase_admin","UNCLASSIFIED","UNDECIDED","UNKNOWN"
"public","FUNCTION","int8_dist(bigint,bigint)","anon","EXECUTE","NO","UNKNOWN_NOT_IN_PG_CATALOG","supabase_admin","UNCLASSIFIED","UNDECIDED","UNKNOWN"
"public","FUNCTION","int8_dist(bigint,bigint)","authenticated","EXECUTE","NO","UNKNOWN_NOT_IN_PG_CATALOG","supabase_admin","UNCLASSIFIED","UNDECIDED","UNKNOWN"
"public","FUNCTION","int8_dist(bigint,bigint)","postgres","EXECUTE","NO","UNKNOWN_NOT_IN_PG_CATALOG","supabase_admin","UNCLASSIFIED","UNDECIDED","UNKNOWN"
"public","FUNCTION","int8_dist(bigint,bigint)","service_role","EXECUTE","NO","UNKNOWN_NOT_IN_PG_CATALOG","supabase_admin","UNCLASSIFIED","UNDECIDED","UNKNOWN"
"public","FUNCTION","int8_dist(bigint,bigint)","supabase_admin","EXECUTE","NO","UNKNOWN_NOT_IN_PG_CATALOG","supabase_admin","UNCLASSIFIED","UNDECIDED","UNKNOWN"
"public","FUNCTION","interval_dist(interval,interval)","PUBLIC","EXECUTE","NO","UNKNOWN_NOT_IN_PG_CATALOG","supabase_admin","UNCLASSIFIED","UNDECIDED","UNKNOWN"
"public","FUNCTION","interval_dist(interval,interval)","anon","EXECUTE","NO","UNKNOWN_NOT_IN_PG_CATALOG","supabase_admin","UNCLASSIFIED","UNDECIDED","UNKNOWN"
"public","FUNCTION","interval_dist(interval,interval)","authenticated","EXECUTE","NO","UNKNOWN_NOT_IN_PG_CATALOG","supabase_admin","UNCLASSIFIED","UNDECIDED","UNKNOWN"
"public","FUNCTION","interval_dist(interval,interval)","postgres","EXECUTE","NO","UNKNOWN_NOT_IN_PG_CATALOG","supabase_admin","UNCLASSIFIED","UNDECIDED","UNKNOWN"
"public","FUNCTION","interval_dist(interval,interval)","service_role","EXECUTE","NO","UNKNOWN_NOT_IN_PG_CATALOG","supabase_admin","UNCLASSIFIED","UNDECIDED","UNKNOWN"
"public","FUNCTION","interval_dist(interval,interval)","supabase_admin","EXECUTE","NO","UNKNOWN_NOT_IN_PG_CATALOG","supabase_admin","UNCLASSIFIED","UNDECIDED","UNKNOWN"
"public","FUNCTION","is_admin()","postgres","EXECUTE","NO","UNKNOWN_NOT_IN_PG_CATALOG","postgres","UNCLASSIFIED","UNDECIDED","UNKNOWN"
"public","FUNCTION","is_admin()","service_role","EXECUTE","NO","UNKNOWN_NOT_IN_PG_CATALOG","postgres","UNCLASSIFIED","UNDECIDED","UNKNOWN"
"public","FUNCTION","jwt_clinic_id()","postgres","EXECUTE","NO","UNKNOWN_NOT_IN_PG_CATALOG","postgres","UNCLASSIFIED","UNDECIDED","UNKNOWN"
"public","FUNCTION","jwt_clinic_id()","service_role","EXECUTE","NO","UNKNOWN_NOT_IN_PG_CATALOG","postgres","UNCLASSIFIED","UNDECIDED","UNKNOWN"
"public","FUNCTION","jwt_is_admin()","postgres","EXECUTE","NO","UNKNOWN_NOT_IN_PG_CATALOG","postgres","UNCLASSIFIED","UNDECIDED","UNKNOWN"
"public","FUNCTION","jwt_is_admin()","service_role","EXECUTE","NO","UNKNOWN_NOT_IN_PG_CATALOG","postgres","UNCLASSIFIED","UNDECIDED","UNKNOWN"
"public","FUNCTION","list_authorized_line_chat_messages(uuid,uuid,uuid)","postgres","EXECUTE","NO","UNKNOWN_NOT_IN_PG_CATALOG","postgres","UNCLASSIFIED","UNDECIDED","UNKNOWN"
"public","FUNCTION","list_authorized_line_chat_messages(uuid,uuid,uuid)","service_role","EXECUTE","NO","UNKNOWN_NOT_IN_PG_CATALOG","postgres","UNCLASSIFIED","UNDECIDED","UNKNOWN"
"public","FUNCTION","list_line_chat_delivery_clinics(integer)","postgres","EXECUTE","NO","UNKNOWN_NOT_IN_PG_CATALOG","postgres","UNCLASSIFIED","UNDECIDED","UNKNOWN"
"public","FUNCTION","list_line_chat_delivery_clinics(integer)","service_role","EXECUTE","NO","UNKNOWN_NOT_IN_PG_CATALOG","postgres","UNCLASSIFIED","UNDECIDED","UNKNOWN"
"public","FUNCTION","log_reservation_created()","postgres","EXECUTE","NO","UNKNOWN_NOT_IN_PG_CATALOG","postgres","UNCLASSIFIED","UNDECIDED","UNKNOWN"
"public","FUNCTION","log_reservation_created()","service_role","EXECUTE","NO","UNKNOWN_NOT_IN_PG_CATALOG","postgres","UNCLASSIFIED","UNDECIDED","UNKNOWN"
"public","FUNCTION","log_reservation_deleted()","postgres","EXECUTE","NO","UNKNOWN_NOT_IN_PG_CATALOG","postgres","UNCLASSIFIED","UNDECIDED","UNKNOWN"
"public","FUNCTION","log_reservation_deleted()","service_role","EXECUTE","NO","UNKNOWN_NOT_IN_PG_CATALOG","postgres","UNCLASSIFIED","UNDECIDED","UNKNOWN"
"public","FUNCTION","log_reservation_updated()","postgres","EXECUTE","NO","UNKNOWN_NOT_IN_PG_CATALOG","postgres","UNCLASSIFIED","UNDECIDED","UNKNOWN"
"public","FUNCTION","log_reservation_updated()","service_role","EXECUTE","NO","UNKNOWN_NOT_IN_PG_CATALOG","postgres","UNCLASSIFIED","UNDECIDED","UNKNOWN"
"public","FUNCTION","manager_patient_period_series(uuid[],timestamp with time zone,timestamp with time zone,text)","postgres","EXECUTE","NO","UNKNOWN_NOT_IN_PG_CATALOG","postgres","UNCLASSIFIED","UNDECIDED","UNKNOWN"
"public","FUNCTION","manager_patient_period_series(uuid[],timestamp with time zone,timestamp with time zone,text)","service_role","EXECUTE","NO","UNKNOWN_NOT_IN_PG_CATALOG","postgres","UNCLASSIFIED","UNDECIDED","UNKNOWN"
"public","FUNCTION","manager_patient_period_totals(uuid[],timestamp with time zone,timestamp with time zone)","postgres","EXECUTE","NO","UNKNOWN_NOT_IN_PG_CATALOG","postgres","UNCLASSIFIED","UNDECIDED","UNKNOWN"
"public","FUNCTION","manager_patient_period_totals(uuid[],timestamp with time zone,timestamp with time zone)","service_role","EXECUTE","NO","UNKNOWN_NOT_IN_PG_CATALOG","postgres","UNCLASSIFIED","UNDECIDED","UNKNOWN"
"public","FUNCTION","manager_revenue_context_breakdown(uuid[],date,date)","postgres","EXECUTE","NO","UNKNOWN_NOT_IN_PG_CATALOG","postgres","UNCLASSIFIED","UNDECIDED","UNKNOWN"
"public","FUNCTION","manager_revenue_context_breakdown(uuid[],date,date)","service_role","EXECUTE","NO","UNKNOWN_NOT_IN_PG_CATALOG","postgres","UNCLASSIFIED","UNDECIDED","UNKNOWN"
"public","FUNCTION","manager_revenue_period_series(uuid[],date,date,text)","postgres","EXECUTE","NO","UNKNOWN_NOT_IN_PG_CATALOG","postgres","UNCLASSIFIED","UNDECIDED","UNKNOWN"
"public","FUNCTION","manager_revenue_period_series(uuid[],date,date,text)","service_role","EXECUTE","NO","UNKNOWN_NOT_IN_PG_CATALOG","postgres","UNCLASSIFIED","UNDECIDED","UNKNOWN"
"public","FUNCTION","manager_revenue_period_totals(uuid[],date,date)","postgres","EXECUTE","NO","UNKNOWN_NOT_IN_PG_CATALOG","postgres","UNCLASSIFIED","UNDECIDED","UNKNOWN"
"public","FUNCTION","manager_revenue_period_totals(uuid[],date,date)","service_role","EXECUTE","NO","UNKNOWN_NOT_IN_PG_CATALOG","postgres","UNCLASSIFIED","UNDECIDED","UNKNOWN"
"public","FUNCTION","normalize_customer_phone(text)","PUBLIC","EXECUTE","NO","UNKNOWN_NOT_IN_PG_CATALOG","postgres","UNCLASSIFIED","UNDECIDED","UNKNOWN"
"public","FUNCTION","normalize_customer_phone(text)","anon","EXECUTE","NO","UNKNOWN_NOT_IN_PG_CATALOG","postgres","UNCLASSIFIED","UNDECIDED","UNKNOWN"
"public","FUNCTION","normalize_customer_phone(text)","authenticated","EXECUTE","NO","UNKNOWN_NOT_IN_PG_CATALOG","postgres","UNCLASSIFIED","UNDECIDED","UNKNOWN"
"public","FUNCTION","normalize_customer_phone(text)","postgres","EXECUTE","NO","UNKNOWN_NOT_IN_PG_CATALOG","postgres","UNCLASSIFIED","UNDECIDED","UNKNOWN"
"public","FUNCTION","normalize_customer_phone(text)","service_role","EXECUTE","NO","UNKNOWN_NOT_IN_PG_CATALOG","postgres","UNCLASSIFIED","UNDECIDED","UNKNOWN"
"public","FUNCTION","oid_dist(oid,oid)","PUBLIC","EXECUTE","NO","UNKNOWN_NOT_IN_PG_CATALOG","supabase_admin","UNCLASSIFIED","UNDECIDED","UNKNOWN"
"public","FUNCTION","oid_dist(oid,oid)","anon","EXECUTE","NO","UNKNOWN_NOT_IN_PG_CATALOG","supabase_admin","UNCLASSIFIED","UNDECIDED","UNKNOWN"
"public","FUNCTION","oid_dist(oid,oid)","authenticated","EXECUTE","NO","UNKNOWN_NOT_IN_PG_CATALOG","supabase_admin","UNCLASSIFIED","UNDECIDED","UNKNOWN"
"public","FUNCTION","oid_dist(oid,oid)","postgres","EXECUTE","NO","UNKNOWN_NOT_IN_PG_CATALOG","supabase_admin","UNCLASSIFIED","UNDECIDED","UNKNOWN"
"public","FUNCTION","oid_dist(oid,oid)","service_role","EXECUTE","NO","UNKNOWN_NOT_IN_PG_CATALOG","supabase_admin","UNCLASSIFIED","UNDECIDED","UNKNOWN"
"public","FUNCTION","oid_dist(oid,oid)","supabase_admin","EXECUTE","NO","UNKNOWN_NOT_IN_PG_CATALOG","supabase_admin","UNCLASSIFIED","UNDECIDED","UNKNOWN"
"public","FUNCTION","predict_revenue(uuid,integer)","PUBLIC","EXECUTE","NO","UNKNOWN_NOT_IN_PG_CATALOG","postgres","UNCLASSIFIED","UNDECIDED","UNKNOWN"
"public","FUNCTION","predict_revenue(uuid,integer)","anon","EXECUTE","NO","UNKNOWN_NOT_IN_PG_CATALOG","postgres","UNCLASSIFIED","UNDECIDED","UNKNOWN"
"public","FUNCTION","predict_revenue(uuid,integer)","authenticated","EXECUTE","NO","UNKNOWN_NOT_IN_PG_CATALOG","postgres","UNCLASSIFIED","UNDECIDED","UNKNOWN"
"public","FUNCTION","predict_revenue(uuid,integer)","postgres","EXECUTE","NO","UNKNOWN_NOT_IN_PG_CATALOG","postgres","UNCLASSIFIED","UNDECIDED","UNKNOWN"
"public","FUNCTION","predict_revenue(uuid,integer)","service_role","EXECUTE","NO","UNKNOWN_NOT_IN_PG_CATALOG","postgres","UNCLASSIFIED","UNDECIDED","UNKNOWN"
"public","FUNCTION","process_line_webhook_delivery(uuid,uuid,jsonb)","postgres","EXECUTE","NO","UNKNOWN_NOT_IN_PG_CATALOG","postgres","UNCLASSIFIED","UNDECIDED","UNKNOWN"
"public","FUNCTION","process_line_webhook_delivery(uuid,uuid,jsonb)","service_role","EXECUTE","NO","UNKNOWN_NOT_IN_PG_CATALOG","postgres","UNCLASSIFIED","UNDECIDED","UNKNOWN"
"public","FUNCTION","protect_customer_line_identity()","postgres","EXECUTE","NO","UNKNOWN_NOT_IN_PG_CATALOG","postgres","UNCLASSIFIED","UNDECIDED","UNKNOWN"
"public","FUNCTION","protect_customer_line_identity()","service_role","EXECUTE","NO","UNKNOWN_NOT_IN_PG_CATALOG","postgres","UNCLASSIFIED","UNDECIDED","UNKNOWN"
"public","FUNCTION","protect_insurance_fee_schedule_revision()","postgres","EXECUTE","NO","UNKNOWN_NOT_IN_PG_CATALOG","postgres","UNCLASSIFIED","UNDECIDED","UNKNOWN"
"public","FUNCTION","protect_insurance_fee_schedule_revision()","service_role","EXECUTE","NO","UNKNOWN_NOT_IN_PG_CATALOG","postgres","UNCLASSIFIED","UNDECIDED","UNKNOWN"
"public","FUNCTION","purge_expired_line_chat_data(uuid)","postgres","EXECUTE","NO","UNKNOWN_NOT_IN_PG_CATALOG","postgres","UNCLASSIFIED","UNDECIDED","UNKNOWN"
"public","FUNCTION","purge_expired_line_chat_data(uuid)","service_role","EXECUTE","NO","UNKNOWN_NOT_IN_PG_CATALOG","postgres","UNCLASSIFIED","UNDECIDED","UNKNOWN"
"public","FUNCTION","quarantine_unverified_line_notification_history()","postgres","EXECUTE","NO","UNKNOWN_NOT_IN_PG_CATALOG","postgres","UNCLASSIFIED","UNDECIDED","UNKNOWN"
"public","FUNCTION","quarantine_unverified_line_notification_history()","service_role","EXECUTE","NO","UNKNOWN_NOT_IN_PG_CATALOG","postgres","UNCLASSIFIED","UNDECIDED","UNKNOWN"
"public","FUNCTION","recalculate_daily_report_totals(uuid)","postgres","EXECUTE","NO","UNKNOWN_NOT_IN_PG_CATALOG","postgres","UNCLASSIFIED","UNDECIDED","UNKNOWN"
"public","FUNCTION","recalculate_daily_report_totals(uuid)","service_role","EXECUTE","NO","UNKNOWN_NOT_IN_PG_CATALOG","postgres","UNCLASSIFIED","UNDECIDED","UNKNOWN"
"public","FUNCTION","refresh_daily_stats()","postgres","EXECUTE","NO","UNKNOWN_NOT_IN_PG_CATALOG","postgres","UNCLASSIFIED","UNDECIDED","UNKNOWN"
"public","FUNCTION","refresh_daily_stats()","service_role","EXECUTE","NO","UNKNOWN_NOT_IN_PG_CATALOG","postgres","UNCLASSIFIED","UNDECIDED","UNKNOWN"
"public","FUNCTION","reject_overlapping_confirmed_customer_coverage()","postgres","EXECUTE","NO","UNKNOWN_NOT_IN_PG_CATALOG","postgres","UNCLASSIFIED","UNDECIDED","UNKNOWN"
"public","FUNCTION","reject_overlapping_confirmed_customer_coverage()","service_role","EXECUTE","NO","UNKNOWN_NOT_IN_PG_CATALOG","postgres","UNCLASSIFIED","UNDECIDED","UNKNOWN"
"public","FUNCTION","release_line_setup_verification_claim(uuid,uuid,uuid)","postgres","EXECUTE","NO","UNKNOWN_NOT_IN_PG_CATALOG","postgres","UNCLASSIFIED","UNDECIDED","UNKNOWN"
"public","FUNCTION","release_line_setup_verification_claim(uuid,uuid,uuid)","service_role","EXECUTE","NO","UNKNOWN_NOT_IN_PG_CATALOG","postgres","UNCLASSIFIED","UNDECIDED","UNKNOWN"
"public","FUNCTION","relink_line_contact_generation(uuid,uuid,text,uuid)","postgres","EXECUTE","NO","UNKNOWN_NOT_IN_PG_CATALOG","postgres","UNCLASSIFIED","UNDECIDED","UNKNOWN"
"public","FUNCTION","relink_line_contact_generation(uuid,uuid,text,uuid)","service_role","EXECUTE","NO","UNKNOWN_NOT_IN_PG_CATALOG","postgres","UNCLASSIFIED","UNDECIDED","UNKNOWN"
"public","FUNCTION","renew_line_chat_outbox_claim(uuid,uuid,uuid)","postgres","EXECUTE","NO","UNKNOWN_NOT_IN_PG_CATALOG","postgres","UNCLASSIFIED","UNDECIDED","UNKNOWN"
"public","FUNCTION","renew_line_chat_outbox_claim(uuid,uuid,uuid)","service_role","EXECUTE","NO","UNKNOWN_NOT_IN_PG_CATALOG","postgres","UNCLASSIFIED","UNDECIDED","UNKNOWN"
"public","FUNCTION","renew_line_notification_claim(uuid,uuid,uuid)","postgres","EXECUTE","NO","UNKNOWN_NOT_IN_PG_CATALOG","postgres","UNCLASSIFIED","UNDECIDED","UNKNOWN"
"public","FUNCTION","renew_line_notification_claim(uuid,uuid,uuid)","service_role","EXECUTE","NO","UNKNOWN_NOT_IN_PG_CATALOG","postgres","UNCLASSIFIED","UNDECIDED","UNKNOWN"
"public","FUNCTION","replace_manager_clinic_assignments(uuid,uuid[],text,uuid)","postgres","EXECUTE","NO","UNKNOWN_NOT_IN_PG_CATALOG","postgres","UNCLASSIFIED","UNDECIDED","UNKNOWN"
"public","FUNCTION","replace_manager_clinic_assignments(uuid,uuid[],text,uuid)","service_role","EXECUTE","NO","UNKNOWN_NOT_IN_PG_CATALOG","postgres","UNCLASSIFIED","UNDECIDED","UNKNOWN"
"public","FUNCTION","replace_manager_clinic_assignments(uuid,uuid[],text,uuid,uuid)","postgres","EXECUTE","NO","UNKNOWN_NOT_IN_PG_CATALOG","postgres","UNCLASSIFIED","UNDECIDED","UNKNOWN"
"public","FUNCTION","replace_manager_clinic_assignments(uuid,uuid[],text,uuid,uuid)","service_role","EXECUTE","NO","UNKNOWN_NOT_IN_PG_CATALOG","postgres","UNCLASSIFIED","UNDECIDED","UNKNOWN"
"public","FUNCTION","rotate_line_credential_generation(uuid,uuid,uuid,jsonb,uuid)","postgres","EXECUTE","NO","UNKNOWN_NOT_IN_PG_CATALOG","postgres","UNCLASSIFIED","UNDECIDED","UNKNOWN"
"public","FUNCTION","rotate_line_credential_generation(uuid,uuid,uuid,jsonb,uuid)","service_role","EXECUTE","NO","UNKNOWN_NOT_IN_PG_CATALOG","postgres","UNCLASSIFIED","UNDECIDED","UNKNOWN"
"public","FUNCTION","run_line_chat_cleanup_if_due()","postgres","EXECUTE","NO","UNKNOWN_NOT_IN_PG_CATALOG","postgres","UNCLASSIFIED","UNDECIDED","UNKNOWN"
"public","FUNCTION","run_line_chat_cleanup_if_due()","service_role","EXECUTE","NO","UNKNOWN_NOT_IN_PG_CATALOG","postgres","UNCLASSIFIED","UNDECIDED","UNKNOWN"
"public","FUNCTION","set_updated_at()","PUBLIC","EXECUTE","NO","UNKNOWN_NOT_IN_PG_CATALOG","postgres","UNCLASSIFIED","UNDECIDED","UNKNOWN"
"public","FUNCTION","set_updated_at()","anon","EXECUTE","NO","UNKNOWN_NOT_IN_PG_CATALOG","postgres","UNCLASSIFIED","UNDECIDED","UNKNOWN"
"public","FUNCTION","set_updated_at()","authenticated","EXECUTE","NO","UNKNOWN_NOT_IN_PG_CATALOG","postgres","UNCLASSIFIED","UNDECIDED","UNKNOWN"
"public","FUNCTION","set_updated_at()","postgres","EXECUTE","NO","UNKNOWN_NOT_IN_PG_CATALOG","postgres","UNCLASSIFIED","UNDECIDED","UNKNOWN"
"public","FUNCTION","set_updated_at()","service_role","EXECUTE","NO","UNKNOWN_NOT_IN_PG_CATALOG","postgres","UNCLASSIFIED","UNDECIDED","UNKNOWN"
"public","FUNCTION","sync_arrived_reservation_daily_report_item()","postgres","EXECUTE","NO","UNKNOWN_NOT_IN_PG_CATALOG","postgres","UNCLASSIFIED","UNDECIDED","UNKNOWN"
"public","FUNCTION","sync_arrived_reservation_daily_report_item()","service_role","EXECUTE","NO","UNKNOWN_NOT_IN_PG_CATALOG","postgres","UNCLASSIFIED","UNDECIDED","UNKNOWN"
"public","FUNCTION","sync_daily_report_item_totals()","postgres","EXECUTE","NO","UNKNOWN_NOT_IN_PG_CATALOG","postgres","UNCLASSIFIED","UNDECIDED","UNKNOWN"
"public","FUNCTION","sync_daily_report_item_totals()","service_role","EXECUTE","NO","UNKNOWN_NOT_IN_PG_CATALOG","postgres","UNCLASSIFIED","UNDECIDED","UNKNOWN"
"public","FUNCTION","sync_failed_line_notification_tracking()","postgres","EXECUTE","NO","UNKNOWN_NOT_IN_PG_CATALOG","postgres","UNCLASSIFIED","UNDECIDED","UNKNOWN"
"public","FUNCTION","sync_failed_line_notification_tracking()","service_role","EXECUTE","NO","UNKNOWN_NOT_IN_PG_CATALOG","postgres","UNCLASSIFIED","UNDECIDED","UNKNOWN"
"public","FUNCTION","time_dist(time without time zone,time without time zone)","PUBLIC","EXECUTE","NO","UNKNOWN_NOT_IN_PG_CATALOG","supabase_admin","UNCLASSIFIED","UNDECIDED","UNKNOWN"
"public","FUNCTION","time_dist(time without time zone,time without time zone)","anon","EXECUTE","NO","UNKNOWN_NOT_IN_PG_CATALOG","supabase_admin","UNCLASSIFIED","UNDECIDED","UNKNOWN"
"public","FUNCTION","time_dist(time without time zone,time without time zone)","authenticated","EXECUTE","NO","UNKNOWN_NOT_IN_PG_CATALOG","supabase_admin","UNCLASSIFIED","UNDECIDED","UNKNOWN"
"public","FUNCTION","time_dist(time without time zone,time without time zone)","postgres","EXECUTE","NO","UNKNOWN_NOT_IN_PG_CATALOG","supabase_admin","UNCLASSIFIED","UNDECIDED","UNKNOWN"
"public","FUNCTION","time_dist(time without time zone,time without time zone)","service_role","EXECUTE","NO","UNKNOWN_NOT_IN_PG_CATALOG","supabase_admin","UNCLASSIFIED","UNDECIDED","UNKNOWN"
"public","FUNCTION","time_dist(time without time zone,time without time zone)","supabase_admin","EXECUTE","NO","UNKNOWN_NOT_IN_PG_CATALOG","supabase_admin","UNCLASSIFIED","UNDECIDED","UNKNOWN"
"public","FUNCTION","ts_dist(timestamp without time zone,timestamp without time zone)","PUBLIC","EXECUTE","NO","UNKNOWN_NOT_IN_PG_CATALOG","supabase_admin","UNCLASSIFIED","UNDECIDED","UNKNOWN"
"public","FUNCTION","ts_dist(timestamp without time zone,timestamp without time zone)","anon","EXECUTE","NO","UNKNOWN_NOT_IN_PG_CATALOG","supabase_admin","UNCLASSIFIED","UNDECIDED","UNKNOWN"
"public","FUNCTION","ts_dist(timestamp without time zone,timestamp without time zone)","authenticated","EXECUTE","NO","UNKNOWN_NOT_IN_PG_CATALOG","supabase_admin","UNCLASSIFIED","UNDECIDED","UNKNOWN"
"public","FUNCTION","ts_dist(timestamp without time zone,timestamp without time zone)","postgres","EXECUTE","NO","UNKNOWN_NOT_IN_PG_CATALOG","supabase_admin","UNCLASSIFIED","UNDECIDED","UNKNOWN"
"public","FUNCTION","ts_dist(timestamp without time zone,timestamp without time zone)","service_role","EXECUTE","NO","UNKNOWN_NOT_IN_PG_CATALOG","supabase_admin","UNCLASSIFIED","UNDECIDED","UNKNOWN"
"public","FUNCTION","ts_dist(timestamp without time zone,timestamp without time zone)","supabase_admin","EXECUTE","NO","UNKNOWN_NOT_IN_PG_CATALOG","supabase_admin","UNCLASSIFIED","UNDECIDED","UNKNOWN"
"public","FUNCTION","tstz_dist(timestamp with time zone,timestamp with time zone)","PUBLIC","EXECUTE","NO","UNKNOWN_NOT_IN_PG_CATALOG","supabase_admin","UNCLASSIFIED","UNDECIDED","UNKNOWN"
"public","FUNCTION","tstz_dist(timestamp with time zone,timestamp with time zone)","anon","EXECUTE","NO","UNKNOWN_NOT_IN_PG_CATALOG","supabase_admin","UNCLASSIFIED","UNDECIDED","UNKNOWN"
"public","FUNCTION","tstz_dist(timestamp with time zone,timestamp with time zone)","authenticated","EXECUTE","NO","UNKNOWN_NOT_IN_PG_CATALOG","supabase_admin","UNCLASSIFIED","UNDECIDED","UNKNOWN"
"public","FUNCTION","tstz_dist(timestamp with time zone,timestamp with time zone)","postgres","EXECUTE","NO","UNKNOWN_NOT_IN_PG_CATALOG","supabase_admin","UNCLASSIFIED","UNDECIDED","UNKNOWN"
"public","FUNCTION","tstz_dist(timestamp with time zone,timestamp with time zone)","service_role","EXECUTE","NO","UNKNOWN_NOT_IN_PG_CATALOG","supabase_admin","UNCLASSIFIED","UNDECIDED","UNKNOWN"
"public","FUNCTION","tstz_dist(timestamp with time zone,timestamp with time zone)","supabase_admin","EXECUTE","NO","UNKNOWN_NOT_IN_PG_CATALOG","supabase_admin","UNCLASSIFIED","UNDECIDED","UNKNOWN"
"public","FUNCTION","update_customer_stats()","postgres","EXECUTE","NO","UNKNOWN_NOT_IN_PG_CATALOG","postgres","UNCLASSIFIED","UNDECIDED","UNKNOWN"
"public","FUNCTION","update_customer_stats()","service_role","EXECUTE","NO","UNKNOWN_NOT_IN_PG_CATALOG","postgres","UNCLASSIFIED","UNDECIDED","UNKNOWN"
"public","FUNCTION","update_email_outbox_updated_at()","postgres","EXECUTE","NO","UNKNOWN_NOT_IN_PG_CATALOG","postgres","UNCLASSIFIED","UNDECIDED","UNKNOWN"
"public","FUNCTION","update_email_outbox_updated_at()","service_role","EXECUTE","NO","UNKNOWN_NOT_IN_PG_CATALOG","postgres","UNCLASSIFIED","UNDECIDED","UNKNOWN"
"public","FUNCTION","update_line_chat_settings(uuid,boolean,text,integer,boolean,uuid)","postgres","EXECUTE","NO","UNKNOWN_NOT_IN_PG_CATALOG","postgres","UNCLASSIFIED","UNDECIDED","UNKNOWN"
"public","FUNCTION","update_line_chat_settings(uuid,boolean,text,integer,boolean,uuid)","service_role","EXECUTE","NO","UNKNOWN_NOT_IN_PG_CATALOG","postgres","UNCLASSIFIED","UNDECIDED","UNKNOWN"
"public","FUNCTION","update_line_feature_settings(uuid,boolean,boolean,uuid)","postgres","EXECUTE","NO","UNKNOWN_NOT_IN_PG_CATALOG","postgres","UNCLASSIFIED","UNDECIDED","UNKNOWN"
"public","FUNCTION","update_line_feature_settings(uuid,boolean,boolean,uuid)","service_role","EXECUTE","NO","UNKNOWN_NOT_IN_PG_CATALOG","postgres","UNCLASSIFIED","UNDECIDED","UNKNOWN"
"public","FUNCTION","update_mfa_settings_updated_at()","PUBLIC","EXECUTE","NO","UNKNOWN_NOT_IN_PG_CATALOG","postgres","UNCLASSIFIED","UNDECIDED","UNKNOWN"
"public","FUNCTION","update_mfa_settings_updated_at()","anon","EXECUTE","NO","UNKNOWN_NOT_IN_PG_CATALOG","postgres","UNCLASSIFIED","UNDECIDED","UNKNOWN"
"public","FUNCTION","update_mfa_settings_updated_at()","authenticated","EXECUTE","NO","UNKNOWN_NOT_IN_PG_CATALOG","postgres","UNCLASSIFIED","UNDECIDED","UNKNOWN"
"public","FUNCTION","update_mfa_settings_updated_at()","postgres","EXECUTE","NO","UNKNOWN_NOT_IN_PG_CATALOG","postgres","UNCLASSIFIED","UNDECIDED","UNKNOWN"
"public","FUNCTION","update_mfa_settings_updated_at()","service_role","EXECUTE","NO","UNKNOWN_NOT_IN_PG_CATALOG","postgres","UNCLASSIFIED","UNDECIDED","UNKNOWN"
"public","FUNCTION","update_reservation_notifications_updated_at()","postgres","EXECUTE","NO","UNKNOWN_NOT_IN_PG_CATALOG","postgres","UNCLASSIFIED","UNDECIDED","UNKNOWN"
"public","FUNCTION","update_reservation_notifications_updated_at()","service_role","EXECUTE","NO","UNKNOWN_NOT_IN_PG_CATALOG","postgres","UNCLASSIFIED","UNDECIDED","UNKNOWN"
"public","FUNCTION","update_updated_at_column()","PUBLIC","EXECUTE","NO","UNKNOWN_NOT_IN_PG_CATALOG","postgres","UNCLASSIFIED","UNDECIDED","UNKNOWN"
"public","FUNCTION","update_updated_at_column()","anon","EXECUTE","NO","UNKNOWN_NOT_IN_PG_CATALOG","postgres","UNCLASSIFIED","UNDECIDED","UNKNOWN"
"public","FUNCTION","update_updated_at_column()","authenticated","EXECUTE","NO","UNKNOWN_NOT_IN_PG_CATALOG","postgres","UNCLASSIFIED","UNDECIDED","UNKNOWN"
"public","FUNCTION","update_updated_at_column()","postgres","EXECUTE","NO","UNKNOWN_NOT_IN_PG_CATALOG","postgres","UNCLASSIFIED","UNDECIDED","UNKNOWN"
"public","FUNCTION","update_updated_at_column()","service_role","EXECUTE","NO","UNKNOWN_NOT_IN_PG_CATALOG","postgres","UNCLASSIFIED","UNDECIDED","UNKNOWN"
"public","FUNCTION","upsert_clinic_settings(uuid,text,jsonb,uuid)","postgres","EXECUTE","NO","UNKNOWN_NOT_IN_PG_CATALOG","postgres","UNCLASSIFIED","UNDECIDED","UNKNOWN"
"public","FUNCTION","upsert_clinic_settings(uuid,text,jsonb,uuid)","service_role","EXECUTE","NO","UNKNOWN_NOT_IN_PG_CATALOG","postgres","UNCLASSIFIED","UNDECIDED","UNKNOWN"
"public","FUNCTION","user_role()","postgres","EXECUTE","NO","UNKNOWN_NOT_IN_PG_CATALOG","postgres","UNCLASSIFIED","UNDECIDED","UNKNOWN"
"public","FUNCTION","user_role()","service_role","EXECUTE","NO","UNKNOWN_NOT_IN_PG_CATALOG","postgres","UNCLASSIFIED","UNDECIDED","UNKNOWN"
"public","FUNCTION","validate_blocks_clinic_refs()","PUBLIC","EXECUTE","NO","UNKNOWN_NOT_IN_PG_CATALOG","postgres","UNCLASSIFIED","UNDECIDED","UNKNOWN"
"public","FUNCTION","validate_blocks_clinic_refs()","anon","EXECUTE","NO","UNKNOWN_NOT_IN_PG_CATALOG","postgres","UNCLASSIFIED","UNDECIDED","UNKNOWN"
"public","FUNCTION","validate_blocks_clinic_refs()","authenticated","EXECUTE","NO","UNKNOWN_NOT_IN_PG_CATALOG","postgres","UNCLASSIFIED","UNDECIDED","UNKNOWN"
"public","FUNCTION","validate_blocks_clinic_refs()","postgres","EXECUTE","NO","UNKNOWN_NOT_IN_PG_CATALOG","postgres","UNCLASSIFIED","UNDECIDED","UNKNOWN"
"public","FUNCTION","validate_blocks_clinic_refs()","service_role","EXECUTE","NO","UNKNOWN_NOT_IN_PG_CATALOG","postgres","UNCLASSIFIED","UNDECIDED","UNKNOWN"
"public","FUNCTION","validate_customer_insurance_coverage_refs()","postgres","EXECUTE","NO","UNKNOWN_NOT_IN_PG_CATALOG","postgres","UNCLASSIFIED","UNDECIDED","UNKNOWN"
"public","FUNCTION","validate_customer_insurance_coverage_refs()","service_role","EXECUTE","NO","UNKNOWN_NOT_IN_PG_CATALOG","postgres","UNCLASSIFIED","UNDECIDED","UNKNOWN"
"public","FUNCTION","validate_daily_report_item_pricing_refs()","postgres","EXECUTE","NO","UNKNOWN_NOT_IN_PG_CATALOG","postgres","UNCLASSIFIED","UNDECIDED","UNKNOWN"
"public","FUNCTION","validate_daily_report_item_pricing_refs()","service_role","EXECUTE","NO","UNKNOWN_NOT_IN_PG_CATALOG","postgres","UNCLASSIFIED","UNDECIDED","UNKNOWN"
"public","FUNCTION","validate_daily_report_item_tags_refs()","postgres","EXECUTE","NO","UNKNOWN_NOT_IN_PG_CATALOG","postgres","UNCLASSIFIED","UNDECIDED","UNKNOWN"
"public","FUNCTION","validate_daily_report_item_tags_refs()","service_role","EXECUTE","NO","UNKNOWN_NOT_IN_PG_CATALOG","postgres","UNCLASSIFIED","UNDECIDED","UNKNOWN"
"public","FUNCTION","validate_daily_report_items_analysis_refs()","postgres","EXECUTE","NO","UNKNOWN_NOT_IN_PG_CATALOG","postgres","UNCLASSIFIED","UNDECIDED","UNKNOWN"
"public","FUNCTION","validate_daily_report_items_analysis_refs()","service_role","EXECUTE","NO","UNKNOWN_NOT_IN_PG_CATALOG","postgres","UNCLASSIFIED","UNDECIDED","UNKNOWN"
"public","FUNCTION","validate_daily_report_items_clinic_refs()","PUBLIC","EXECUTE","NO","UNKNOWN_NOT_IN_PG_CATALOG","postgres","UNCLASSIFIED","UNDECIDED","UNKNOWN"
"public","FUNCTION","validate_daily_report_items_clinic_refs()","anon","EXECUTE","NO","UNKNOWN_NOT_IN_PG_CATALOG","postgres","UNCLASSIFIED","UNDECIDED","UNKNOWN"
"public","FUNCTION","validate_daily_report_items_clinic_refs()","authenticated","EXECUTE","NO","UNKNOWN_NOT_IN_PG_CATALOG","postgres","UNCLASSIFIED","UNDECIDED","UNKNOWN"
"public","FUNCTION","validate_daily_report_items_clinic_refs()","postgres","EXECUTE","NO","UNKNOWN_NOT_IN_PG_CATALOG","postgres","UNCLASSIFIED","UNDECIDED","UNKNOWN"
"public","FUNCTION","validate_daily_report_items_clinic_refs()","service_role","EXECUTE","NO","UNKNOWN_NOT_IN_PG_CATALOG","postgres","UNCLASSIFIED","UNDECIDED","UNKNOWN"
"public","FUNCTION","validate_insurance_fee_item_mutation()","postgres","EXECUTE","NO","UNKNOWN_NOT_IN_PG_CATALOG","postgres","UNCLASSIFIED","UNDECIDED","UNKNOWN"
"public","FUNCTION","validate_insurance_fee_item_mutation()","service_role","EXECUTE","NO","UNKNOWN_NOT_IN_PG_CATALOG","postgres","UNCLASSIFIED","UNDECIDED","UNKNOWN"
"public","FUNCTION","validate_insurance_fee_schedule_active_range()","postgres","EXECUTE","NO","UNKNOWN_NOT_IN_PG_CATALOG","postgres","UNCLASSIFIED","UNDECIDED","UNKNOWN"
"public","FUNCTION","validate_insurance_fee_schedule_active_range()","service_role","EXECUTE","NO","UNKNOWN_NOT_IN_PG_CATALOG","postgres","UNCLASSIFIED","UNDECIDED","UNKNOWN"
"public","FUNCTION","validate_insurance_fee_schedule_context_mutation()","postgres","EXECUTE","NO","UNKNOWN_NOT_IN_PG_CATALOG","postgres","UNCLASSIFIED","UNDECIDED","UNKNOWN"
"public","FUNCTION","validate_insurance_fee_schedule_context_mutation()","service_role","EXECUTE","NO","UNKNOWN_NOT_IN_PG_CATALOG","postgres","UNCLASSIFIED","UNDECIDED","UNKNOWN"
"public","FUNCTION","validate_line_chat_outbox_contract()","postgres","EXECUTE","NO","UNKNOWN_NOT_IN_PG_CATALOG","postgres","UNCLASSIFIED","UNDECIDED","UNKNOWN"
"public","FUNCTION","validate_line_chat_outbox_contract()","service_role","EXECUTE","NO","UNKNOWN_NOT_IN_PG_CATALOG","postgres","UNCLASSIFIED","UNDECIDED","UNKNOWN"
"public","FUNCTION","validate_line_credential_rotation()","postgres","EXECUTE","NO","UNKNOWN_NOT_IN_PG_CATALOG","postgres","UNCLASSIFIED","UNDECIDED","UNKNOWN"
"public","FUNCTION","validate_line_credential_rotation()","service_role","EXECUTE","NO","UNKNOWN_NOT_IN_PG_CATALOG","postgres","UNCLASSIFIED","UNDECIDED","UNKNOWN"
"public","FUNCTION","validate_line_current_generation()","postgres","EXECUTE","NO","UNKNOWN_NOT_IN_PG_CATALOG","postgres","UNCLASSIFIED","UNDECIDED","UNKNOWN"
"public","FUNCTION","validate_line_current_generation()","service_role","EXECUTE","NO","UNKNOWN_NOT_IN_PG_CATALOG","postgres","UNCLASSIFIED","UNDECIDED","UNKNOWN"
"public","FUNCTION","validate_menu_billing_profile_refs()","postgres","EXECUTE","NO","UNKNOWN_NOT_IN_PG_CATALOG","postgres","UNCLASSIFIED","UNDECIDED","UNKNOWN"
"public","FUNCTION","validate_menu_billing_profile_refs()","service_role","EXECUTE","NO","UNKNOWN_NOT_IN_PG_CATALOG","postgres","UNCLASSIFIED","UNDECIDED","UNKNOWN"
"public","FUNCTION","validate_menu_template_billing_profile_refs()","postgres","EXECUTE","NO","UNKNOWN_NOT_IN_PG_CATALOG","postgres","UNCLASSIFIED","UNDECIDED","UNKNOWN"
"public","FUNCTION","validate_menu_template_billing_profile_refs()","service_role","EXECUTE","NO","UNKNOWN_NOT_IN_PG_CATALOG","postgres","UNCLASSIFIED","UNDECIDED","UNKNOWN"
"public","FUNCTION","validate_reservation_history_clinic_refs()","PUBLIC","EXECUTE","NO","UNKNOWN_NOT_IN_PG_CATALOG","postgres","UNCLASSIFIED","UNDECIDED","UNKNOWN"
"public","FUNCTION","validate_reservation_history_clinic_refs()","anon","EXECUTE","NO","UNKNOWN_NOT_IN_PG_CATALOG","postgres","UNCLASSIFIED","UNDECIDED","UNKNOWN"
"public","FUNCTION","validate_reservation_history_clinic_refs()","authenticated","EXECUTE","NO","UNKNOWN_NOT_IN_PG_CATALOG","postgres","UNCLASSIFIED","UNDECIDED","UNKNOWN"
"public","FUNCTION","validate_reservation_history_clinic_refs()","postgres","EXECUTE","NO","UNKNOWN_NOT_IN_PG_CATALOG","postgres","UNCLASSIFIED","UNDECIDED","UNKNOWN"
"public","FUNCTION","validate_reservation_history_clinic_refs()","service_role","EXECUTE","NO","UNKNOWN_NOT_IN_PG_CATALOG","postgres","UNCLASSIFIED","UNDECIDED","UNKNOWN"
"public","FUNCTION","validate_reservations_clinic_refs()","PUBLIC","EXECUTE","NO","UNKNOWN_NOT_IN_PG_CATALOG","postgres","UNCLASSIFIED","UNDECIDED","UNKNOWN"
"public","FUNCTION","validate_reservations_clinic_refs()","anon","EXECUTE","NO","UNKNOWN_NOT_IN_PG_CATALOG","postgres","UNCLASSIFIED","UNDECIDED","UNKNOWN"
"public","FUNCTION","validate_reservations_clinic_refs()","authenticated","EXECUTE","NO","UNKNOWN_NOT_IN_PG_CATALOG","postgres","UNCLASSIFIED","UNDECIDED","UNKNOWN"
"public","FUNCTION","validate_reservations_clinic_refs()","postgres","EXECUTE","NO","UNKNOWN_NOT_IN_PG_CATALOG","postgres","UNCLASSIFIED","UNDECIDED","UNKNOWN"
"public","FUNCTION","validate_reservations_clinic_refs()","service_role","EXECUTE","NO","UNKNOWN_NOT_IN_PG_CATALOG","postgres","UNCLASSIFIED","UNDECIDED","UNKNOWN"
"public","FUNCTION","validate_revenue_estimate_child_refs()","postgres","EXECUTE","NO","UNKNOWN_NOT_IN_PG_CATALOG","postgres","UNCLASSIFIED","UNDECIDED","UNKNOWN"
"public","FUNCTION","validate_revenue_estimate_child_refs()","service_role","EXECUTE","NO","UNKNOWN_NOT_IN_PG_CATALOG","postgres","UNCLASSIFIED","UNDECIDED","UNKNOWN"
"public","FUNCTION","validate_revenue_estimate_insurance_fee_refs()","postgres","EXECUTE","NO","UNKNOWN_NOT_IN_PG_CATALOG","postgres","UNCLASSIFIED","UNDECIDED","UNKNOWN"
"public","FUNCTION","validate_revenue_estimate_insurance_fee_refs()","service_role","EXECUTE","NO","UNKNOWN_NOT_IN_PG_CATALOG","postgres","UNCLASSIFIED","UNDECIDED","UNKNOWN"
"public","FUNCTION","validate_revenue_estimate_line_insurance_fee_refs()","postgres","EXECUTE","NO","UNKNOWN_NOT_IN_PG_CATALOG","postgres","UNCLASSIFIED","UNDECIDED","UNKNOWN"
"public","FUNCTION","validate_revenue_estimate_line_insurance_fee_refs()","service_role","EXECUTE","NO","UNKNOWN_NOT_IN_PG_CATALOG","postgres","UNCLASSIFIED","UNDECIDED","UNKNOWN"
"public","FUNCTION","validate_revenue_estimates_refs()","postgres","EXECUTE","NO","UNKNOWN_NOT_IN_PG_CATALOG","postgres","UNCLASSIFIED","UNDECIDED","UNKNOWN"
"public","FUNCTION","validate_revenue_estimates_refs()","service_role","EXECUTE","NO","UNKNOWN_NOT_IN_PG_CATALOG","postgres","UNCLASSIFIED","UNDECIDED","UNKNOWN"
"public","FUNCTION","validate_shift_requests_clinic_refs()","postgres","EXECUTE","NO","UNKNOWN_NOT_IN_PG_CATALOG","postgres","UNCLASSIFIED","UNDECIDED","UNKNOWN"
"public","FUNCTION","validate_shift_requests_clinic_refs()","service_role","EXECUTE","NO","UNKNOWN_NOT_IN_PG_CATALOG","postgres","UNCLASSIFIED","UNDECIDED","UNKNOWN"
"public","FUNCTION","wipe_line_setup_session_secrets()","postgres","EXECUTE","NO","UNKNOWN_NOT_IN_PG_CATALOG","postgres","UNCLASSIFIED","UNDECIDED","UNKNOWN"
"public","FUNCTION","wipe_line_setup_session_secrets()","service_role","EXECUTE","NO","UNKNOWN_NOT_IN_PG_CATALOG","postgres","UNCLASSIFIED","UNDECIDED","UNKNOWN"
"public","MATERIALIZED_VIEW","daily_reservation_stats","postgres","DELETE","NO","UNKNOWN_NOT_IN_PG_CATALOG","postgres","UNCLASSIFIED","UNDECIDED","UNKNOWN"
"public","MATERIALIZED_VIEW","daily_reservation_stats","postgres","INSERT","NO","UNKNOWN_NOT_IN_PG_CATALOG","postgres","UNCLASSIFIED","UNDECIDED","UNKNOWN"
"public","MATERIALIZED_VIEW","daily_reservation_stats","postgres","MAINTAIN","NO","UNKNOWN_NOT_IN_PG_CATALOG","postgres","UNCLASSIFIED","UNDECIDED","UNKNOWN"
"public","MATERIALIZED_VIEW","daily_reservation_stats","postgres","REFERENCES","NO","UNKNOWN_NOT_IN_PG_CATALOG","postgres","UNCLASSIFIED","UNDECIDED","UNKNOWN"
"public","MATERIALIZED_VIEW","daily_reservation_stats","postgres","SELECT","NO","UNKNOWN_NOT_IN_PG_CATALOG","postgres","UNCLASSIFIED","UNDECIDED","UNKNOWN"
"public","MATERIALIZED_VIEW","daily_reservation_stats","postgres","TRIGGER","NO","UNKNOWN_NOT_IN_PG_CATALOG","postgres","UNCLASSIFIED","UNDECIDED","UNKNOWN"
"public","MATERIALIZED_VIEW","daily_reservation_stats","postgres","TRUNCATE","NO","UNKNOWN_NOT_IN_PG_CATALOG","postgres","UNCLASSIFIED","UNDECIDED","UNKNOWN"
"public","MATERIALIZED_VIEW","daily_reservation_stats","postgres","UPDATE","NO","UNKNOWN_NOT_IN_PG_CATALOG","postgres","UNCLASSIFIED","UNDECIDED","UNKNOWN"
"public","MATERIALIZED_VIEW","daily_reservation_stats","service_role","DELETE","NO","UNKNOWN_NOT_IN_PG_CATALOG","postgres","UNCLASSIFIED","UNDECIDED","UNKNOWN"
"public","MATERIALIZED_VIEW","daily_reservation_stats","service_role","INSERT","NO","UNKNOWN_NOT_IN_PG_CATALOG","postgres","UNCLASSIFIED","UNDECIDED","UNKNOWN"
"public","MATERIALIZED_VIEW","daily_reservation_stats","service_role","MAINTAIN","NO","UNKNOWN_NOT_IN_PG_CATALOG","postgres","UNCLASSIFIED","UNDECIDED","UNKNOWN"
"public","MATERIALIZED_VIEW","daily_reservation_stats","service_role","REFERENCES","NO","UNKNOWN_NOT_IN_PG_CATALOG","postgres","UNCLASSIFIED","UNDECIDED","UNKNOWN"
"public","MATERIALIZED_VIEW","daily_reservation_stats","service_role","SELECT","NO","UNKNOWN_NOT_IN_PG_CATALOG","postgres","UNCLASSIFIED","UNDECIDED","UNKNOWN"
"public","MATERIALIZED_VIEW","daily_reservation_stats","service_role","TRIGGER","NO","UNKNOWN_NOT_IN_PG_CATALOG","postgres","UNCLASSIFIED","UNDECIDED","UNKNOWN"
"public","MATERIALIZED_VIEW","daily_reservation_stats","service_role","TRUNCATE","NO","UNKNOWN_NOT_IN_PG_CATALOG","postgres","UNCLASSIFIED","UNDECIDED","UNKNOWN"
"public","MATERIALIZED_VIEW","daily_reservation_stats","service_role","UPDATE","NO","UNKNOWN_NOT_IN_PG_CATALOG","postgres","UNCLASSIFIED","UNDECIDED","UNKNOWN"
"public","SCHEMA","public","PUBLIC","USAGE","NO","UNKNOWN_NOT_IN_PG_CATALOG","pg_database_owner","UNCLASSIFIED","UNDECIDED","UNKNOWN"
"public","SCHEMA","public","anon","USAGE","NO","UNKNOWN_NOT_IN_PG_CATALOG","pg_database_owner","UNCLASSIFIED","UNDECIDED","UNKNOWN"
"public","SCHEMA","public","authenticated","USAGE","NO","UNKNOWN_NOT_IN_PG_CATALOG","pg_database_owner","UNCLASSIFIED","UNDECIDED","UNKNOWN"
"public","SCHEMA","public","pg_database_owner","CREATE","NO","UNKNOWN_NOT_IN_PG_CATALOG","pg_database_owner","UNCLASSIFIED","UNDECIDED","UNKNOWN"
"public","SCHEMA","public","pg_database_owner","USAGE","NO","UNKNOWN_NOT_IN_PG_CATALOG","pg_database_owner","UNCLASSIFIED","UNDECIDED","UNKNOWN"
"public","SCHEMA","public","postgres","USAGE","NO","UNKNOWN_NOT_IN_PG_CATALOG","pg_database_owner","UNCLASSIFIED","UNDECIDED","UNKNOWN"
"public","SCHEMA","public","service_role","USAGE","NO","UNKNOWN_NOT_IN_PG_CATALOG","pg_database_owner","UNCLASSIFIED","UNDECIDED","UNKNOWN"
"public","TABLE","ai_comments","authenticated","INSERT","NO","UNKNOWN_NOT_IN_PG_CATALOG","postgres","UNCLASSIFIED","UNDECIDED","UNKNOWN"
"public","TABLE","ai_comments","authenticated","SELECT","NO","UNKNOWN_NOT_IN_PG_CATALOG","postgres","UNCLASSIFIED","UNDECIDED","UNKNOWN"
"public","TABLE","ai_comments","authenticated","UPDATE","NO","UNKNOWN_NOT_IN_PG_CATALOG","postgres","UNCLASSIFIED","UNDECIDED","UNKNOWN"
"public","TABLE","ai_comments","postgres","DELETE","NO","UNKNOWN_NOT_IN_PG_CATALOG","postgres","UNCLASSIFIED","UNDECIDED","UNKNOWN"
"public","TABLE","ai_comments","postgres","INSERT","NO","UNKNOWN_NOT_IN_PG_CATALOG","postgres","UNCLASSIFIED","UNDECIDED","UNKNOWN"
"public","TABLE","ai_comments","postgres","MAINTAIN","NO","UNKNOWN_NOT_IN_PG_CATALOG","postgres","UNCLASSIFIED","UNDECIDED","UNKNOWN"
"public","TABLE","ai_comments","postgres","REFERENCES","NO","UNKNOWN_NOT_IN_PG_CATALOG","postgres","UNCLASSIFIED","UNDECIDED","UNKNOWN"
"public","TABLE","ai_comments","postgres","SELECT","NO","UNKNOWN_NOT_IN_PG_CATALOG","postgres","UNCLASSIFIED","UNDECIDED","UNKNOWN"
"public","TABLE","ai_comments","postgres","TRIGGER","NO","UNKNOWN_NOT_IN_PG_CATALOG","postgres","UNCLASSIFIED","UNDECIDED","UNKNOWN"
"public","TABLE","ai_comments","postgres","TRUNCATE","NO","UNKNOWN_NOT_IN_PG_CATALOG","postgres","UNCLASSIFIED","UNDECIDED","UNKNOWN"
"public","TABLE","ai_comments","postgres","UPDATE","NO","UNKNOWN_NOT_IN_PG_CATALOG","postgres","UNCLASSIFIED","UNDECIDED","UNKNOWN"
"public","TABLE","ai_comments","service_role","DELETE","NO","UNKNOWN_NOT_IN_PG_CATALOG","postgres","UNCLASSIFIED","UNDECIDED","UNKNOWN"
"public","TABLE","ai_comments","service_role","INSERT","NO","UNKNOWN_NOT_IN_PG_CATALOG","postgres","UNCLASSIFIED","UNDECIDED","UNKNOWN"
"public","TABLE","ai_comments","service_role","MAINTAIN","NO","UNKNOWN_NOT_IN_PG_CATALOG","postgres","UNCLASSIFIED","UNDECIDED","UNKNOWN"
"public","TABLE","ai_comments","service_role","REFERENCES","NO","UNKNOWN_NOT_IN_PG_CATALOG","postgres","UNCLASSIFIED","UNDECIDED","UNKNOWN"
"public","TABLE","ai_comments","service_role","SELECT","NO","UNKNOWN_NOT_IN_PG_CATALOG","postgres","UNCLASSIFIED","UNDECIDED","UNKNOWN"
"public","TABLE","ai_comments","service_role","TRIGGER","NO","UNKNOWN_NOT_IN_PG_CATALOG","postgres","UNCLASSIFIED","UNDECIDED","UNKNOWN"
"public","TABLE","ai_comments","service_role","TRUNCATE","NO","UNKNOWN_NOT_IN_PG_CATALOG","postgres","UNCLASSIFIED","UNDECIDED","UNKNOWN"
"public","TABLE","ai_comments","service_role","UPDATE","NO","UNKNOWN_NOT_IN_PG_CATALOG","postgres","UNCLASSIFIED","UNDECIDED","UNKNOWN"
"public","TABLE","appointments","postgres","DELETE","NO","UNKNOWN_NOT_IN_PG_CATALOG","postgres","UNCLASSIFIED","UNDECIDED","UNKNOWN"
"public","TABLE","appointments","postgres","INSERT","NO","UNKNOWN_NOT_IN_PG_CATALOG","postgres","UNCLASSIFIED","UNDECIDED","UNKNOWN"
"public","TABLE","appointments","postgres","MAINTAIN","NO","UNKNOWN_NOT_IN_PG_CATALOG","postgres","UNCLASSIFIED","UNDECIDED","UNKNOWN"
"public","TABLE","appointments","postgres","REFERENCES","NO","UNKNOWN_NOT_IN_PG_CATALOG","postgres","UNCLASSIFIED","UNDECIDED","UNKNOWN"
"public","TABLE","appointments","postgres","SELECT","NO","UNKNOWN_NOT_IN_PG_CATALOG","postgres","UNCLASSIFIED","UNDECIDED","UNKNOWN"
"public","TABLE","appointments","postgres","TRIGGER","NO","UNKNOWN_NOT_IN_PG_CATALOG","postgres","UNCLASSIFIED","UNDECIDED","UNKNOWN"
"public","TABLE","appointments","postgres","TRUNCATE","NO","UNKNOWN_NOT_IN_PG_CATALOG","postgres","UNCLASSIFIED","UNDECIDED","UNKNOWN"
"public","TABLE","appointments","postgres","UPDATE","NO","UNKNOWN_NOT_IN_PG_CATALOG","postgres","UNCLASSIFIED","UNDECIDED","UNKNOWN"
"public","TABLE","audit_logs","authenticated","SELECT","NO","UNKNOWN_NOT_IN_PG_CATALOG","postgres","UNCLASSIFIED","UNDECIDED","UNKNOWN"
"public","TABLE","audit_logs","postgres","DELETE","NO","UNKNOWN_NOT_IN_PG_CATALOG","postgres","UNCLASSIFIED","UNDECIDED","UNKNOWN"
"public","TABLE","audit_logs","postgres","INSERT","NO","UNKNOWN_NOT_IN_PG_CATALOG","postgres","UNCLASSIFIED","UNDECIDED","UNKNOWN"
"public","TABLE","audit_logs","postgres","MAINTAIN","NO","UNKNOWN_NOT_IN_PG_CATALOG","postgres","UNCLASSIFIED","UNDECIDED","UNKNOWN"
"public","TABLE","audit_logs","postgres","REFERENCES","NO","UNKNOWN_NOT_IN_PG_CATALOG","postgres","UNCLASSIFIED","UNDECIDED","UNKNOWN"
"public","TABLE","audit_logs","postgres","SELECT","NO","UNKNOWN_NOT_IN_PG_CATALOG","postgres","UNCLASSIFIED","UNDECIDED","UNKNOWN"
"public","TABLE","audit_logs","postgres","TRIGGER","NO","UNKNOWN_NOT_IN_PG_CATALOG","postgres","UNCLASSIFIED","UNDECIDED","UNKNOWN"
"public","TABLE","audit_logs","postgres","TRUNCATE","NO","UNKNOWN_NOT_IN_PG_CATALOG","postgres","UNCLASSIFIED","UNDECIDED","UNKNOWN"
"public","TABLE","audit_logs","postgres","UPDATE","NO","UNKNOWN_NOT_IN_PG_CATALOG","postgres","UNCLASSIFIED","UNDECIDED","UNKNOWN"
"public","TABLE","audit_logs","service_role","DELETE","NO","UNKNOWN_NOT_IN_PG_CATALOG","postgres","UNCLASSIFIED","UNDECIDED","UNKNOWN"
"public","TABLE","audit_logs","service_role","INSERT","NO","UNKNOWN_NOT_IN_PG_CATALOG","postgres","UNCLASSIFIED","UNDECIDED","UNKNOWN"
"public","TABLE","audit_logs","service_role","MAINTAIN","NO","UNKNOWN_NOT_IN_PG_CATALOG","postgres","UNCLASSIFIED","UNDECIDED","UNKNOWN"
"public","TABLE","audit_logs","service_role","REFERENCES","NO","UNKNOWN_NOT_IN_PG_CATALOG","postgres","UNCLASSIFIED","UNDECIDED","UNKNOWN"
"public","TABLE","audit_logs","service_role","SELECT","NO","UNKNOWN_NOT_IN_PG_CATALOG","postgres","UNCLASSIFIED","UNDECIDED","UNKNOWN"
"public","TABLE","audit_logs","service_role","TRIGGER","NO","UNKNOWN_NOT_IN_PG_CATALOG","postgres","UNCLASSIFIED","UNDECIDED","UNKNOWN"
"public","TABLE","audit_logs","service_role","TRUNCATE","NO","UNKNOWN_NOT_IN_PG_CATALOG","postgres","UNCLASSIFIED","UNDECIDED","UNKNOWN"
"public","TABLE","audit_logs","service_role","UPDATE","NO","UNKNOWN_NOT_IN_PG_CATALOG","postgres","UNCLASSIFIED","UNDECIDED","UNKNOWN"
"public","TABLE","beta_feedback","authenticated","INSERT","NO","UNKNOWN_NOT_IN_PG_CATALOG","postgres","UNCLASSIFIED","UNDECIDED","UNKNOWN"
"public","TABLE","beta_feedback","authenticated","SELECT","NO","UNKNOWN_NOT_IN_PG_CATALOG","postgres","UNCLASSIFIED","UNDECIDED","UNKNOWN"
"public","TABLE","beta_feedback","authenticated","UPDATE","NO","UNKNOWN_NOT_IN_PG_CATALOG","postgres","UNCLASSIFIED","UNDECIDED","UNKNOWN"
"public","TABLE","beta_feedback","postgres","DELETE","NO","UNKNOWN_NOT_IN_PG_CATALOG","postgres","UNCLASSIFIED","UNDECIDED","UNKNOWN"
"public","TABLE","beta_feedback","postgres","INSERT","NO","UNKNOWN_NOT_IN_PG_CATALOG","postgres","UNCLASSIFIED","UNDECIDED","UNKNOWN"
"public","TABLE","beta_feedback","postgres","MAINTAIN","NO","UNKNOWN_NOT_IN_PG_CATALOG","postgres","UNCLASSIFIED","UNDECIDED","UNKNOWN"
"public","TABLE","beta_feedback","postgres","REFERENCES","NO","UNKNOWN_NOT_IN_PG_CATALOG","postgres","UNCLASSIFIED","UNDECIDED","UNKNOWN"
"public","TABLE","beta_feedback","postgres","SELECT","NO","UNKNOWN_NOT_IN_PG_CATALOG","postgres","UNCLASSIFIED","UNDECIDED","UNKNOWN"
"public","TABLE","beta_feedback","postgres","TRIGGER","NO","UNKNOWN_NOT_IN_PG_CATALOG","postgres","UNCLASSIFIED","UNDECIDED","UNKNOWN"
"public","TABLE","beta_feedback","postgres","TRUNCATE","NO","UNKNOWN_NOT_IN_PG_CATALOG","postgres","UNCLASSIFIED","UNDECIDED","UNKNOWN"
"public","TABLE","beta_feedback","postgres","UPDATE","NO","UNKNOWN_NOT_IN_PG_CATALOG","postgres","UNCLASSIFIED","UNDECIDED","UNKNOWN"
"public","TABLE","beta_feedback","service_role","DELETE","NO","UNKNOWN_NOT_IN_PG_CATALOG","postgres","UNCLASSIFIED","UNDECIDED","UNKNOWN"
"public","TABLE","beta_feedback","service_role","INSERT","NO","UNKNOWN_NOT_IN_PG_CATALOG","postgres","UNCLASSIFIED","UNDECIDED","UNKNOWN"
"public","TABLE","beta_feedback","service_role","MAINTAIN","NO","UNKNOWN_NOT_IN_PG_CATALOG","postgres","UNCLASSIFIED","UNDECIDED","UNKNOWN"
"public","TABLE","beta_feedback","service_role","REFERENCES","NO","UNKNOWN_NOT_IN_PG_CATALOG","postgres","UNCLASSIFIED","UNDECIDED","UNKNOWN"
"public","TABLE","beta_feedback","service_role","SELECT","NO","UNKNOWN_NOT_IN_PG_CATALOG","postgres","UNCLASSIFIED","UNDECIDED","UNKNOWN"
"public","TABLE","beta_feedback","service_role","TRIGGER","NO","UNKNOWN_NOT_IN_PG_CATALOG","postgres","UNCLASSIFIED","UNDECIDED","UNKNOWN"
"public","TABLE","beta_feedback","service_role","TRUNCATE","NO","UNKNOWN_NOT_IN_PG_CATALOG","postgres","UNCLASSIFIED","UNDECIDED","UNKNOWN"
"public","TABLE","beta_feedback","service_role","UPDATE","NO","UNKNOWN_NOT_IN_PG_CATALOG","postgres","UNCLASSIFIED","UNDECIDED","UNKNOWN"
"public","TABLE","beta_usage_metrics","authenticated","SELECT","NO","UNKNOWN_NOT_IN_PG_CATALOG","postgres","UNCLASSIFIED","UNDECIDED","UNKNOWN"
"public","TABLE","beta_usage_metrics","postgres","DELETE","NO","UNKNOWN_NOT_IN_PG_CATALOG","postgres","UNCLASSIFIED","UNDECIDED","UNKNOWN"
"public","TABLE","beta_usage_metrics","postgres","INSERT","NO","UNKNOWN_NOT_IN_PG_CATALOG","postgres","UNCLASSIFIED","UNDECIDED","UNKNOWN"
"public","TABLE","beta_usage_metrics","postgres","MAINTAIN","NO","UNKNOWN_NOT_IN_PG_CATALOG","postgres","UNCLASSIFIED","UNDECIDED","UNKNOWN"
"public","TABLE","beta_usage_metrics","postgres","REFERENCES","NO","UNKNOWN_NOT_IN_PG_CATALOG","postgres","UNCLASSIFIED","UNDECIDED","UNKNOWN"
"public","TABLE","beta_usage_metrics","postgres","SELECT","NO","UNKNOWN_NOT_IN_PG_CATALOG","postgres","UNCLASSIFIED","UNDECIDED","UNKNOWN"
"public","TABLE","beta_usage_metrics","postgres","TRIGGER","NO","UNKNOWN_NOT_IN_PG_CATALOG","postgres","UNCLASSIFIED","UNDECIDED","UNKNOWN"
"public","TABLE","beta_usage_metrics","postgres","TRUNCATE","NO","UNKNOWN_NOT_IN_PG_CATALOG","postgres","UNCLASSIFIED","UNDECIDED","UNKNOWN"
"public","TABLE","beta_usage_metrics","postgres","UPDATE","NO","UNKNOWN_NOT_IN_PG_CATALOG","postgres","UNCLASSIFIED","UNDECIDED","UNKNOWN"
"public","TABLE","beta_usage_metrics","service_role","DELETE","NO","UNKNOWN_NOT_IN_PG_CATALOG","postgres","UNCLASSIFIED","UNDECIDED","UNKNOWN"
"public","TABLE","beta_usage_metrics","service_role","INSERT","NO","UNKNOWN_NOT_IN_PG_CATALOG","postgres","UNCLASSIFIED","UNDECIDED","UNKNOWN"
"public","TABLE","beta_usage_metrics","service_role","MAINTAIN","NO","UNKNOWN_NOT_IN_PG_CATALOG","postgres","UNCLASSIFIED","UNDECIDED","UNKNOWN"
"public","TABLE","beta_usage_metrics","service_role","REFERENCES","NO","UNKNOWN_NOT_IN_PG_CATALOG","postgres","UNCLASSIFIED","UNDECIDED","UNKNOWN"
"public","TABLE","beta_usage_metrics","service_role","SELECT","NO","UNKNOWN_NOT_IN_PG_CATALOG","postgres","UNCLASSIFIED","UNDECIDED","UNKNOWN"
"public","TABLE","beta_usage_metrics","service_role","TRIGGER","NO","UNKNOWN_NOT_IN_PG_CATALOG","postgres","UNCLASSIFIED","UNDECIDED","UNKNOWN"
"public","TABLE","beta_usage_metrics","service_role","TRUNCATE","NO","UNKNOWN_NOT_IN_PG_CATALOG","postgres","UNCLASSIFIED","UNDECIDED","UNKNOWN"
"public","TABLE","beta_usage_metrics","service_role","UPDATE","NO","UNKNOWN_NOT_IN_PG_CATALOG","postgres","UNCLASSIFIED","UNDECIDED","UNKNOWN"
"public","TABLE","billing_audit_logs","postgres","DELETE","NO","UNKNOWN_NOT_IN_PG_CATALOG","postgres","UNCLASSIFIED","UNDECIDED","UNKNOWN"
"public","TABLE","billing_audit_logs","postgres","INSERT","NO","UNKNOWN_NOT_IN_PG_CATALOG","postgres","UNCLASSIFIED","UNDECIDED","UNKNOWN"
"public","TABLE","billing_audit_logs","postgres","MAINTAIN","NO","UNKNOWN_NOT_IN_PG_CATALOG","postgres","UNCLASSIFIED","UNDECIDED","UNKNOWN"
"public","TABLE","billing_audit_logs","postgres","REFERENCES","NO","UNKNOWN_NOT_IN_PG_CATALOG","postgres","UNCLASSIFIED","UNDECIDED","UNKNOWN"
"public","TABLE","billing_audit_logs","postgres","SELECT","NO","UNKNOWN_NOT_IN_PG_CATALOG","postgres","UNCLASSIFIED","UNDECIDED","UNKNOWN"
"public","TABLE","billing_audit_logs","postgres","TRIGGER","NO","UNKNOWN_NOT_IN_PG_CATALOG","postgres","UNCLASSIFIED","UNDECIDED","UNKNOWN"
"public","TABLE","billing_audit_logs","postgres","TRUNCATE","NO","UNKNOWN_NOT_IN_PG_CATALOG","postgres","UNCLASSIFIED","UNDECIDED","UNKNOWN"
"public","TABLE","billing_audit_logs","postgres","UPDATE","NO","UNKNOWN_NOT_IN_PG_CATALOG","postgres","UNCLASSIFIED","UNDECIDED","UNKNOWN"
"public","TABLE","billing_audit_logs","service_role","DELETE","NO","UNKNOWN_NOT_IN_PG_CATALOG","postgres","UNCLASSIFIED","UNDECIDED","UNKNOWN"
"public","TABLE","billing_audit_logs","service_role","INSERT","NO","UNKNOWN_NOT_IN_PG_CATALOG","postgres","UNCLASSIFIED","UNDECIDED","UNKNOWN"
"public","TABLE","billing_audit_logs","service_role","MAINTAIN","NO","UNKNOWN_NOT_IN_PG_CATALOG","postgres","UNCLASSIFIED","UNDECIDED","UNKNOWN"
"public","TABLE","billing_audit_logs","service_role","REFERENCES","NO","UNKNOWN_NOT_IN_PG_CATALOG","postgres","UNCLASSIFIED","UNDECIDED","UNKNOWN"
"public","TABLE","billing_audit_logs","service_role","SELECT","NO","UNKNOWN_NOT_IN_PG_CATALOG","postgres","UNCLASSIFIED","UNDECIDED","UNKNOWN"
"public","TABLE","billing_audit_logs","service_role","TRIGGER","NO","UNKNOWN_NOT_IN_PG_CATALOG","postgres","UNCLASSIFIED","UNDECIDED","UNKNOWN"
"public","TABLE","billing_audit_logs","service_role","TRUNCATE","NO","UNKNOWN_NOT_IN_PG_CATALOG","postgres","UNCLASSIFIED","UNDECIDED","UNKNOWN"
"public","TABLE","billing_audit_logs","service_role","UPDATE","NO","UNKNOWN_NOT_IN_PG_CATALOG","postgres","UNCLASSIFIED","UNDECIDED","UNKNOWN"
"public","TABLE","billing_overrides","postgres","DELETE","NO","UNKNOWN_NOT_IN_PG_CATALOG","postgres","UNCLASSIFIED","UNDECIDED","UNKNOWN"
"public","TABLE","billing_overrides","postgres","INSERT","NO","UNKNOWN_NOT_IN_PG_CATALOG","postgres","UNCLASSIFIED","UNDECIDED","UNKNOWN"
"public","TABLE","billing_overrides","postgres","MAINTAIN","NO","UNKNOWN_NOT_IN_PG_CATALOG","postgres","UNCLASSIFIED","UNDECIDED","UNKNOWN"
"public","TABLE","billing_overrides","postgres","REFERENCES","NO","UNKNOWN_NOT_IN_PG_CATALOG","postgres","UNCLASSIFIED","UNDECIDED","UNKNOWN"
"public","TABLE","billing_overrides","postgres","SELECT","NO","UNKNOWN_NOT_IN_PG_CATALOG","postgres","UNCLASSIFIED","UNDECIDED","UNKNOWN"
"public","TABLE","billing_overrides","postgres","TRIGGER","NO","UNKNOWN_NOT_IN_PG_CATALOG","postgres","UNCLASSIFIED","UNDECIDED","UNKNOWN"
"public","TABLE","billing_overrides","postgres","TRUNCATE","NO","UNKNOWN_NOT_IN_PG_CATALOG","postgres","UNCLASSIFIED","UNDECIDED","UNKNOWN"
"public","TABLE","billing_overrides","postgres","UPDATE","NO","UNKNOWN_NOT_IN_PG_CATALOG","postgres","UNCLASSIFIED","UNDECIDED","UNKNOWN"
"public","TABLE","billing_overrides","service_role","DELETE","NO","UNKNOWN_NOT_IN_PG_CATALOG","postgres","UNCLASSIFIED","UNDECIDED","UNKNOWN"
"public","TABLE","billing_overrides","service_role","INSERT","NO","UNKNOWN_NOT_IN_PG_CATALOG","postgres","UNCLASSIFIED","UNDECIDED","UNKNOWN"
"public","TABLE","billing_overrides","service_role","MAINTAIN","NO","UNKNOWN_NOT_IN_PG_CATALOG","postgres","UNCLASSIFIED","UNDECIDED","UNKNOWN"
"public","TABLE","billing_overrides","service_role","REFERENCES","NO","UNKNOWN_NOT_IN_PG_CATALOG","postgres","UNCLASSIFIED","UNDECIDED","UNKNOWN"
"public","TABLE","billing_overrides","service_role","SELECT","NO","UNKNOWN_NOT_IN_PG_CATALOG","postgres","UNCLASSIFIED","UNDECIDED","UNKNOWN"
"public","TABLE","billing_overrides","service_role","TRIGGER","NO","UNKNOWN_NOT_IN_PG_CATALOG","postgres","UNCLASSIFIED","UNDECIDED","UNKNOWN"
"public","TABLE","billing_overrides","service_role","TRUNCATE","NO","UNKNOWN_NOT_IN_PG_CATALOG","postgres","UNCLASSIFIED","UNDECIDED","UNKNOWN"
"public","TABLE","billing_overrides","service_role","UPDATE","NO","UNKNOWN_NOT_IN_PG_CATALOG","postgres","UNCLASSIFIED","UNDECIDED","UNKNOWN"
"public","TABLE","blocks","authenticated","DELETE","NO","UNKNOWN_NOT_IN_PG_CATALOG","postgres","UNCLASSIFIED","UNDECIDED","UNKNOWN"
"public","TABLE","blocks","authenticated","INSERT","NO","UNKNOWN_NOT_IN_PG_CATALOG","postgres","UNCLASSIFIED","UNDECIDED","UNKNOWN"
"public","TABLE","blocks","authenticated","SELECT","NO","UNKNOWN_NOT_IN_PG_CATALOG","postgres","UNCLASSIFIED","UNDECIDED","UNKNOWN"
"public","TABLE","blocks","postgres","DELETE","NO","UNKNOWN_NOT_IN_PG_CATALOG","postgres","UNCLASSIFIED","UNDECIDED","UNKNOWN"
"public","TABLE","blocks","postgres","INSERT","NO","UNKNOWN_NOT_IN_PG_CATALOG","postgres","UNCLASSIFIED","UNDECIDED","UNKNOWN"
"public","TABLE","blocks","postgres","MAINTAIN","NO","UNKNOWN_NOT_IN_PG_CATALOG","postgres","UNCLASSIFIED","UNDECIDED","UNKNOWN"
"public","TABLE","blocks","postgres","REFERENCES","NO","UNKNOWN_NOT_IN_PG_CATALOG","postgres","UNCLASSIFIED","UNDECIDED","UNKNOWN"
"public","TABLE","blocks","postgres","SELECT","NO","UNKNOWN_NOT_IN_PG_CATALOG","postgres","UNCLASSIFIED","UNDECIDED","UNKNOWN"
"public","TABLE","blocks","postgres","TRIGGER","NO","UNKNOWN_NOT_IN_PG_CATALOG","postgres","UNCLASSIFIED","UNDECIDED","UNKNOWN"
"public","TABLE","blocks","postgres","TRUNCATE","NO","UNKNOWN_NOT_IN_PG_CATALOG","postgres","UNCLASSIFIED","UNDECIDED","UNKNOWN"
"public","TABLE","blocks","postgres","UPDATE","NO","UNKNOWN_NOT_IN_PG_CATALOG","postgres","UNCLASSIFIED","UNDECIDED","UNKNOWN"
"public","TABLE","blocks","service_role","DELETE","NO","UNKNOWN_NOT_IN_PG_CATALOG","postgres","UNCLASSIFIED","UNDECIDED","UNKNOWN"
"public","TABLE","blocks","service_role","INSERT","NO","UNKNOWN_NOT_IN_PG_CATALOG","postgres","UNCLASSIFIED","UNDECIDED","UNKNOWN"
"public","TABLE","blocks","service_role","MAINTAIN","NO","UNKNOWN_NOT_IN_PG_CATALOG","postgres","UNCLASSIFIED","UNDECIDED","UNKNOWN"
"public","TABLE","blocks","service_role","REFERENCES","NO","UNKNOWN_NOT_IN_PG_CATALOG","postgres","UNCLASSIFIED","UNDECIDED","UNKNOWN"
"public","TABLE","blocks","service_role","SELECT","NO","UNKNOWN_NOT_IN_PG_CATALOG","postgres","UNCLASSIFIED","UNDECIDED","UNKNOWN"
"public","TABLE","blocks","service_role","TRIGGER","NO","UNKNOWN_NOT_IN_PG_CATALOG","postgres","UNCLASSIFIED","UNDECIDED","UNKNOWN"
"public","TABLE","blocks","service_role","TRUNCATE","NO","UNKNOWN_NOT_IN_PG_CATALOG","postgres","UNCLASSIFIED","UNDECIDED","UNKNOWN"
"public","TABLE","blocks","service_role","UPDATE","NO","UNKNOWN_NOT_IN_PG_CATALOG","postgres","UNCLASSIFIED","UNDECIDED","UNKNOWN"
"public","TABLE","calendar_feed_tokens","postgres","DELETE","NO","UNKNOWN_NOT_IN_PG_CATALOG","postgres","UNCLASSIFIED","UNDECIDED","UNKNOWN"
"public","TABLE","calendar_feed_tokens","postgres","INSERT","NO","UNKNOWN_NOT_IN_PG_CATALOG","postgres","UNCLASSIFIED","UNDECIDED","UNKNOWN"
"public","TABLE","calendar_feed_tokens","postgres","MAINTAIN","NO","UNKNOWN_NOT_IN_PG_CATALOG","postgres","UNCLASSIFIED","UNDECIDED","UNKNOWN"
"public","TABLE","calendar_feed_tokens","postgres","REFERENCES","NO","UNKNOWN_NOT_IN_PG_CATALOG","postgres","UNCLASSIFIED","UNDECIDED","UNKNOWN"
"public","TABLE","calendar_feed_tokens","postgres","SELECT","NO","UNKNOWN_NOT_IN_PG_CATALOG","postgres","UNCLASSIFIED","UNDECIDED","UNKNOWN"
"public","TABLE","calendar_feed_tokens","postgres","TRIGGER","NO","UNKNOWN_NOT_IN_PG_CATALOG","postgres","UNCLASSIFIED","UNDECIDED","UNKNOWN"
"public","TABLE","calendar_feed_tokens","postgres","TRUNCATE","NO","UNKNOWN_NOT_IN_PG_CATALOG","postgres","UNCLASSIFIED","UNDECIDED","UNKNOWN"
"public","TABLE","calendar_feed_tokens","postgres","UPDATE","NO","UNKNOWN_NOT_IN_PG_CATALOG","postgres","UNCLASSIFIED","UNDECIDED","UNKNOWN"
"public","TABLE","calendar_feed_tokens","service_role","DELETE","NO","UNKNOWN_NOT_IN_PG_CATALOG","postgres","UNCLASSIFIED","UNDECIDED","UNKNOWN"
"public","TABLE","calendar_feed_tokens","service_role","INSERT","NO","UNKNOWN_NOT_IN_PG_CATALOG","postgres","UNCLASSIFIED","UNDECIDED","UNKNOWN"
"public","TABLE","calendar_feed_tokens","service_role","MAINTAIN","NO","UNKNOWN_NOT_IN_PG_CATALOG","postgres","UNCLASSIFIED","UNDECIDED","UNKNOWN"
"public","TABLE","calendar_feed_tokens","service_role","REFERENCES","NO","UNKNOWN_NOT_IN_PG_CATALOG","postgres","UNCLASSIFIED","UNDECIDED","UNKNOWN"
"public","TABLE","calendar_feed_tokens","service_role","SELECT","NO","UNKNOWN_NOT_IN_PG_CATALOG","postgres","UNCLASSIFIED","UNDECIDED","UNKNOWN"
"public","TABLE","calendar_feed_tokens","service_role","TRIGGER","NO","UNKNOWN_NOT_IN_PG_CATALOG","postgres","UNCLASSIFIED","UNDECIDED","UNKNOWN"
"public","TABLE","calendar_feed_tokens","service_role","TRUNCATE","NO","UNKNOWN_NOT_IN_PG_CATALOG","postgres","UNCLASSIFIED","UNDECIDED","UNKNOWN"
"public","TABLE","calendar_feed_tokens","service_role","UPDATE","NO","UNKNOWN_NOT_IN_PG_CATALOG","postgres","UNCLASSIFIED","UNDECIDED","UNKNOWN"
"public","TABLE","care_episodes","postgres","DELETE","NO","UNKNOWN_NOT_IN_PG_CATALOG","postgres","UNCLASSIFIED","UNDECIDED","UNKNOWN"
"public","TABLE","care_episodes","postgres","INSERT","NO","UNKNOWN_NOT_IN_PG_CATALOG","postgres","UNCLASSIFIED","UNDECIDED","UNKNOWN"
"public","TABLE","care_episodes","postgres","MAINTAIN","NO","UNKNOWN_NOT_IN_PG_CATALOG","postgres","UNCLASSIFIED","UNDECIDED","UNKNOWN"
"public","TABLE","care_episodes","postgres","REFERENCES","NO","UNKNOWN_NOT_IN_PG_CATALOG","postgres","UNCLASSIFIED","UNDECIDED","UNKNOWN"
"public","TABLE","care_episodes","postgres","SELECT","NO","UNKNOWN_NOT_IN_PG_CATALOG","postgres","UNCLASSIFIED","UNDECIDED","UNKNOWN"
"public","TABLE","care_episodes","postgres","TRIGGER","NO","UNKNOWN_NOT_IN_PG_CATALOG","postgres","UNCLASSIFIED","UNDECIDED","UNKNOWN"
"public","TABLE","care_episodes","postgres","TRUNCATE","NO","UNKNOWN_NOT_IN_PG_CATALOG","postgres","UNCLASSIFIED","UNDECIDED","UNKNOWN"
"public","TABLE","care_episodes","postgres","UPDATE","NO","UNKNOWN_NOT_IN_PG_CATALOG","postgres","UNCLASSIFIED","UNDECIDED","UNKNOWN"
"public","TABLE","care_episodes","service_role","DELETE","NO","UNKNOWN_NOT_IN_PG_CATALOG","postgres","UNCLASSIFIED","UNDECIDED","UNKNOWN"
"public","TABLE","care_episodes","service_role","INSERT","NO","UNKNOWN_NOT_IN_PG_CATALOG","postgres","UNCLASSIFIED","UNDECIDED","UNKNOWN"
"public","TABLE","care_episodes","service_role","MAINTAIN","NO","UNKNOWN_NOT_IN_PG_CATALOG","postgres","UNCLASSIFIED","UNDECIDED","UNKNOWN"
"public","TABLE","care_episodes","service_role","REFERENCES","NO","UNKNOWN_NOT_IN_PG_CATALOG","postgres","UNCLASSIFIED","UNDECIDED","UNKNOWN"
"public","TABLE","care_episodes","service_role","SELECT","NO","UNKNOWN_NOT_IN_PG_CATALOG","postgres","UNCLASSIFIED","UNDECIDED","UNKNOWN"
"public","TABLE","care_episodes","service_role","TRIGGER","NO","UNKNOWN_NOT_IN_PG_CATALOG","postgres","UNCLASSIFIED","UNDECIDED","UNKNOWN"
"public","TABLE","care_episodes","service_role","TRUNCATE","NO","UNKNOWN_NOT_IN_PG_CATALOG","postgres","UNCLASSIFIED","UNDECIDED","UNKNOWN"
"public","TABLE","care_episodes","service_role","UPDATE","NO","UNKNOWN_NOT_IN_PG_CATALOG","postgres","UNCLASSIFIED","UNDECIDED","UNKNOWN"
"public","TABLE","chat_messages","authenticated","INSERT","NO","UNKNOWN_NOT_IN_PG_CATALOG","postgres","UNCLASSIFIED","UNDECIDED","UNKNOWN"
"public","TABLE","chat_messages","authenticated","SELECT","NO","UNKNOWN_NOT_IN_PG_CATALOG","postgres","UNCLASSIFIED","UNDECIDED","UNKNOWN"
"public","TABLE","chat_messages","postgres","DELETE","NO","UNKNOWN_NOT_IN_PG_CATALOG","postgres","UNCLASSIFIED","UNDECIDED","UNKNOWN"
"public","TABLE","chat_messages","postgres","INSERT","NO","UNKNOWN_NOT_IN_PG_CATALOG","postgres","UNCLASSIFIED","UNDECIDED","UNKNOWN"
"public","TABLE","chat_messages","postgres","MAINTAIN","NO","UNKNOWN_NOT_IN_PG_CATALOG","postgres","UNCLASSIFIED","UNDECIDED","UNKNOWN"
"public","TABLE","chat_messages","postgres","REFERENCES","NO","UNKNOWN_NOT_IN_PG_CATALOG","postgres","UNCLASSIFIED","UNDECIDED","UNKNOWN"
"public","TABLE","chat_messages","postgres","SELECT","NO","UNKNOWN_NOT_IN_PG_CATALOG","postgres","UNCLASSIFIED","UNDECIDED","UNKNOWN"
"public","TABLE","chat_messages","postgres","TRIGGER","NO","UNKNOWN_NOT_IN_PG_CATALOG","postgres","UNCLASSIFIED","UNDECIDED","UNKNOWN"
"public","TABLE","chat_messages","postgres","TRUNCATE","NO","UNKNOWN_NOT_IN_PG_CATALOG","postgres","UNCLASSIFIED","UNDECIDED","UNKNOWN"
"public","TABLE","chat_messages","postgres","UPDATE","NO","UNKNOWN_NOT_IN_PG_CATALOG","postgres","UNCLASSIFIED","UNDECIDED","UNKNOWN"
"public","TABLE","chat_messages","service_role","DELETE","NO","UNKNOWN_NOT_IN_PG_CATALOG","postgres","UNCLASSIFIED","UNDECIDED","UNKNOWN"
"public","TABLE","chat_messages","service_role","INSERT","NO","UNKNOWN_NOT_IN_PG_CATALOG","postgres","UNCLASSIFIED","UNDECIDED","UNKNOWN"
"public","TABLE","chat_messages","service_role","MAINTAIN","NO","UNKNOWN_NOT_IN_PG_CATALOG","postgres","UNCLASSIFIED","UNDECIDED","UNKNOWN"
"public","TABLE","chat_messages","service_role","REFERENCES","NO","UNKNOWN_NOT_IN_PG_CATALOG","postgres","UNCLASSIFIED","UNDECIDED","UNKNOWN"
"public","TABLE","chat_messages","service_role","SELECT","NO","UNKNOWN_NOT_IN_PG_CATALOG","postgres","UNCLASSIFIED","UNDECIDED","UNKNOWN"
"public","TABLE","chat_messages","service_role","TRIGGER","NO","UNKNOWN_NOT_IN_PG_CATALOG","postgres","UNCLASSIFIED","UNDECIDED","UNKNOWN"
"public","TABLE","chat_messages","service_role","TRUNCATE","NO","UNKNOWN_NOT_IN_PG_CATALOG","postgres","UNCLASSIFIED","UNDECIDED","UNKNOWN"
"public","TABLE","chat_messages","service_role","UPDATE","NO","UNKNOWN_NOT_IN_PG_CATALOG","postgres","UNCLASSIFIED","UNDECIDED","UNKNOWN"
"public","TABLE","chat_sessions","authenticated","INSERT","NO","UNKNOWN_NOT_IN_PG_CATALOG","postgres","UNCLASSIFIED","UNDECIDED","UNKNOWN"
"public","TABLE","chat_sessions","authenticated","SELECT","NO","UNKNOWN_NOT_IN_PG_CATALOG","postgres","UNCLASSIFIED","UNDECIDED","UNKNOWN"
"public","TABLE","chat_sessions","postgres","DELETE","NO","UNKNOWN_NOT_IN_PG_CATALOG","postgres","UNCLASSIFIED","UNDECIDED","UNKNOWN"
"public","TABLE","chat_sessions","postgres","INSERT","NO","UNKNOWN_NOT_IN_PG_CATALOG","postgres","UNCLASSIFIED","UNDECIDED","UNKNOWN"
"public","TABLE","chat_sessions","postgres","MAINTAIN","NO","UNKNOWN_NOT_IN_PG_CATALOG","postgres","UNCLASSIFIED","UNDECIDED","UNKNOWN"
"public","TABLE","chat_sessions","postgres","REFERENCES","NO","UNKNOWN_NOT_IN_PG_CATALOG","postgres","UNCLASSIFIED","UNDECIDED","UNKNOWN"
"public","TABLE","chat_sessions","postgres","SELECT","NO","UNKNOWN_NOT_IN_PG_CATALOG","postgres","UNCLASSIFIED","UNDECIDED","UNKNOWN"
"public","TABLE","chat_sessions","postgres","TRIGGER","NO","UNKNOWN_NOT_IN_PG_CATALOG","postgres","UNCLASSIFIED","UNDECIDED","UNKNOWN"
"public","TABLE","chat_sessions","postgres","TRUNCATE","NO","UNKNOWN_NOT_IN_PG_CATALOG","postgres","UNCLASSIFIED","UNDECIDED","UNKNOWN"
"public","TABLE","chat_sessions","postgres","UPDATE","NO","UNKNOWN_NOT_IN_PG_CATALOG","postgres","UNCLASSIFIED","UNDECIDED","UNKNOWN"
"public","TABLE","chat_sessions","service_role","DELETE","NO","UNKNOWN_NOT_IN_PG_CATALOG","postgres","UNCLASSIFIED","UNDECIDED","UNKNOWN"
"public","TABLE","chat_sessions","service_role","INSERT","NO","UNKNOWN_NOT_IN_PG_CATALOG","postgres","UNCLASSIFIED","UNDECIDED","UNKNOWN"
"public","TABLE","chat_sessions","service_role","MAINTAIN","NO","UNKNOWN_NOT_IN_PG_CATALOG","postgres","UNCLASSIFIED","UNDECIDED","UNKNOWN"
"public","TABLE","chat_sessions","service_role","REFERENCES","NO","UNKNOWN_NOT_IN_PG_CATALOG","postgres","UNCLASSIFIED","UNDECIDED","UNKNOWN"
"public","TABLE","chat_sessions","service_role","SELECT","NO","UNKNOWN_NOT_IN_PG_CATALOG","postgres","UNCLASSIFIED","UNDECIDED","UNKNOWN"
"public","TABLE","chat_sessions","service_role","TRIGGER","NO","UNKNOWN_NOT_IN_PG_CATALOG","postgres","UNCLASSIFIED","UNDECIDED","UNKNOWN"
"public","TABLE","chat_sessions","service_role","TRUNCATE","NO","UNKNOWN_NOT_IN_PG_CATALOG","postgres","UNCLASSIFIED","UNDECIDED","UNKNOWN"
"public","TABLE","chat_sessions","service_role","UPDATE","NO","UNKNOWN_NOT_IN_PG_CATALOG","postgres","UNCLASSIFIED","UNDECIDED","UNKNOWN"
"public","TABLE","clinic_feature_flags","authenticated","SELECT","NO","UNKNOWN_NOT_IN_PG_CATALOG","postgres","UNCLASSIFIED","UNDECIDED","UNKNOWN"
"public","TABLE","clinic_feature_flags","postgres","DELETE","NO","UNKNOWN_NOT_IN_PG_CATALOG","postgres","UNCLASSIFIED","UNDECIDED","UNKNOWN"
"public","TABLE","clinic_feature_flags","postgres","INSERT","NO","UNKNOWN_NOT_IN_PG_CATALOG","postgres","UNCLASSIFIED","UNDECIDED","UNKNOWN"
"public","TABLE","clinic_feature_flags","postgres","MAINTAIN","NO","UNKNOWN_NOT_IN_PG_CATALOG","postgres","UNCLASSIFIED","UNDECIDED","UNKNOWN"
"public","TABLE","clinic_feature_flags","postgres","REFERENCES","NO","UNKNOWN_NOT_IN_PG_CATALOG","postgres","UNCLASSIFIED","UNDECIDED","UNKNOWN"
"public","TABLE","clinic_feature_flags","postgres","SELECT","NO","UNKNOWN_NOT_IN_PG_CATALOG","postgres","UNCLASSIFIED","UNDECIDED","UNKNOWN"
"public","TABLE","clinic_feature_flags","postgres","TRIGGER","NO","UNKNOWN_NOT_IN_PG_CATALOG","postgres","UNCLASSIFIED","UNDECIDED","UNKNOWN"
"public","TABLE","clinic_feature_flags","postgres","TRUNCATE","NO","UNKNOWN_NOT_IN_PG_CATALOG","postgres","UNCLASSIFIED","UNDECIDED","UNKNOWN"
"public","TABLE","clinic_feature_flags","postgres","UPDATE","NO","UNKNOWN_NOT_IN_PG_CATALOG","postgres","UNCLASSIFIED","UNDECIDED","UNKNOWN"
"public","TABLE","clinic_feature_flags","service_role","DELETE","NO","UNKNOWN_NOT_IN_PG_CATALOG","postgres","UNCLASSIFIED","UNDECIDED","UNKNOWN"
"public","TABLE","clinic_feature_flags","service_role","INSERT","NO","UNKNOWN_NOT_IN_PG_CATALOG","postgres","UNCLASSIFIED","UNDECIDED","UNKNOWN"
"public","TABLE","clinic_feature_flags","service_role","MAINTAIN","NO","UNKNOWN_NOT_IN_PG_CATALOG","postgres","UNCLASSIFIED","UNDECIDED","UNKNOWN"
"public","TABLE","clinic_feature_flags","service_role","REFERENCES","NO","UNKNOWN_NOT_IN_PG_CATALOG","postgres","UNCLASSIFIED","UNDECIDED","UNKNOWN"
"public","TABLE","clinic_feature_flags","service_role","SELECT","NO","UNKNOWN_NOT_IN_PG_CATALOG","postgres","UNCLASSIFIED","UNDECIDED","UNKNOWN"
"public","TABLE","clinic_feature_flags","service_role","TRIGGER","NO","UNKNOWN_NOT_IN_PG_CATALOG","postgres","UNCLASSIFIED","UNDECIDED","UNKNOWN"
"public","TABLE","clinic_feature_flags","service_role","TRUNCATE","NO","UNKNOWN_NOT_IN_PG_CATALOG","postgres","UNCLASSIFIED","UNDECIDED","UNKNOWN"
"public","TABLE","clinic_feature_flags","service_role","UPDATE","NO","UNKNOWN_NOT_IN_PG_CATALOG","postgres","UNCLASSIFIED","UNDECIDED","UNKNOWN"
"public","TABLE","clinic_line_chat_settings","postgres","DELETE","NO","UNKNOWN_NOT_IN_PG_CATALOG","postgres","UNCLASSIFIED","UNDECIDED","UNKNOWN"
"public","TABLE","clinic_line_chat_settings","postgres","INSERT","NO","UNKNOWN_NOT_IN_PG_CATALOG","postgres","UNCLASSIFIED","UNDECIDED","UNKNOWN"
"public","TABLE","clinic_line_chat_settings","postgres","MAINTAIN","NO","UNKNOWN_NOT_IN_PG_CATALOG","postgres","UNCLASSIFIED","UNDECIDED","UNKNOWN"
"public","TABLE","clinic_line_chat_settings","postgres","REFERENCES","NO","UNKNOWN_NOT_IN_PG_CATALOG","postgres","UNCLASSIFIED","UNDECIDED","UNKNOWN"
"public","TABLE","clinic_line_chat_settings","postgres","SELECT","NO","UNKNOWN_NOT_IN_PG_CATALOG","postgres","UNCLASSIFIED","UNDECIDED","UNKNOWN"
"public","TABLE","clinic_line_chat_settings","postgres","TRIGGER","NO","UNKNOWN_NOT_IN_PG_CATALOG","postgres","UNCLASSIFIED","UNDECIDED","UNKNOWN"
"public","TABLE","clinic_line_chat_settings","postgres","TRUNCATE","NO","UNKNOWN_NOT_IN_PG_CATALOG","postgres","UNCLASSIFIED","UNDECIDED","UNKNOWN"
"public","TABLE","clinic_line_chat_settings","postgres","UPDATE","NO","UNKNOWN_NOT_IN_PG_CATALOG","postgres","UNCLASSIFIED","UNDECIDED","UNKNOWN"
"public","TABLE","clinic_line_chat_settings","service_role","DELETE","NO","UNKNOWN_NOT_IN_PG_CATALOG","postgres","UNCLASSIFIED","UNDECIDED","UNKNOWN"
"public","TABLE","clinic_line_chat_settings","service_role","INSERT","NO","UNKNOWN_NOT_IN_PG_CATALOG","postgres","UNCLASSIFIED","UNDECIDED","UNKNOWN"
"public","TABLE","clinic_line_chat_settings","service_role","MAINTAIN","NO","UNKNOWN_NOT_IN_PG_CATALOG","postgres","UNCLASSIFIED","UNDECIDED","UNKNOWN"
"public","TABLE","clinic_line_chat_settings","service_role","REFERENCES","NO","UNKNOWN_NOT_IN_PG_CATALOG","postgres","UNCLASSIFIED","UNDECIDED","UNKNOWN"
"public","TABLE","clinic_line_chat_settings","service_role","SELECT","NO","UNKNOWN_NOT_IN_PG_CATALOG","postgres","UNCLASSIFIED","UNDECIDED","UNKNOWN"
"public","TABLE","clinic_line_chat_settings","service_role","TRIGGER","NO","UNKNOWN_NOT_IN_PG_CATALOG","postgres","UNCLASSIFIED","UNDECIDED","UNKNOWN"
"public","TABLE","clinic_line_chat_settings","service_role","TRUNCATE","NO","UNKNOWN_NOT_IN_PG_CATALOG","postgres","UNCLASSIFIED","UNDECIDED","UNKNOWN"
"public","TABLE","clinic_line_chat_settings","service_role","UPDATE","NO","UNKNOWN_NOT_IN_PG_CATALOG","postgres","UNCLASSIFIED","UNDECIDED","UNKNOWN"
"public","TABLE","clinic_line_credential_generations","postgres","DELETE","NO","UNKNOWN_NOT_IN_PG_CATALOG","postgres","UNCLASSIFIED","UNDECIDED","UNKNOWN"
"public","TABLE","clinic_line_credential_generations","postgres","INSERT","NO","UNKNOWN_NOT_IN_PG_CATALOG","postgres","UNCLASSIFIED","UNDECIDED","UNKNOWN"
"public","TABLE","clinic_line_credential_generations","postgres","MAINTAIN","NO","UNKNOWN_NOT_IN_PG_CATALOG","postgres","UNCLASSIFIED","UNDECIDED","UNKNOWN"
"public","TABLE","clinic_line_credential_generations","postgres","REFERENCES","NO","UNKNOWN_NOT_IN_PG_CATALOG","postgres","UNCLASSIFIED","UNDECIDED","UNKNOWN"
"public","TABLE","clinic_line_credential_generations","postgres","SELECT","NO","UNKNOWN_NOT_IN_PG_CATALOG","postgres","UNCLASSIFIED","UNDECIDED","UNKNOWN"
"public","TABLE","clinic_line_credential_generations","postgres","TRIGGER","NO","UNKNOWN_NOT_IN_PG_CATALOG","postgres","UNCLASSIFIED","UNDECIDED","UNKNOWN"
"public","TABLE","clinic_line_credential_generations","postgres","TRUNCATE","NO","UNKNOWN_NOT_IN_PG_CATALOG","postgres","UNCLASSIFIED","UNDECIDED","UNKNOWN"
"public","TABLE","clinic_line_credential_generations","postgres","UPDATE","NO","UNKNOWN_NOT_IN_PG_CATALOG","postgres","UNCLASSIFIED","UNDECIDED","UNKNOWN"
"public","TABLE","clinic_line_credential_generations","service_role","DELETE","NO","UNKNOWN_NOT_IN_PG_CATALOG","postgres","UNCLASSIFIED","UNDECIDED","UNKNOWN"
"public","TABLE","clinic_line_credential_generations","service_role","INSERT","NO","UNKNOWN_NOT_IN_PG_CATALOG","postgres","UNCLASSIFIED","UNDECIDED","UNKNOWN"
"public","TABLE","clinic_line_credential_generations","service_role","MAINTAIN","NO","UNKNOWN_NOT_IN_PG_CATALOG","postgres","UNCLASSIFIED","UNDECIDED","UNKNOWN"
"public","TABLE","clinic_line_credential_generations","service_role","REFERENCES","NO","UNKNOWN_NOT_IN_PG_CATALOG","postgres","UNCLASSIFIED","UNDECIDED","UNKNOWN"
"public","TABLE","clinic_line_credential_generations","service_role","SELECT","NO","UNKNOWN_NOT_IN_PG_CATALOG","postgres","UNCLASSIFIED","UNDECIDED","UNKNOWN"
"public","TABLE","clinic_line_credential_generations","service_role","TRIGGER","NO","UNKNOWN_NOT_IN_PG_CATALOG","postgres","UNCLASSIFIED","UNDECIDED","UNKNOWN"
"public","TABLE","clinic_line_credential_generations","service_role","TRUNCATE","NO","UNKNOWN_NOT_IN_PG_CATALOG","postgres","UNCLASSIFIED","UNDECIDED","UNKNOWN"
"public","TABLE","clinic_line_credential_generations","service_role","UPDATE","NO","UNKNOWN_NOT_IN_PG_CATALOG","postgres","UNCLASSIFIED","UNDECIDED","UNKNOWN"
"public","TABLE","clinic_line_credentials","postgres","DELETE","NO","UNKNOWN_NOT_IN_PG_CATALOG","postgres","UNCLASSIFIED","UNDECIDED","UNKNOWN"
"public","TABLE","clinic_line_credentials","postgres","INSERT","NO","UNKNOWN_NOT_IN_PG_CATALOG","postgres","UNCLASSIFIED","UNDECIDED","UNKNOWN"
"public","TABLE","clinic_line_credentials","postgres","MAINTAIN","NO","UNKNOWN_NOT_IN_PG_CATALOG","postgres","UNCLASSIFIED","UNDECIDED","UNKNOWN"
"public","TABLE","clinic_line_credentials","postgres","REFERENCES","NO","UNKNOWN_NOT_IN_PG_CATALOG","postgres","UNCLASSIFIED","UNDECIDED","UNKNOWN"
"public","TABLE","clinic_line_credentials","postgres","SELECT","NO","UNKNOWN_NOT_IN_PG_CATALOG","postgres","UNCLASSIFIED","UNDECIDED","UNKNOWN"
"public","TABLE","clinic_line_credentials","postgres","TRIGGER","NO","UNKNOWN_NOT_IN_PG_CATALOG","postgres","UNCLASSIFIED","UNDECIDED","UNKNOWN"
"public","TABLE","clinic_line_credentials","postgres","TRUNCATE","NO","UNKNOWN_NOT_IN_PG_CATALOG","postgres","UNCLASSIFIED","UNDECIDED","UNKNOWN"
"public","TABLE","clinic_line_credentials","postgres","UPDATE","NO","UNKNOWN_NOT_IN_PG_CATALOG","postgres","UNCLASSIFIED","UNDECIDED","UNKNOWN"
"public","TABLE","clinic_line_credentials","service_role","DELETE","NO","UNKNOWN_NOT_IN_PG_CATALOG","postgres","UNCLASSIFIED","UNDECIDED","UNKNOWN"
"public","TABLE","clinic_line_credentials","service_role","INSERT","NO","UNKNOWN_NOT_IN_PG_CATALOG","postgres","UNCLASSIFIED","UNDECIDED","UNKNOWN"
"public","TABLE","clinic_line_credentials","service_role","MAINTAIN","NO","UNKNOWN_NOT_IN_PG_CATALOG","postgres","UNCLASSIFIED","UNDECIDED","UNKNOWN"
"public","TABLE","clinic_line_credentials","service_role","REFERENCES","NO","UNKNOWN_NOT_IN_PG_CATALOG","postgres","UNCLASSIFIED","UNDECIDED","UNKNOWN"
"public","TABLE","clinic_line_credentials","service_role","SELECT","NO","UNKNOWN_NOT_IN_PG_CATALOG","postgres","UNCLASSIFIED","UNDECIDED","UNKNOWN"
"public","TABLE","clinic_line_credentials","service_role","TRIGGER","NO","UNKNOWN_NOT_IN_PG_CATALOG","postgres","UNCLASSIFIED","UNDECIDED","UNKNOWN"
"public","TABLE","clinic_line_credentials","service_role","TRUNCATE","NO","UNKNOWN_NOT_IN_PG_CATALOG","postgres","UNCLASSIFIED","UNDECIDED","UNKNOWN"
"public","TABLE","clinic_line_credentials","service_role","UPDATE","NO","UNKNOWN_NOT_IN_PG_CATALOG","postgres","UNCLASSIFIED","UNDECIDED","UNKNOWN"
"public","TABLE","clinic_line_setup_sessions","postgres","DELETE","NO","UNKNOWN_NOT_IN_PG_CATALOG","postgres","UNCLASSIFIED","UNDECIDED","UNKNOWN"
"public","TABLE","clinic_line_setup_sessions","postgres","INSERT","NO","UNKNOWN_NOT_IN_PG_CATALOG","postgres","UNCLASSIFIED","UNDECIDED","UNKNOWN"
"public","TABLE","clinic_line_setup_sessions","postgres","MAINTAIN","NO","UNKNOWN_NOT_IN_PG_CATALOG","postgres","UNCLASSIFIED","UNDECIDED","UNKNOWN"
"public","TABLE","clinic_line_setup_sessions","postgres","REFERENCES","NO","UNKNOWN_NOT_IN_PG_CATALOG","postgres","UNCLASSIFIED","UNDECIDED","UNKNOWN"
"public","TABLE","clinic_line_setup_sessions","postgres","SELECT","NO","UNKNOWN_NOT_IN_PG_CATALOG","postgres","UNCLASSIFIED","UNDECIDED","UNKNOWN"
"public","TABLE","clinic_line_setup_sessions","postgres","TRIGGER","NO","UNKNOWN_NOT_IN_PG_CATALOG","postgres","UNCLASSIFIED","UNDECIDED","UNKNOWN"
"public","TABLE","clinic_line_setup_sessions","postgres","TRUNCATE","NO","UNKNOWN_NOT_IN_PG_CATALOG","postgres","UNCLASSIFIED","UNDECIDED","UNKNOWN"
"public","TABLE","clinic_line_setup_sessions","postgres","UPDATE","NO","UNKNOWN_NOT_IN_PG_CATALOG","postgres","UNCLASSIFIED","UNDECIDED","UNKNOWN"
"public","TABLE","clinic_line_setup_sessions","service_role","DELETE","NO","UNKNOWN_NOT_IN_PG_CATALOG","postgres","UNCLASSIFIED","UNDECIDED","UNKNOWN"
"public","TABLE","clinic_line_setup_sessions","service_role","INSERT","NO","UNKNOWN_NOT_IN_PG_CATALOG","postgres","UNCLASSIFIED","UNDECIDED","UNKNOWN"
"public","TABLE","clinic_line_setup_sessions","service_role","MAINTAIN","NO","UNKNOWN_NOT_IN_PG_CATALOG","postgres","UNCLASSIFIED","UNDECIDED","UNKNOWN"
"public","TABLE","clinic_line_setup_sessions","service_role","REFERENCES","NO","UNKNOWN_NOT_IN_PG_CATALOG","postgres","UNCLASSIFIED","UNDECIDED","UNKNOWN"
"public","TABLE","clinic_line_setup_sessions","service_role","SELECT","NO","UNKNOWN_NOT_IN_PG_CATALOG","postgres","UNCLASSIFIED","UNDECIDED","UNKNOWN"
"public","TABLE","clinic_line_setup_sessions","service_role","TRIGGER","NO","UNKNOWN_NOT_IN_PG_CATALOG","postgres","UNCLASSIFIED","UNDECIDED","UNKNOWN"
"public","TABLE","clinic_line_setup_sessions","service_role","TRUNCATE","NO","UNKNOWN_NOT_IN_PG_CATALOG","postgres","UNCLASSIFIED","UNDECIDED","UNKNOWN"
"public","TABLE","clinic_line_setup_sessions","service_role","UPDATE","NO","UNKNOWN_NOT_IN_PG_CATALOG","postgres","UNCLASSIFIED","UNDECIDED","UNKNOWN"
"public","TABLE","clinic_settings","authenticated","INSERT","NO","UNKNOWN_NOT_IN_PG_CATALOG","postgres","UNCLASSIFIED","UNDECIDED","UNKNOWN"
"public","TABLE","clinic_settings","authenticated","SELECT","NO","UNKNOWN_NOT_IN_PG_CATALOG","postgres","UNCLASSIFIED","UNDECIDED","UNKNOWN"
"public","TABLE","clinic_settings","authenticated","UPDATE","NO","UNKNOWN_NOT_IN_PG_CATALOG","postgres","UNCLASSIFIED","UNDECIDED","UNKNOWN"
"public","TABLE","clinic_settings","postgres","DELETE","NO","UNKNOWN_NOT_IN_PG_CATALOG","postgres","UNCLASSIFIED","UNDECIDED","UNKNOWN"
"public","TABLE","clinic_settings","postgres","INSERT","NO","UNKNOWN_NOT_IN_PG_CATALOG","postgres","UNCLASSIFIED","UNDECIDED","UNKNOWN"
"public","TABLE","clinic_settings","postgres","MAINTAIN","NO","UNKNOWN_NOT_IN_PG_CATALOG","postgres","UNCLASSIFIED","UNDECIDED","UNKNOWN"
"public","TABLE","clinic_settings","postgres","REFERENCES","NO","UNKNOWN_NOT_IN_PG_CATALOG","postgres","UNCLASSIFIED","UNDECIDED","UNKNOWN"
"public","TABLE","clinic_settings","postgres","SELECT","NO","UNKNOWN_NOT_IN_PG_CATALOG","postgres","UNCLASSIFIED","UNDECIDED","UNKNOWN"
"public","TABLE","clinic_settings","postgres","TRIGGER","NO","UNKNOWN_NOT_IN_PG_CATALOG","postgres","UNCLASSIFIED","UNDECIDED","UNKNOWN"
"public","TABLE","clinic_settings","postgres","TRUNCATE","NO","UNKNOWN_NOT_IN_PG_CATALOG","postgres","UNCLASSIFIED","UNDECIDED","UNKNOWN"
"public","TABLE","clinic_settings","postgres","UPDATE","NO","UNKNOWN_NOT_IN_PG_CATALOG","postgres","UNCLASSIFIED","UNDECIDED","UNKNOWN"
"public","TABLE","clinic_settings","service_role","DELETE","NO","UNKNOWN_NOT_IN_PG_CATALOG","postgres","UNCLASSIFIED","UNDECIDED","UNKNOWN"
"public","TABLE","clinic_settings","service_role","INSERT","NO","UNKNOWN_NOT_IN_PG_CATALOG","postgres","UNCLASSIFIED","UNDECIDED","UNKNOWN"
"public","TABLE","clinic_settings","service_role","MAINTAIN","NO","UNKNOWN_NOT_IN_PG_CATALOG","postgres","UNCLASSIFIED","UNDECIDED","UNKNOWN"
"public","TABLE","clinic_settings","service_role","REFERENCES","NO","UNKNOWN_NOT_IN_PG_CATALOG","postgres","UNCLASSIFIED","UNDECIDED","UNKNOWN"
"public","TABLE","clinic_settings","service_role","SELECT","NO","UNKNOWN_NOT_IN_PG_CATALOG","postgres","UNCLASSIFIED","UNDECIDED","UNKNOWN"
"public","TABLE","clinic_settings","service_role","TRIGGER","NO","UNKNOWN_NOT_IN_PG_CATALOG","postgres","UNCLASSIFIED","UNDECIDED","UNKNOWN"
"public","TABLE","clinic_settings","service_role","TRUNCATE","NO","UNKNOWN_NOT_IN_PG_CATALOG","postgres","UNCLASSIFIED","UNDECIDED","UNKNOWN"
"public","TABLE","clinic_settings","service_role","UPDATE","NO","UNKNOWN_NOT_IN_PG_CATALOG","postgres","UNCLASSIFIED","UNDECIDED","UNKNOWN"
"public","TABLE","clinics","authenticated","SELECT","NO","UNKNOWN_NOT_IN_PG_CATALOG","postgres","UNCLASSIFIED","UNDECIDED","UNKNOWN"
"public","TABLE","clinics","postgres","DELETE","NO","UNKNOWN_NOT_IN_PG_CATALOG","postgres","UNCLASSIFIED","UNDECIDED","UNKNOWN"
"public","TABLE","clinics","postgres","INSERT","NO","UNKNOWN_NOT_IN_PG_CATALOG","postgres","UNCLASSIFIED","UNDECIDED","UNKNOWN"
"public","TABLE","clinics","postgres","MAINTAIN","NO","UNKNOWN_NOT_IN_PG_CATALOG","postgres","UNCLASSIFIED","UNDECIDED","UNKNOWN"
"public","TABLE","clinics","postgres","REFERENCES","NO","UNKNOWN_NOT_IN_PG_CATALOG","postgres","UNCLASSIFIED","UNDECIDED","UNKNOWN"
"public","TABLE","clinics","postgres","SELECT","NO","UNKNOWN_NOT_IN_PG_CATALOG","postgres","UNCLASSIFIED","UNDECIDED","UNKNOWN"
"public","TABLE","clinics","postgres","TRIGGER","NO","UNKNOWN_NOT_IN_PG_CATALOG","postgres","UNCLASSIFIED","UNDECIDED","UNKNOWN"
"public","TABLE","clinics","postgres","TRUNCATE","NO","UNKNOWN_NOT_IN_PG_CATALOG","postgres","UNCLASSIFIED","UNDECIDED","UNKNOWN"
"public","TABLE","clinics","postgres","UPDATE","NO","UNKNOWN_NOT_IN_PG_CATALOG","postgres","UNCLASSIFIED","UNDECIDED","UNKNOWN"
"public","TABLE","clinics","service_role","DELETE","NO","UNKNOWN_NOT_IN_PG_CATALOG","postgres","UNCLASSIFIED","UNDECIDED","UNKNOWN"
"public","TABLE","clinics","service_role","INSERT","NO","UNKNOWN_NOT_IN_PG_CATALOG","postgres","UNCLASSIFIED","UNDECIDED","UNKNOWN"
"public","TABLE","clinics","service_role","MAINTAIN","NO","UNKNOWN_NOT_IN_PG_CATALOG","postgres","UNCLASSIFIED","UNDECIDED","UNKNOWN"
"public","TABLE","clinics","service_role","REFERENCES","NO","UNKNOWN_NOT_IN_PG_CATALOG","postgres","UNCLASSIFIED","UNDECIDED","UNKNOWN"
"public","TABLE","clinics","service_role","SELECT","NO","UNKNOWN_NOT_IN_PG_CATALOG","postgres","UNCLASSIFIED","UNDECIDED","UNKNOWN"
"public","TABLE","clinics","service_role","TRIGGER","NO","UNKNOWN_NOT_IN_PG_CATALOG","postgres","UNCLASSIFIED","UNDECIDED","UNKNOWN"
"public","TABLE","clinics","service_role","TRUNCATE","NO","UNKNOWN_NOT_IN_PG_CATALOG","postgres","UNCLASSIFIED","UNDECIDED","UNKNOWN"
"public","TABLE","clinics","service_role","UPDATE","NO","UNKNOWN_NOT_IN_PG_CATALOG","postgres","UNCLASSIFIED","UNDECIDED","UNKNOWN"
"public","TABLE","critical_incidents","postgres","DELETE","NO","UNKNOWN_NOT_IN_PG_CATALOG","postgres","UNCLASSIFIED","UNDECIDED","UNKNOWN"
"public","TABLE","critical_incidents","postgres","INSERT","NO","UNKNOWN_NOT_IN_PG_CATALOG","postgres","UNCLASSIFIED","UNDECIDED","UNKNOWN"
"public","TABLE","critical_incidents","postgres","MAINTAIN","NO","UNKNOWN_NOT_IN_PG_CATALOG","postgres","UNCLASSIFIED","UNDECIDED","UNKNOWN"
"public","TABLE","critical_incidents","postgres","REFERENCES","NO","UNKNOWN_NOT_IN_PG_CATALOG","postgres","UNCLASSIFIED","UNDECIDED","UNKNOWN"
"public","TABLE","critical_incidents","postgres","SELECT","NO","UNKNOWN_NOT_IN_PG_CATALOG","postgres","UNCLASSIFIED","UNDECIDED","UNKNOWN"
"public","TABLE","critical_incidents","postgres","TRIGGER","NO","UNKNOWN_NOT_IN_PG_CATALOG","postgres","UNCLASSIFIED","UNDECIDED","UNKNOWN"
"public","TABLE","critical_incidents","postgres","TRUNCATE","NO","UNKNOWN_NOT_IN_PG_CATALOG","postgres","UNCLASSIFIED","UNDECIDED","UNKNOWN"
"public","TABLE","critical_incidents","postgres","UPDATE","NO","UNKNOWN_NOT_IN_PG_CATALOG","postgres","UNCLASSIFIED","UNDECIDED","UNKNOWN"
"public","TABLE","critical_incidents","service_role","DELETE","NO","UNKNOWN_NOT_IN_PG_CATALOG","postgres","UNCLASSIFIED","UNDECIDED","UNKNOWN"
"public","TABLE","critical_incidents","service_role","INSERT","NO","UNKNOWN_NOT_IN_PG_CATALOG","postgres","UNCLASSIFIED","UNDECIDED","UNKNOWN"
"public","TABLE","critical_incidents","service_role","MAINTAIN","NO","UNKNOWN_NOT_IN_PG_CATALOG","postgres","UNCLASSIFIED","UNDECIDED","UNKNOWN"
"public","TABLE","critical_incidents","service_role","REFERENCES","NO","UNKNOWN_NOT_IN_PG_CATALOG","postgres","UNCLASSIFIED","UNDECIDED","UNKNOWN"
"public","TABLE","critical_incidents","service_role","SELECT","NO","UNKNOWN_NOT_IN_PG_CATALOG","postgres","UNCLASSIFIED","UNDECIDED","UNKNOWN"
"public","TABLE","critical_incidents","service_role","TRIGGER","NO","UNKNOWN_NOT_IN_PG_CATALOG","postgres","UNCLASSIFIED","UNDECIDED","UNKNOWN"
"public","TABLE","critical_incidents","service_role","TRUNCATE","NO","UNKNOWN_NOT_IN_PG_CATALOG","postgres","UNCLASSIFIED","UNDECIDED","UNKNOWN"
"public","TABLE","critical_incidents","service_role","UPDATE","NO","UNKNOWN_NOT_IN_PG_CATALOG","postgres","UNCLASSIFIED","UNDECIDED","UNKNOWN"
"public","TABLE","csp_violations","authenticated","SELECT","NO","UNKNOWN_NOT_IN_PG_CATALOG","postgres","UNCLASSIFIED","UNDECIDED","UNKNOWN"
"public","TABLE","csp_violations","authenticated","UPDATE","NO","UNKNOWN_NOT_IN_PG_CATALOG","postgres","UNCLASSIFIED","UNDECIDED","UNKNOWN"
"public","TABLE","csp_violations","postgres","DELETE","NO","UNKNOWN_NOT_IN_PG_CATALOG","postgres","UNCLASSIFIED","UNDECIDED","UNKNOWN"
"public","TABLE","csp_violations","postgres","INSERT","NO","UNKNOWN_NOT_IN_PG_CATALOG","postgres","UNCLASSIFIED","UNDECIDED","UNKNOWN"
"public","TABLE","csp_violations","postgres","MAINTAIN","NO","UNKNOWN_NOT_IN_PG_CATALOG","postgres","UNCLASSIFIED","UNDECIDED","UNKNOWN"
"public","TABLE","csp_violations","postgres","REFERENCES","NO","UNKNOWN_NOT_IN_PG_CATALOG","postgres","UNCLASSIFIED","UNDECIDED","UNKNOWN"
"public","TABLE","csp_violations","postgres","SELECT","NO","UNKNOWN_NOT_IN_PG_CATALOG","postgres","UNCLASSIFIED","UNDECIDED","UNKNOWN"
"public","TABLE","csp_violations","postgres","TRIGGER","NO","UNKNOWN_NOT_IN_PG_CATALOG","postgres","UNCLASSIFIED","UNDECIDED","UNKNOWN"
"public","TABLE","csp_violations","postgres","TRUNCATE","NO","UNKNOWN_NOT_IN_PG_CATALOG","postgres","UNCLASSIFIED","UNDECIDED","UNKNOWN"
"public","TABLE","csp_violations","postgres","UPDATE","NO","UNKNOWN_NOT_IN_PG_CATALOG","postgres","UNCLASSIFIED","UNDECIDED","UNKNOWN"
"public","TABLE","csp_violations","service_role","DELETE","NO","UNKNOWN_NOT_IN_PG_CATALOG","postgres","UNCLASSIFIED","UNDECIDED","UNKNOWN"
"public","TABLE","csp_violations","service_role","INSERT","NO","UNKNOWN_NOT_IN_PG_CATALOG","postgres","UNCLASSIFIED","UNDECIDED","UNKNOWN"
"public","TABLE","csp_violations","service_role","MAINTAIN","NO","UNKNOWN_NOT_IN_PG_CATALOG","postgres","UNCLASSIFIED","UNDECIDED","UNKNOWN"
"public","TABLE","csp_violations","service_role","REFERENCES","NO","UNKNOWN_NOT_IN_PG_CATALOG","postgres","UNCLASSIFIED","UNDECIDED","UNKNOWN"
"public","TABLE","csp_violations","service_role","SELECT","NO","UNKNOWN_NOT_IN_PG_CATALOG","postgres","UNCLASSIFIED","UNDECIDED","UNKNOWN"
"public","TABLE","csp_violations","service_role","TRIGGER","NO","UNKNOWN_NOT_IN_PG_CATALOG","postgres","UNCLASSIFIED","UNDECIDED","UNKNOWN"
"public","TABLE","csp_violations","service_role","TRUNCATE","NO","UNKNOWN_NOT_IN_PG_CATALOG","postgres","UNCLASSIFIED","UNDECIDED","UNKNOWN"
"public","TABLE","csp_violations","service_role","UPDATE","NO","UNKNOWN_NOT_IN_PG_CATALOG","postgres","UNCLASSIFIED","UNDECIDED","UNKNOWN"
"public","TABLE","customer_insurance_coverages","authenticated","SELECT","NO","UNKNOWN_NOT_IN_PG_CATALOG","postgres","UNCLASSIFIED","UNDECIDED","UNKNOWN"
"public","TABLE","customer_insurance_coverages","postgres","DELETE","NO","UNKNOWN_NOT_IN_PG_CATALOG","postgres","UNCLASSIFIED","UNDECIDED","UNKNOWN"
"public","TABLE","customer_insurance_coverages","postgres","INSERT","NO","UNKNOWN_NOT_IN_PG_CATALOG","postgres","UNCLASSIFIED","UNDECIDED","UNKNOWN"
"public","TABLE","customer_insurance_coverages","postgres","MAINTAIN","NO","UNKNOWN_NOT_IN_PG_CATALOG","postgres","UNCLASSIFIED","UNDECIDED","UNKNOWN"
"public","TABLE","customer_insurance_coverages","postgres","REFERENCES","NO","UNKNOWN_NOT_IN_PG_CATALOG","postgres","UNCLASSIFIED","UNDECIDED","UNKNOWN"
"public","TABLE","customer_insurance_coverages","postgres","SELECT","NO","UNKNOWN_NOT_IN_PG_CATALOG","postgres","UNCLASSIFIED","UNDECIDED","UNKNOWN"
"public","TABLE","customer_insurance_coverages","postgres","TRIGGER","NO","UNKNOWN_NOT_IN_PG_CATALOG","postgres","UNCLASSIFIED","UNDECIDED","UNKNOWN"
"public","TABLE","customer_insurance_coverages","postgres","TRUNCATE","NO","UNKNOWN_NOT_IN_PG_CATALOG","postgres","UNCLASSIFIED","UNDECIDED","UNKNOWN"
"public","TABLE","customer_insurance_coverages","postgres","UPDATE","NO","UNKNOWN_NOT_IN_PG_CATALOG","postgres","UNCLASSIFIED","UNDECIDED","UNKNOWN"
"public","TABLE","customer_insurance_coverages","service_role","DELETE","NO","UNKNOWN_NOT_IN_PG_CATALOG","postgres","UNCLASSIFIED","UNDECIDED","UNKNOWN"
"public","TABLE","customer_insurance_coverages","service_role","INSERT","NO","UNKNOWN_NOT_IN_PG_CATALOG","postgres","UNCLASSIFIED","UNDECIDED","UNKNOWN"
"public","TABLE","customer_insurance_coverages","service_role","MAINTAIN","NO","UNKNOWN_NOT_IN_PG_CATALOG","postgres","UNCLASSIFIED","UNDECIDED","UNKNOWN"
"public","TABLE","customer_insurance_coverages","service_role","REFERENCES","NO","UNKNOWN_NOT_IN_PG_CATALOG","postgres","UNCLASSIFIED","UNDECIDED","UNKNOWN"
"public","TABLE","customer_insurance_coverages","service_role","SELECT","NO","UNKNOWN_NOT_IN_PG_CATALOG","postgres","UNCLASSIFIED","UNDECIDED","UNKNOWN"
"public","TABLE","customer_insurance_coverages","service_role","TRIGGER","NO","UNKNOWN_NOT_IN_PG_CATALOG","postgres","UNCLASSIFIED","UNDECIDED","UNKNOWN"
"public","TABLE","customer_insurance_coverages","service_role","TRUNCATE","NO","UNKNOWN_NOT_IN_PG_CATALOG","postgres","UNCLASSIFIED","UNDECIDED","UNKNOWN"
"public","TABLE","customer_insurance_coverages","service_role","UPDATE","NO","UNKNOWN_NOT_IN_PG_CATALOG","postgres","UNCLASSIFIED","UNDECIDED","UNKNOWN"
"public","TABLE","customers","authenticated","SELECT","NO","UNKNOWN_NOT_IN_PG_CATALOG","postgres","UNCLASSIFIED","UNDECIDED","UNKNOWN"
"public","TABLE","customers","postgres","DELETE","NO","UNKNOWN_NOT_IN_PG_CATALOG","postgres","UNCLASSIFIED","UNDECIDED","UNKNOWN"
"public","TABLE","customers","postgres","INSERT","NO","UNKNOWN_NOT_IN_PG_CATALOG","postgres","UNCLASSIFIED","UNDECIDED","UNKNOWN"
"public","TABLE","customers","postgres","MAINTAIN","NO","UNKNOWN_NOT_IN_PG_CATALOG","postgres","UNCLASSIFIED","UNDECIDED","UNKNOWN"
"public","TABLE","customers","postgres","REFERENCES","NO","UNKNOWN_NOT_IN_PG_CATALOG","postgres","UNCLASSIFIED","UNDECIDED","UNKNOWN"
"public","TABLE","customers","postgres","SELECT","NO","UNKNOWN_NOT_IN_PG_CATALOG","postgres","UNCLASSIFIED","UNDECIDED","UNKNOWN"
"public","TABLE","customers","postgres","TRIGGER","NO","UNKNOWN_NOT_IN_PG_CATALOG","postgres","UNCLASSIFIED","UNDECIDED","UNKNOWN"
"public","TABLE","customers","postgres","TRUNCATE","NO","UNKNOWN_NOT_IN_PG_CATALOG","postgres","UNCLASSIFIED","UNDECIDED","UNKNOWN"
"public","TABLE","customers","postgres","UPDATE","NO","UNKNOWN_NOT_IN_PG_CATALOG","postgres","UNCLASSIFIED","UNDECIDED","UNKNOWN"
"public","TABLE","customers","service_role","DELETE","NO","UNKNOWN_NOT_IN_PG_CATALOG","postgres","UNCLASSIFIED","UNDECIDED","UNKNOWN"
"public","TABLE","customers","service_role","INSERT","NO","UNKNOWN_NOT_IN_PG_CATALOG","postgres","UNCLASSIFIED","UNDECIDED","UNKNOWN"
"public","TABLE","customers","service_role","MAINTAIN","NO","UNKNOWN_NOT_IN_PG_CATALOG","postgres","UNCLASSIFIED","UNDECIDED","UNKNOWN"
"public","TABLE","customers","service_role","REFERENCES","NO","UNKNOWN_NOT_IN_PG_CATALOG","postgres","UNCLASSIFIED","UNDECIDED","UNKNOWN"
"public","TABLE","customers","service_role","SELECT","NO","UNKNOWN_NOT_IN_PG_CATALOG","postgres","UNCLASSIFIED","UNDECIDED","UNKNOWN"
"public","TABLE","customers","service_role","TRIGGER","NO","UNKNOWN_NOT_IN_PG_CATALOG","postgres","UNCLASSIFIED","UNDECIDED","UNKNOWN"
"public","TABLE","customers","service_role","TRUNCATE","NO","UNKNOWN_NOT_IN_PG_CATALOG","postgres","UNCLASSIFIED","UNDECIDED","UNKNOWN"
"public","TABLE","customers","service_role","UPDATE","NO","UNKNOWN_NOT_IN_PG_CATALOG","postgres","UNCLASSIFIED","UNDECIDED","UNKNOWN"
"public","TABLE","daily_report_item_tag_definitions","postgres","DELETE","NO","UNKNOWN_NOT_IN_PG_CATALOG","postgres","UNCLASSIFIED","UNDECIDED","UNKNOWN"
"public","TABLE","daily_report_item_tag_definitions","postgres","INSERT","NO","UNKNOWN_NOT_IN_PG_CATALOG","postgres","UNCLASSIFIED","UNDECIDED","UNKNOWN"
"public","TABLE","daily_report_item_tag_definitions","postgres","MAINTAIN","NO","UNKNOWN_NOT_IN_PG_CATALOG","postgres","UNCLASSIFIED","UNDECIDED","UNKNOWN"
"public","TABLE","daily_report_item_tag_definitions","postgres","REFERENCES","NO","UNKNOWN_NOT_IN_PG_CATALOG","postgres","UNCLASSIFIED","UNDECIDED","UNKNOWN"
"public","TABLE","daily_report_item_tag_definitions","postgres","SELECT","NO","UNKNOWN_NOT_IN_PG_CATALOG","postgres","UNCLASSIFIED","UNDECIDED","UNKNOWN"
"public","TABLE","daily_report_item_tag_definitions","postgres","TRIGGER","NO","UNKNOWN_NOT_IN_PG_CATALOG","postgres","UNCLASSIFIED","UNDECIDED","UNKNOWN"
"public","TABLE","daily_report_item_tag_definitions","postgres","TRUNCATE","NO","UNKNOWN_NOT_IN_PG_CATALOG","postgres","UNCLASSIFIED","UNDECIDED","UNKNOWN"
"public","TABLE","daily_report_item_tag_definitions","postgres","UPDATE","NO","UNKNOWN_NOT_IN_PG_CATALOG","postgres","UNCLASSIFIED","UNDECIDED","UNKNOWN"
"public","TABLE","daily_report_item_tag_definitions","service_role","DELETE","NO","UNKNOWN_NOT_IN_PG_CATALOG","postgres","UNCLASSIFIED","UNDECIDED","UNKNOWN"
"public","TABLE","daily_report_item_tag_definitions","service_role","INSERT","NO","UNKNOWN_NOT_IN_PG_CATALOG","postgres","UNCLASSIFIED","UNDECIDED","UNKNOWN"
"public","TABLE","daily_report_item_tag_definitions","service_role","MAINTAIN","NO","UNKNOWN_NOT_IN_PG_CATALOG","postgres","UNCLASSIFIED","UNDECIDED","UNKNOWN"
"public","TABLE","daily_report_item_tag_definitions","service_role","REFERENCES","NO","UNKNOWN_NOT_IN_PG_CATALOG","postgres","UNCLASSIFIED","UNDECIDED","UNKNOWN"
"public","TABLE","daily_report_item_tag_definitions","service_role","SELECT","NO","UNKNOWN_NOT_IN_PG_CATALOG","postgres","UNCLASSIFIED","UNDECIDED","UNKNOWN"
"public","TABLE","daily_report_item_tag_definitions","service_role","TRIGGER","NO","UNKNOWN_NOT_IN_PG_CATALOG","postgres","UNCLASSIFIED","UNDECIDED","UNKNOWN"
"public","TABLE","daily_report_item_tag_definitions","service_role","TRUNCATE","NO","UNKNOWN_NOT_IN_PG_CATALOG","postgres","UNCLASSIFIED","UNDECIDED","UNKNOWN"
"public","TABLE","daily_report_item_tag_definitions","service_role","UPDATE","NO","UNKNOWN_NOT_IN_PG_CATALOG","postgres","UNCLASSIFIED","UNDECIDED","UNKNOWN"
"public","TABLE","daily_report_item_tags","postgres","DELETE","NO","UNKNOWN_NOT_IN_PG_CATALOG","postgres","UNCLASSIFIED","UNDECIDED","UNKNOWN"
"public","TABLE","daily_report_item_tags","postgres","INSERT","NO","UNKNOWN_NOT_IN_PG_CATALOG","postgres","UNCLASSIFIED","UNDECIDED","UNKNOWN"
"public","TABLE","daily_report_item_tags","postgres","MAINTAIN","NO","UNKNOWN_NOT_IN_PG_CATALOG","postgres","UNCLASSIFIED","UNDECIDED","UNKNOWN"
"public","TABLE","daily_report_item_tags","postgres","REFERENCES","NO","UNKNOWN_NOT_IN_PG_CATALOG","postgres","UNCLASSIFIED","UNDECIDED","UNKNOWN"
"public","TABLE","daily_report_item_tags","postgres","SELECT","NO","UNKNOWN_NOT_IN_PG_CATALOG","postgres","UNCLASSIFIED","UNDECIDED","UNKNOWN"
"public","TABLE","daily_report_item_tags","postgres","TRIGGER","NO","UNKNOWN_NOT_IN_PG_CATALOG","postgres","UNCLASSIFIED","UNDECIDED","UNKNOWN"
"public","TABLE","daily_report_item_tags","postgres","TRUNCATE","NO","UNKNOWN_NOT_IN_PG_CATALOG","postgres","UNCLASSIFIED","UNDECIDED","UNKNOWN"
"public","TABLE","daily_report_item_tags","postgres","UPDATE","NO","UNKNOWN_NOT_IN_PG_CATALOG","postgres","UNCLASSIFIED","UNDECIDED","UNKNOWN"
"public","TABLE","daily_report_item_tags","service_role","DELETE","NO","UNKNOWN_NOT_IN_PG_CATALOG","postgres","UNCLASSIFIED","UNDECIDED","UNKNOWN"
"public","TABLE","daily_report_item_tags","service_role","INSERT","NO","UNKNOWN_NOT_IN_PG_CATALOG","postgres","UNCLASSIFIED","UNDECIDED","UNKNOWN"
"public","TABLE","daily_report_item_tags","service_role","MAINTAIN","NO","UNKNOWN_NOT_IN_PG_CATALOG","postgres","UNCLASSIFIED","UNDECIDED","UNKNOWN"
"public","TABLE","daily_report_item_tags","service_role","REFERENCES","NO","UNKNOWN_NOT_IN_PG_CATALOG","postgres","UNCLASSIFIED","UNDECIDED","UNKNOWN"
"public","TABLE","daily_report_item_tags","service_role","SELECT","NO","UNKNOWN_NOT_IN_PG_CATALOG","postgres","UNCLASSIFIED","UNDECIDED","UNKNOWN"
"public","TABLE","daily_report_item_tags","service_role","TRIGGER","NO","UNKNOWN_NOT_IN_PG_CATALOG","postgres","UNCLASSIFIED","UNDECIDED","UNKNOWN"
"public","TABLE","daily_report_item_tags","service_role","TRUNCATE","NO","UNKNOWN_NOT_IN_PG_CATALOG","postgres","UNCLASSIFIED","UNDECIDED","UNKNOWN"
"public","TABLE","daily_report_item_tags","service_role","UPDATE","NO","UNKNOWN_NOT_IN_PG_CATALOG","postgres","UNCLASSIFIED","UNDECIDED","UNKNOWN"
"public","TABLE","daily_report_items","authenticated","SELECT","NO","UNKNOWN_NOT_IN_PG_CATALOG","postgres","UNCLASSIFIED","UNDECIDED","UNKNOWN"
"public","TABLE","daily_report_items","postgres","DELETE","NO","UNKNOWN_NOT_IN_PG_CATALOG","postgres","UNCLASSIFIED","UNDECIDED","UNKNOWN"
"public","TABLE","daily_report_items","postgres","INSERT","NO","UNKNOWN_NOT_IN_PG_CATALOG","postgres","UNCLASSIFIED","UNDECIDED","UNKNOWN"
"public","TABLE","daily_report_items","postgres","MAINTAIN","NO","UNKNOWN_NOT_IN_PG_CATALOG","postgres","UNCLASSIFIED","UNDECIDED","UNKNOWN"
"public","TABLE","daily_report_items","postgres","REFERENCES","NO","UNKNOWN_NOT_IN_PG_CATALOG","postgres","UNCLASSIFIED","UNDECIDED","UNKNOWN"
"public","TABLE","daily_report_items","postgres","SELECT","NO","UNKNOWN_NOT_IN_PG_CATALOG","postgres","UNCLASSIFIED","UNDECIDED","UNKNOWN"
"public","TABLE","daily_report_items","postgres","TRIGGER","NO","UNKNOWN_NOT_IN_PG_CATALOG","postgres","UNCLASSIFIED","UNDECIDED","UNKNOWN"
"public","TABLE","daily_report_items","postgres","TRUNCATE","NO","UNKNOWN_NOT_IN_PG_CATALOG","postgres","UNCLASSIFIED","UNDECIDED","UNKNOWN"
"public","TABLE","daily_report_items","postgres","UPDATE","NO","UNKNOWN_NOT_IN_PG_CATALOG","postgres","UNCLASSIFIED","UNDECIDED","UNKNOWN"
"public","TABLE","daily_report_items","service_role","DELETE","NO","UNKNOWN_NOT_IN_PG_CATALOG","postgres","UNCLASSIFIED","UNDECIDED","UNKNOWN"
"public","TABLE","daily_report_items","service_role","INSERT","NO","UNKNOWN_NOT_IN_PG_CATALOG","postgres","UNCLASSIFIED","UNDECIDED","UNKNOWN"
"public","TABLE","daily_report_items","service_role","MAINTAIN","NO","UNKNOWN_NOT_IN_PG_CATALOG","postgres","UNCLASSIFIED","UNDECIDED","UNKNOWN"
"public","TABLE","daily_report_items","service_role","REFERENCES","NO","UNKNOWN_NOT_IN_PG_CATALOG","postgres","UNCLASSIFIED","UNDECIDED","UNKNOWN"
"public","TABLE","daily_report_items","service_role","SELECT","NO","UNKNOWN_NOT_IN_PG_CATALOG","postgres","UNCLASSIFIED","UNDECIDED","UNKNOWN"
"public","TABLE","daily_report_items","service_role","TRIGGER","NO","UNKNOWN_NOT_IN_PG_CATALOG","postgres","UNCLASSIFIED","UNDECIDED","UNKNOWN"
"public","TABLE","daily_report_items","service_role","TRUNCATE","NO","UNKNOWN_NOT_IN_PG_CATALOG","postgres","UNCLASSIFIED","UNDECIDED","UNKNOWN"
"public","TABLE","daily_report_items","service_role","UPDATE","NO","UNKNOWN_NOT_IN_PG_CATALOG","postgres","UNCLASSIFIED","UNDECIDED","UNKNOWN"
"public","TABLE","daily_reports","authenticated","DELETE","NO","UNKNOWN_NOT_IN_PG_CATALOG","postgres","UNCLASSIFIED","UNDECIDED","UNKNOWN"
"public","TABLE","daily_reports","authenticated","INSERT","NO","UNKNOWN_NOT_IN_PG_CATALOG","postgres","UNCLASSIFIED","UNDECIDED","UNKNOWN"
"public","TABLE","daily_reports","authenticated","SELECT","NO","UNKNOWN_NOT_IN_PG_CATALOG","postgres","UNCLASSIFIED","UNDECIDED","UNKNOWN"
"public","TABLE","daily_reports","authenticated","UPDATE","NO","UNKNOWN_NOT_IN_PG_CATALOG","postgres","UNCLASSIFIED","UNDECIDED","UNKNOWN"
"public","TABLE","daily_reports","postgres","DELETE","NO","UNKNOWN_NOT_IN_PG_CATALOG","postgres","UNCLASSIFIED","UNDECIDED","UNKNOWN"
"public","TABLE","daily_reports","postgres","INSERT","NO","UNKNOWN_NOT_IN_PG_CATALOG","postgres","UNCLASSIFIED","UNDECIDED","UNKNOWN"
"public","TABLE","daily_reports","postgres","MAINTAIN","NO","UNKNOWN_NOT_IN_PG_CATALOG","postgres","UNCLASSIFIED","UNDECIDED","UNKNOWN"
"public","TABLE","daily_reports","postgres","REFERENCES","NO","UNKNOWN_NOT_IN_PG_CATALOG","postgres","UNCLASSIFIED","UNDECIDED","UNKNOWN"
"public","TABLE","daily_reports","postgres","SELECT","NO","UNKNOWN_NOT_IN_PG_CATALOG","postgres","UNCLASSIFIED","UNDECIDED","UNKNOWN"
"public","TABLE","daily_reports","postgres","TRIGGER","NO","UNKNOWN_NOT_IN_PG_CATALOG","postgres","UNCLASSIFIED","UNDECIDED","UNKNOWN"
"public","TABLE","daily_reports","postgres","TRUNCATE","NO","UNKNOWN_NOT_IN_PG_CATALOG","postgres","UNCLASSIFIED","UNDECIDED","UNKNOWN"
"public","TABLE","daily_reports","postgres","UPDATE","NO","UNKNOWN_NOT_IN_PG_CATALOG","postgres","UNCLASSIFIED","UNDECIDED","UNKNOWN"
"public","TABLE","daily_reports","service_role","DELETE","NO","UNKNOWN_NOT_IN_PG_CATALOG","postgres","UNCLASSIFIED","UNDECIDED","UNKNOWN"
"public","TABLE","daily_reports","service_role","INSERT","NO","UNKNOWN_NOT_IN_PG_CATALOG","postgres","UNCLASSIFIED","UNDECIDED","UNKNOWN"
"public","TABLE","daily_reports","service_role","MAINTAIN","NO","UNKNOWN_NOT_IN_PG_CATALOG","postgres","UNCLASSIFIED","UNDECIDED","UNKNOWN"
"public","TABLE","daily_reports","service_role","REFERENCES","NO","UNKNOWN_NOT_IN_PG_CATALOG","postgres","UNCLASSIFIED","UNDECIDED","UNKNOWN"
"public","TABLE","daily_reports","service_role","SELECT","NO","UNKNOWN_NOT_IN_PG_CATALOG","postgres","UNCLASSIFIED","UNDECIDED","UNKNOWN"
"public","TABLE","daily_reports","service_role","TRIGGER","NO","UNKNOWN_NOT_IN_PG_CATALOG","postgres","UNCLASSIFIED","UNDECIDED","UNKNOWN"
"public","TABLE","daily_reports","service_role","TRUNCATE","NO","UNKNOWN_NOT_IN_PG_CATALOG","postgres","UNCLASSIFIED","UNDECIDED","UNKNOWN"
"public","TABLE","daily_reports","service_role","UPDATE","NO","UNKNOWN_NOT_IN_PG_CATALOG","postgres","UNCLASSIFIED","UNDECIDED","UNKNOWN"
"public","TABLE","email_logs","postgres","DELETE","NO","UNKNOWN_NOT_IN_PG_CATALOG","postgres","UNCLASSIFIED","UNDECIDED","UNKNOWN"
"public","TABLE","email_logs","postgres","INSERT","NO","UNKNOWN_NOT_IN_PG_CATALOG","postgres","UNCLASSIFIED","UNDECIDED","UNKNOWN"
"public","TABLE","email_logs","postgres","MAINTAIN","NO","UNKNOWN_NOT_IN_PG_CATALOG","postgres","UNCLASSIFIED","UNDECIDED","UNKNOWN"
"public","TABLE","email_logs","postgres","REFERENCES","NO","UNKNOWN_NOT_IN_PG_CATALOG","postgres","UNCLASSIFIED","UNDECIDED","UNKNOWN"
"public","TABLE","email_logs","postgres","SELECT","NO","UNKNOWN_NOT_IN_PG_CATALOG","postgres","UNCLASSIFIED","UNDECIDED","UNKNOWN"
"public","TABLE","email_logs","postgres","TRIGGER","NO","UNKNOWN_NOT_IN_PG_CATALOG","postgres","UNCLASSIFIED","UNDECIDED","UNKNOWN"
"public","TABLE","email_logs","postgres","TRUNCATE","NO","UNKNOWN_NOT_IN_PG_CATALOG","postgres","UNCLASSIFIED","UNDECIDED","UNKNOWN"
"public","TABLE","email_logs","postgres","UPDATE","NO","UNKNOWN_NOT_IN_PG_CATALOG","postgres","UNCLASSIFIED","UNDECIDED","UNKNOWN"
"public","TABLE","email_logs","service_role","DELETE","NO","UNKNOWN_NOT_IN_PG_CATALOG","postgres","UNCLASSIFIED","UNDECIDED","UNKNOWN"
"public","TABLE","email_logs","service_role","INSERT","NO","UNKNOWN_NOT_IN_PG_CATALOG","postgres","UNCLASSIFIED","UNDECIDED","UNKNOWN"
"public","TABLE","email_logs","service_role","MAINTAIN","NO","UNKNOWN_NOT_IN_PG_CATALOG","postgres","UNCLASSIFIED","UNDECIDED","UNKNOWN"
"public","TABLE","email_logs","service_role","REFERENCES","NO","UNKNOWN_NOT_IN_PG_CATALOG","postgres","UNCLASSIFIED","UNDECIDED","UNKNOWN"
"public","TABLE","email_logs","service_role","SELECT","NO","UNKNOWN_NOT_IN_PG_CATALOG","postgres","UNCLASSIFIED","UNDECIDED","UNKNOWN"
"public","TABLE","email_logs","service_role","TRIGGER","NO","UNKNOWN_NOT_IN_PG_CATALOG","postgres","UNCLASSIFIED","UNDECIDED","UNKNOWN"
"public","TABLE","email_logs","service_role","TRUNCATE","NO","UNKNOWN_NOT_IN_PG_CATALOG","postgres","UNCLASSIFIED","UNDECIDED","UNKNOWN"
"public","TABLE","email_logs","service_role","UPDATE","NO","UNKNOWN_NOT_IN_PG_CATALOG","postgres","UNCLASSIFIED","UNDECIDED","UNKNOWN"
"public","TABLE","email_outbox","postgres","DELETE","NO","UNKNOWN_NOT_IN_PG_CATALOG","postgres","UNCLASSIFIED","UNDECIDED","UNKNOWN"
"public","TABLE","email_outbox","postgres","INSERT","NO","UNKNOWN_NOT_IN_PG_CATALOG","postgres","UNCLASSIFIED","UNDECIDED","UNKNOWN"
"public","TABLE","email_outbox","postgres","MAINTAIN","NO","UNKNOWN_NOT_IN_PG_CATALOG","postgres","UNCLASSIFIED","UNDECIDED","UNKNOWN"
"public","TABLE","email_outbox","postgres","REFERENCES","NO","UNKNOWN_NOT_IN_PG_CATALOG","postgres","UNCLASSIFIED","UNDECIDED","UNKNOWN"
"public","TABLE","email_outbox","postgres","SELECT","NO","UNKNOWN_NOT_IN_PG_CATALOG","postgres","UNCLASSIFIED","UNDECIDED","UNKNOWN"
"public","TABLE","email_outbox","postgres","TRIGGER","NO","UNKNOWN_NOT_IN_PG_CATALOG","postgres","UNCLASSIFIED","UNDECIDED","UNKNOWN"
"public","TABLE","email_outbox","postgres","TRUNCATE","NO","UNKNOWN_NOT_IN_PG_CATALOG","postgres","UNCLASSIFIED","UNDECIDED","UNKNOWN"
"public","TABLE","email_outbox","postgres","UPDATE","NO","UNKNOWN_NOT_IN_PG_CATALOG","postgres","UNCLASSIFIED","UNDECIDED","UNKNOWN"
"public","TABLE","email_outbox","service_role","DELETE","NO","UNKNOWN_NOT_IN_PG_CATALOG","postgres","UNCLASSIFIED","UNDECIDED","UNKNOWN"
"public","TABLE","email_outbox","service_role","INSERT","NO","UNKNOWN_NOT_IN_PG_CATALOG","postgres","UNCLASSIFIED","UNDECIDED","UNKNOWN"
"public","TABLE","email_outbox","service_role","MAINTAIN","NO","UNKNOWN_NOT_IN_PG_CATALOG","postgres","UNCLASSIFIED","UNDECIDED","UNKNOWN"
"public","TABLE","email_outbox","service_role","REFERENCES","NO","UNKNOWN_NOT_IN_PG_CATALOG","postgres","UNCLASSIFIED","UNDECIDED","UNKNOWN"
"public","TABLE","email_outbox","service_role","SELECT","NO","UNKNOWN_NOT_IN_PG_CATALOG","postgres","UNCLASSIFIED","UNDECIDED","UNKNOWN"
"public","TABLE","email_outbox","service_role","TRIGGER","NO","UNKNOWN_NOT_IN_PG_CATALOG","postgres","UNCLASSIFIED","UNDECIDED","UNKNOWN"
"public","TABLE","email_outbox","service_role","TRUNCATE","NO","UNKNOWN_NOT_IN_PG_CATALOG","postgres","UNCLASSIFIED","UNDECIDED","UNKNOWN"
"public","TABLE","email_outbox","service_role","UPDATE","NO","UNKNOWN_NOT_IN_PG_CATALOG","postgres","UNCLASSIFIED","UNDECIDED","UNKNOWN"
"public","TABLE","encryption_keys","postgres","DELETE","NO","UNKNOWN_NOT_IN_PG_CATALOG","postgres","UNCLASSIFIED","UNDECIDED","UNKNOWN"
"public","TABLE","encryption_keys","postgres","INSERT","NO","UNKNOWN_NOT_IN_PG_CATALOG","postgres","UNCLASSIFIED","UNDECIDED","UNKNOWN"
"public","TABLE","encryption_keys","postgres","MAINTAIN","NO","UNKNOWN_NOT_IN_PG_CATALOG","postgres","UNCLASSIFIED","UNDECIDED","UNKNOWN"
"public","TABLE","encryption_keys","postgres","REFERENCES","NO","UNKNOWN_NOT_IN_PG_CATALOG","postgres","UNCLASSIFIED","UNDECIDED","UNKNOWN"
"public","TABLE","encryption_keys","postgres","SELECT","NO","UNKNOWN_NOT_IN_PG_CATALOG","postgres","UNCLASSIFIED","UNDECIDED","UNKNOWN"
"public","TABLE","encryption_keys","postgres","TRIGGER","NO","UNKNOWN_NOT_IN_PG_CATALOG","postgres","UNCLASSIFIED","UNDECIDED","UNKNOWN"
"public","TABLE","encryption_keys","postgres","TRUNCATE","NO","UNKNOWN_NOT_IN_PG_CATALOG","postgres","UNCLASSIFIED","UNDECIDED","UNKNOWN"
"public","TABLE","encryption_keys","postgres","UPDATE","NO","UNKNOWN_NOT_IN_PG_CATALOG","postgres","UNCLASSIFIED","UNDECIDED","UNKNOWN"
"public","TABLE","encryption_keys","service_role","DELETE","NO","UNKNOWN_NOT_IN_PG_CATALOG","postgres","UNCLASSIFIED","UNDECIDED","UNKNOWN"
"public","TABLE","encryption_keys","service_role","INSERT","NO","UNKNOWN_NOT_IN_PG_CATALOG","postgres","UNCLASSIFIED","UNDECIDED","UNKNOWN"
"public","TABLE","encryption_keys","service_role","MAINTAIN","NO","UNKNOWN_NOT_IN_PG_CATALOG","postgres","UNCLASSIFIED","UNDECIDED","UNKNOWN"
"public","TABLE","encryption_keys","service_role","REFERENCES","NO","UNKNOWN_NOT_IN_PG_CATALOG","postgres","UNCLASSIFIED","UNDECIDED","UNKNOWN"
"public","TABLE","encryption_keys","service_role","SELECT","NO","UNKNOWN_NOT_IN_PG_CATALOG","postgres","UNCLASSIFIED","UNDECIDED","UNKNOWN"
"public","TABLE","encryption_keys","service_role","TRIGGER","NO","UNKNOWN_NOT_IN_PG_CATALOG","postgres","UNCLASSIFIED","UNDECIDED","UNKNOWN"
"public","TABLE","encryption_keys","service_role","TRUNCATE","NO","UNKNOWN_NOT_IN_PG_CATALOG","postgres","UNCLASSIFIED","UNDECIDED","UNKNOWN"
"public","TABLE","encryption_keys","service_role","UPDATE","NO","UNKNOWN_NOT_IN_PG_CATALOG","postgres","UNCLASSIFIED","UNDECIDED","UNKNOWN"
"public","TABLE","improvement_backlog","authenticated","DELETE","NO","UNKNOWN_NOT_IN_PG_CATALOG","postgres","UNCLASSIFIED","UNDECIDED","UNKNOWN"
"public","TABLE","improvement_backlog","authenticated","INSERT","NO","UNKNOWN_NOT_IN_PG_CATALOG","postgres","UNCLASSIFIED","UNDECIDED","UNKNOWN"
"public","TABLE","improvement_backlog","authenticated","SELECT","NO","UNKNOWN_NOT_IN_PG_CATALOG","postgres","UNCLASSIFIED","UNDECIDED","UNKNOWN"
"public","TABLE","improvement_backlog","authenticated","UPDATE","NO","UNKNOWN_NOT_IN_PG_CATALOG","postgres","UNCLASSIFIED","UNDECIDED","UNKNOWN"
"public","TABLE","improvement_backlog","postgres","DELETE","NO","UNKNOWN_NOT_IN_PG_CATALOG","postgres","UNCLASSIFIED","UNDECIDED","UNKNOWN"
"public","TABLE","improvement_backlog","postgres","INSERT","NO","UNKNOWN_NOT_IN_PG_CATALOG","postgres","UNCLASSIFIED","UNDECIDED","UNKNOWN"
"public","TABLE","improvement_backlog","postgres","MAINTAIN","NO","UNKNOWN_NOT_IN_PG_CATALOG","postgres","UNCLASSIFIED","UNDECIDED","UNKNOWN"
"public","TABLE","improvement_backlog","postgres","REFERENCES","NO","UNKNOWN_NOT_IN_PG_CATALOG","postgres","UNCLASSIFIED","UNDECIDED","UNKNOWN"
"public","TABLE","improvement_backlog","postgres","SELECT","NO","UNKNOWN_NOT_IN_PG_CATALOG","postgres","UNCLASSIFIED","UNDECIDED","UNKNOWN"
"public","TABLE","improvement_backlog","postgres","TRIGGER","NO","UNKNOWN_NOT_IN_PG_CATALOG","postgres","UNCLASSIFIED","UNDECIDED","UNKNOWN"
"public","TABLE","improvement_backlog","postgres","TRUNCATE","NO","UNKNOWN_NOT_IN_PG_CATALOG","postgres","UNCLASSIFIED","UNDECIDED","UNKNOWN"
"public","TABLE","improvement_backlog","postgres","UPDATE","NO","UNKNOWN_NOT_IN_PG_CATALOG","postgres","UNCLASSIFIED","UNDECIDED","UNKNOWN"
"public","TABLE","improvement_backlog","service_role","DELETE","NO","UNKNOWN_NOT_IN_PG_CATALOG","postgres","UNCLASSIFIED","UNDECIDED","UNKNOWN"
"public","TABLE","improvement_backlog","service_role","INSERT","NO","UNKNOWN_NOT_IN_PG_CATALOG","postgres","UNCLASSIFIED","UNDECIDED","UNKNOWN"
"public","TABLE","improvement_backlog","service_role","MAINTAIN","NO","UNKNOWN_NOT_IN_PG_CATALOG","postgres","UNCLASSIFIED","UNDECIDED","UNKNOWN"
"public","TABLE","improvement_backlog","service_role","REFERENCES","NO","UNKNOWN_NOT_IN_PG_CATALOG","postgres","UNCLASSIFIED","UNDECIDED","UNKNOWN"
"public","TABLE","improvement_backlog","service_role","SELECT","NO","UNKNOWN_NOT_IN_PG_CATALOG","postgres","UNCLASSIFIED","UNDECIDED","UNKNOWN"
"public","TABLE","improvement_backlog","service_role","TRIGGER","NO","UNKNOWN_NOT_IN_PG_CATALOG","postgres","UNCLASSIFIED","UNDECIDED","UNKNOWN"
"public","TABLE","improvement_backlog","service_role","TRUNCATE","NO","UNKNOWN_NOT_IN_PG_CATALOG","postgres","UNCLASSIFIED","UNDECIDED","UNKNOWN"
"public","TABLE","improvement_backlog","service_role","UPDATE","NO","UNKNOWN_NOT_IN_PG_CATALOG","postgres","UNCLASSIFIED","UNDECIDED","UNKNOWN"
"public","TABLE","insurance_fee_items","postgres","DELETE","NO","UNKNOWN_NOT_IN_PG_CATALOG","postgres","UNCLASSIFIED","UNDECIDED","UNKNOWN"
"public","TABLE","insurance_fee_items","postgres","INSERT","NO","UNKNOWN_NOT_IN_PG_CATALOG","postgres","UNCLASSIFIED","UNDECIDED","UNKNOWN"
"public","TABLE","insurance_fee_items","postgres","MAINTAIN","NO","UNKNOWN_NOT_IN_PG_CATALOG","postgres","UNCLASSIFIED","UNDECIDED","UNKNOWN"
"public","TABLE","insurance_fee_items","postgres","REFERENCES","NO","UNKNOWN_NOT_IN_PG_CATALOG","postgres","UNCLASSIFIED","UNDECIDED","UNKNOWN"
"public","TABLE","insurance_fee_items","postgres","SELECT","NO","UNKNOWN_NOT_IN_PG_CATALOG","postgres","UNCLASSIFIED","UNDECIDED","UNKNOWN"
"public","TABLE","insurance_fee_items","postgres","TRIGGER","NO","UNKNOWN_NOT_IN_PG_CATALOG","postgres","UNCLASSIFIED","UNDECIDED","UNKNOWN"
"public","TABLE","insurance_fee_items","postgres","TRUNCATE","NO","UNKNOWN_NOT_IN_PG_CATALOG","postgres","UNCLASSIFIED","UNDECIDED","UNKNOWN"
"public","TABLE","insurance_fee_items","postgres","UPDATE","NO","UNKNOWN_NOT_IN_PG_CATALOG","postgres","UNCLASSIFIED","UNDECIDED","UNKNOWN"
"public","TABLE","insurance_fee_items","service_role","DELETE","NO","UNKNOWN_NOT_IN_PG_CATALOG","postgres","UNCLASSIFIED","UNDECIDED","UNKNOWN"
"public","TABLE","insurance_fee_items","service_role","INSERT","NO","UNKNOWN_NOT_IN_PG_CATALOG","postgres","UNCLASSIFIED","UNDECIDED","UNKNOWN"
"public","TABLE","insurance_fee_items","service_role","MAINTAIN","NO","UNKNOWN_NOT_IN_PG_CATALOG","postgres","UNCLASSIFIED","UNDECIDED","UNKNOWN"
"public","TABLE","insurance_fee_items","service_role","REFERENCES","NO","UNKNOWN_NOT_IN_PG_CATALOG","postgres","UNCLASSIFIED","UNDECIDED","UNKNOWN"
"public","TABLE","insurance_fee_items","service_role","SELECT","NO","UNKNOWN_NOT_IN_PG_CATALOG","postgres","UNCLASSIFIED","UNDECIDED","UNKNOWN"
"public","TABLE","insurance_fee_items","service_role","TRIGGER","NO","UNKNOWN_NOT_IN_PG_CATALOG","postgres","UNCLASSIFIED","UNDECIDED","UNKNOWN"
"public","TABLE","insurance_fee_items","service_role","TRUNCATE","NO","UNKNOWN_NOT_IN_PG_CATALOG","postgres","UNCLASSIFIED","UNDECIDED","UNKNOWN"
"public","TABLE","insurance_fee_items","service_role","UPDATE","NO","UNKNOWN_NOT_IN_PG_CATALOG","postgres","UNCLASSIFIED","UNDECIDED","UNKNOWN"
"public","TABLE","insurance_fee_revision_diffs","postgres","DELETE","NO","UNKNOWN_NOT_IN_PG_CATALOG","postgres","UNCLASSIFIED","UNDECIDED","UNKNOWN"
"public","TABLE","insurance_fee_revision_diffs","postgres","INSERT","NO","UNKNOWN_NOT_IN_PG_CATALOG","postgres","UNCLASSIFIED","UNDECIDED","UNKNOWN"
"public","TABLE","insurance_fee_revision_diffs","postgres","MAINTAIN","NO","UNKNOWN_NOT_IN_PG_CATALOG","postgres","UNCLASSIFIED","UNDECIDED","UNKNOWN"
"public","TABLE","insurance_fee_revision_diffs","postgres","REFERENCES","NO","UNKNOWN_NOT_IN_PG_CATALOG","postgres","UNCLASSIFIED","UNDECIDED","UNKNOWN"
"public","TABLE","insurance_fee_revision_diffs","postgres","SELECT","NO","UNKNOWN_NOT_IN_PG_CATALOG","postgres","UNCLASSIFIED","UNDECIDED","UNKNOWN"
"public","TABLE","insurance_fee_revision_diffs","postgres","TRIGGER","NO","UNKNOWN_NOT_IN_PG_CATALOG","postgres","UNCLASSIFIED","UNDECIDED","UNKNOWN"
"public","TABLE","insurance_fee_revision_diffs","postgres","TRUNCATE","NO","UNKNOWN_NOT_IN_PG_CATALOG","postgres","UNCLASSIFIED","UNDECIDED","UNKNOWN"
"public","TABLE","insurance_fee_revision_diffs","postgres","UPDATE","NO","UNKNOWN_NOT_IN_PG_CATALOG","postgres","UNCLASSIFIED","UNDECIDED","UNKNOWN"
"public","TABLE","insurance_fee_revision_diffs","service_role","DELETE","NO","UNKNOWN_NOT_IN_PG_CATALOG","postgres","UNCLASSIFIED","UNDECIDED","UNKNOWN"
"public","TABLE","insurance_fee_revision_diffs","service_role","INSERT","NO","UNKNOWN_NOT_IN_PG_CATALOG","postgres","UNCLASSIFIED","UNDECIDED","UNKNOWN"
"public","TABLE","insurance_fee_revision_diffs","service_role","MAINTAIN","NO","UNKNOWN_NOT_IN_PG_CATALOG","postgres","UNCLASSIFIED","UNDECIDED","UNKNOWN"
"public","TABLE","insurance_fee_revision_diffs","service_role","REFERENCES","NO","UNKNOWN_NOT_IN_PG_CATALOG","postgres","UNCLASSIFIED","UNDECIDED","UNKNOWN"
"public","TABLE","insurance_fee_revision_diffs","service_role","SELECT","NO","UNKNOWN_NOT_IN_PG_CATALOG","postgres","UNCLASSIFIED","UNDECIDED","UNKNOWN"
"public","TABLE","insurance_fee_revision_diffs","service_role","TRIGGER","NO","UNKNOWN_NOT_IN_PG_CATALOG","postgres","UNCLASSIFIED","UNDECIDED","UNKNOWN"
"public","TABLE","insurance_fee_revision_diffs","service_role","TRUNCATE","NO","UNKNOWN_NOT_IN_PG_CATALOG","postgres","UNCLASSIFIED","UNDECIDED","UNKNOWN"
"public","TABLE","insurance_fee_revision_diffs","service_role","UPDATE","NO","UNKNOWN_NOT_IN_PG_CATALOG","postgres","UNCLASSIFIED","UNDECIDED","UNKNOWN"
"public","TABLE","insurance_fee_schedules","postgres","DELETE","NO","UNKNOWN_NOT_IN_PG_CATALOG","postgres","UNCLASSIFIED","UNDECIDED","UNKNOWN"
"public","TABLE","insurance_fee_schedules","postgres","INSERT","NO","UNKNOWN_NOT_IN_PG_CATALOG","postgres","UNCLASSIFIED","UNDECIDED","UNKNOWN"
"public","TABLE","insurance_fee_schedules","postgres","MAINTAIN","NO","UNKNOWN_NOT_IN_PG_CATALOG","postgres","UNCLASSIFIED","UNDECIDED","UNKNOWN"
"public","TABLE","insurance_fee_schedules","postgres","REFERENCES","NO","UNKNOWN_NOT_IN_PG_CATALOG","postgres","UNCLASSIFIED","UNDECIDED","UNKNOWN"
"public","TABLE","insurance_fee_schedules","postgres","SELECT","NO","UNKNOWN_NOT_IN_PG_CATALOG","postgres","UNCLASSIFIED","UNDECIDED","UNKNOWN"
"public","TABLE","insurance_fee_schedules","postgres","TRIGGER","NO","UNKNOWN_NOT_IN_PG_CATALOG","postgres","UNCLASSIFIED","UNDECIDED","UNKNOWN"
"public","TABLE","insurance_fee_schedules","postgres","TRUNCATE","NO","UNKNOWN_NOT_IN_PG_CATALOG","postgres","UNCLASSIFIED","UNDECIDED","UNKNOWN"
"public","TABLE","insurance_fee_schedules","postgres","UPDATE","NO","UNKNOWN_NOT_IN_PG_CATALOG","postgres","UNCLASSIFIED","UNDECIDED","UNKNOWN"
"public","TABLE","insurance_fee_schedules","service_role","DELETE","NO","UNKNOWN_NOT_IN_PG_CATALOG","postgres","UNCLASSIFIED","UNDECIDED","UNKNOWN"
"public","TABLE","insurance_fee_schedules","service_role","INSERT","NO","UNKNOWN_NOT_IN_PG_CATALOG","postgres","UNCLASSIFIED","UNDECIDED","UNKNOWN"
"public","TABLE","insurance_fee_schedules","service_role","MAINTAIN","NO","UNKNOWN_NOT_IN_PG_CATALOG","postgres","UNCLASSIFIED","UNDECIDED","UNKNOWN"
"public","TABLE","insurance_fee_schedules","service_role","REFERENCES","NO","UNKNOWN_NOT_IN_PG_CATALOG","postgres","UNCLASSIFIED","UNDECIDED","UNKNOWN"
"public","TABLE","insurance_fee_schedules","service_role","SELECT","NO","UNKNOWN_NOT_IN_PG_CATALOG","postgres","UNCLASSIFIED","UNDECIDED","UNKNOWN"
"public","TABLE","insurance_fee_schedules","service_role","TRIGGER","NO","UNKNOWN_NOT_IN_PG_CATALOG","postgres","UNCLASSIFIED","UNDECIDED","UNKNOWN"
"public","TABLE","insurance_fee_schedules","service_role","TRUNCATE","NO","UNKNOWN_NOT_IN_PG_CATALOG","postgres","UNCLASSIFIED","UNDECIDED","UNKNOWN"
"public","TABLE","insurance_fee_schedules","service_role","UPDATE","NO","UNKNOWN_NOT_IN_PG_CATALOG","postgres","UNCLASSIFIED","UNDECIDED","UNKNOWN"
"public","TABLE","insurance_fee_source_snapshots","postgres","DELETE","NO","UNKNOWN_NOT_IN_PG_CATALOG","postgres","UNCLASSIFIED","UNDECIDED","UNKNOWN"
"public","TABLE","insurance_fee_source_snapshots","postgres","INSERT","NO","UNKNOWN_NOT_IN_PG_CATALOG","postgres","UNCLASSIFIED","UNDECIDED","UNKNOWN"
"public","TABLE","insurance_fee_source_snapshots","postgres","MAINTAIN","NO","UNKNOWN_NOT_IN_PG_CATALOG","postgres","UNCLASSIFIED","UNDECIDED","UNKNOWN"
"public","TABLE","insurance_fee_source_snapshots","postgres","REFERENCES","NO","UNKNOWN_NOT_IN_PG_CATALOG","postgres","UNCLASSIFIED","UNDECIDED","UNKNOWN"
"public","TABLE","insurance_fee_source_snapshots","postgres","SELECT","NO","UNKNOWN_NOT_IN_PG_CATALOG","postgres","UNCLASSIFIED","UNDECIDED","UNKNOWN"
"public","TABLE","insurance_fee_source_snapshots","postgres","TRIGGER","NO","UNKNOWN_NOT_IN_PG_CATALOG","postgres","UNCLASSIFIED","UNDECIDED","UNKNOWN"
"public","TABLE","insurance_fee_source_snapshots","postgres","TRUNCATE","NO","UNKNOWN_NOT_IN_PG_CATALOG","postgres","UNCLASSIFIED","UNDECIDED","UNKNOWN"
"public","TABLE","insurance_fee_source_snapshots","postgres","UPDATE","NO","UNKNOWN_NOT_IN_PG_CATALOG","postgres","UNCLASSIFIED","UNDECIDED","UNKNOWN"
"public","TABLE","insurance_fee_source_snapshots","service_role","DELETE","NO","UNKNOWN_NOT_IN_PG_CATALOG","postgres","UNCLASSIFIED","UNDECIDED","UNKNOWN"
"public","TABLE","insurance_fee_source_snapshots","service_role","INSERT","NO","UNKNOWN_NOT_IN_PG_CATALOG","postgres","UNCLASSIFIED","UNDECIDED","UNKNOWN"
"public","TABLE","insurance_fee_source_snapshots","service_role","MAINTAIN","NO","UNKNOWN_NOT_IN_PG_CATALOG","postgres","UNCLASSIFIED","UNDECIDED","UNKNOWN"
"public","TABLE","insurance_fee_source_snapshots","service_role","REFERENCES","NO","UNKNOWN_NOT_IN_PG_CATALOG","postgres","UNCLASSIFIED","UNDECIDED","UNKNOWN"
"public","TABLE","insurance_fee_source_snapshots","service_role","SELECT","NO","UNKNOWN_NOT_IN_PG_CATALOG","postgres","UNCLASSIFIED","UNDECIDED","UNKNOWN"
"public","TABLE","insurance_fee_source_snapshots","service_role","TRIGGER","NO","UNKNOWN_NOT_IN_PG_CATALOG","postgres","UNCLASSIFIED","UNDECIDED","UNKNOWN"
"public","TABLE","insurance_fee_source_snapshots","service_role","TRUNCATE","NO","UNKNOWN_NOT_IN_PG_CATALOG","postgres","UNCLASSIFIED","UNDECIDED","UNKNOWN"
"public","TABLE","insurance_fee_source_snapshots","service_role","UPDATE","NO","UNKNOWN_NOT_IN_PG_CATALOG","postgres","UNCLASSIFIED","UNDECIDED","UNKNOWN"
"public","TABLE","insurance_fee_sources","postgres","DELETE","NO","UNKNOWN_NOT_IN_PG_CATALOG","postgres","UNCLASSIFIED","UNDECIDED","UNKNOWN"
"public","TABLE","insurance_fee_sources","postgres","INSERT","NO","UNKNOWN_NOT_IN_PG_CATALOG","postgres","UNCLASSIFIED","UNDECIDED","UNKNOWN"
"public","TABLE","insurance_fee_sources","postgres","MAINTAIN","NO","UNKNOWN_NOT_IN_PG_CATALOG","postgres","UNCLASSIFIED","UNDECIDED","UNKNOWN"
"public","TABLE","insurance_fee_sources","postgres","REFERENCES","NO","UNKNOWN_NOT_IN_PG_CATALOG","postgres","UNCLASSIFIED","UNDECIDED","UNKNOWN"
"public","TABLE","insurance_fee_sources","postgres","SELECT","NO","UNKNOWN_NOT_IN_PG_CATALOG","postgres","UNCLASSIFIED","UNDECIDED","UNKNOWN"
"public","TABLE","insurance_fee_sources","postgres","TRIGGER","NO","UNKNOWN_NOT_IN_PG_CATALOG","postgres","UNCLASSIFIED","UNDECIDED","UNKNOWN"
"public","TABLE","insurance_fee_sources","postgres","TRUNCATE","NO","UNKNOWN_NOT_IN_PG_CATALOG","postgres","UNCLASSIFIED","UNDECIDED","UNKNOWN"
"public","TABLE","insurance_fee_sources","postgres","UPDATE","NO","UNKNOWN_NOT_IN_PG_CATALOG","postgres","UNCLASSIFIED","UNDECIDED","UNKNOWN"
"public","TABLE","insurance_fee_sources","service_role","DELETE","NO","UNKNOWN_NOT_IN_PG_CATALOG","postgres","UNCLASSIFIED","UNDECIDED","UNKNOWN"
"public","TABLE","insurance_fee_sources","service_role","INSERT","NO","UNKNOWN_NOT_IN_PG_CATALOG","postgres","UNCLASSIFIED","UNDECIDED","UNKNOWN"
"public","TABLE","insurance_fee_sources","service_role","MAINTAIN","NO","UNKNOWN_NOT_IN_PG_CATALOG","postgres","UNCLASSIFIED","UNDECIDED","UNKNOWN"
"public","TABLE","insurance_fee_sources","service_role","REFERENCES","NO","UNKNOWN_NOT_IN_PG_CATALOG","postgres","UNCLASSIFIED","UNDECIDED","UNKNOWN"
"public","TABLE","insurance_fee_sources","service_role","SELECT","NO","UNKNOWN_NOT_IN_PG_CATALOG","postgres","UNCLASSIFIED","UNDECIDED","UNKNOWN"
"public","TABLE","insurance_fee_sources","service_role","TRIGGER","NO","UNKNOWN_NOT_IN_PG_CATALOG","postgres","UNCLASSIFIED","UNDECIDED","UNKNOWN"
"public","TABLE","insurance_fee_sources","service_role","TRUNCATE","NO","UNKNOWN_NOT_IN_PG_CATALOG","postgres","UNCLASSIFIED","UNDECIDED","UNKNOWN"
"public","TABLE","insurance_fee_sources","service_role","UPDATE","NO","UNKNOWN_NOT_IN_PG_CATALOG","postgres","UNCLASSIFIED","UNDECIDED","UNKNOWN"
"public","TABLE","insurance_fee_warning_definitions","postgres","DELETE","NO","UNKNOWN_NOT_IN_PG_CATALOG","postgres","UNCLASSIFIED","UNDECIDED","UNKNOWN"
"public","TABLE","insurance_fee_warning_definitions","postgres","INSERT","NO","UNKNOWN_NOT_IN_PG_CATALOG","postgres","UNCLASSIFIED","UNDECIDED","UNKNOWN"
"public","TABLE","insurance_fee_warning_definitions","postgres","MAINTAIN","NO","UNKNOWN_NOT_IN_PG_CATALOG","postgres","UNCLASSIFIED","UNDECIDED","UNKNOWN"
"public","TABLE","insurance_fee_warning_definitions","postgres","REFERENCES","NO","UNKNOWN_NOT_IN_PG_CATALOG","postgres","UNCLASSIFIED","UNDECIDED","UNKNOWN"
"public","TABLE","insurance_fee_warning_definitions","postgres","SELECT","NO","UNKNOWN_NOT_IN_PG_CATALOG","postgres","UNCLASSIFIED","UNDECIDED","UNKNOWN"
"public","TABLE","insurance_fee_warning_definitions","postgres","TRIGGER","NO","UNKNOWN_NOT_IN_PG_CATALOG","postgres","UNCLASSIFIED","UNDECIDED","UNKNOWN"
"public","TABLE","insurance_fee_warning_definitions","postgres","TRUNCATE","NO","UNKNOWN_NOT_IN_PG_CATALOG","postgres","UNCLASSIFIED","UNDECIDED","UNKNOWN"
"public","TABLE","insurance_fee_warning_definitions","postgres","UPDATE","NO","UNKNOWN_NOT_IN_PG_CATALOG","postgres","UNCLASSIFIED","UNDECIDED","UNKNOWN"
"public","TABLE","insurance_fee_warning_definitions","service_role","DELETE","NO","UNKNOWN_NOT_IN_PG_CATALOG","postgres","UNCLASSIFIED","UNDECIDED","UNKNOWN"
"public","TABLE","insurance_fee_warning_definitions","service_role","INSERT","NO","UNKNOWN_NOT_IN_PG_CATALOG","postgres","UNCLASSIFIED","UNDECIDED","UNKNOWN"
"public","TABLE","insurance_fee_warning_definitions","service_role","MAINTAIN","NO","UNKNOWN_NOT_IN_PG_CATALOG","postgres","UNCLASSIFIED","UNDECIDED","UNKNOWN"
"public","TABLE","insurance_fee_warning_definitions","service_role","REFERENCES","NO","UNKNOWN_NOT_IN_PG_CATALOG","postgres","UNCLASSIFIED","UNDECIDED","UNKNOWN"
"public","TABLE","insurance_fee_warning_definitions","service_role","SELECT","NO","UNKNOWN_NOT_IN_PG_CATALOG","postgres","UNCLASSIFIED","UNDECIDED","UNKNOWN"
"public","TABLE","insurance_fee_warning_definitions","service_role","TRIGGER","NO","UNKNOWN_NOT_IN_PG_CATALOG","postgres","UNCLASSIFIED","UNDECIDED","UNKNOWN"
"public","TABLE","insurance_fee_warning_definitions","service_role","TRUNCATE","NO","UNKNOWN_NOT_IN_PG_CATALOG","postgres","UNCLASSIFIED","UNDECIDED","UNKNOWN"
"public","TABLE","insurance_fee_warning_definitions","service_role","UPDATE","NO","UNKNOWN_NOT_IN_PG_CATALOG","postgres","UNCLASSIFIED","UNDECIDED","UNKNOWN"
"public","TABLE","internal_job_runs","postgres","DELETE","NO","UNKNOWN_NOT_IN_PG_CATALOG","postgres","UNCLASSIFIED","UNDECIDED","UNKNOWN"
"public","TABLE","internal_job_runs","postgres","INSERT","NO","UNKNOWN_NOT_IN_PG_CATALOG","postgres","UNCLASSIFIED","UNDECIDED","UNKNOWN"
"public","TABLE","internal_job_runs","postgres","MAINTAIN","NO","UNKNOWN_NOT_IN_PG_CATALOG","postgres","UNCLASSIFIED","UNDECIDED","UNKNOWN"
"public","TABLE","internal_job_runs","postgres","REFERENCES","NO","UNKNOWN_NOT_IN_PG_CATALOG","postgres","UNCLASSIFIED","UNDECIDED","UNKNOWN"
"public","TABLE","internal_job_runs","postgres","SELECT","NO","UNKNOWN_NOT_IN_PG_CATALOG","postgres","UNCLASSIFIED","UNDECIDED","UNKNOWN"
"public","TABLE","internal_job_runs","postgres","TRIGGER","NO","UNKNOWN_NOT_IN_PG_CATALOG","postgres","UNCLASSIFIED","UNDECIDED","UNKNOWN"
"public","TABLE","internal_job_runs","postgres","TRUNCATE","NO","UNKNOWN_NOT_IN_PG_CATALOG","postgres","UNCLASSIFIED","UNDECIDED","UNKNOWN"
"public","TABLE","internal_job_runs","postgres","UPDATE","NO","UNKNOWN_NOT_IN_PG_CATALOG","postgres","UNCLASSIFIED","UNDECIDED","UNKNOWN"
"public","TABLE","internal_job_runs","service_role","DELETE","NO","UNKNOWN_NOT_IN_PG_CATALOG","postgres","UNCLASSIFIED","UNDECIDED","UNKNOWN"
"public","TABLE","internal_job_runs","service_role","INSERT","NO","UNKNOWN_NOT_IN_PG_CATALOG","postgres","UNCLASSIFIED","UNDECIDED","UNKNOWN"
"public","TABLE","internal_job_runs","service_role","MAINTAIN","NO","UNKNOWN_NOT_IN_PG_CATALOG","postgres","UNCLASSIFIED","UNDECIDED","UNKNOWN"
"public","TABLE","internal_job_runs","service_role","REFERENCES","NO","UNKNOWN_NOT_IN_PG_CATALOG","postgres","UNCLASSIFIED","UNDECIDED","UNKNOWN"
"public","TABLE","internal_job_runs","service_role","SELECT","NO","UNKNOWN_NOT_IN_PG_CATALOG","postgres","UNCLASSIFIED","UNDECIDED","UNKNOWN"
"public","TABLE","internal_job_runs","service_role","TRIGGER","NO","UNKNOWN_NOT_IN_PG_CATALOG","postgres","UNCLASSIFIED","UNDECIDED","UNKNOWN"
"public","TABLE","internal_job_runs","service_role","TRUNCATE","NO","UNKNOWN_NOT_IN_PG_CATALOG","postgres","UNCLASSIFIED","UNDECIDED","UNKNOWN"
"public","TABLE","internal_job_runs","service_role","UPDATE","NO","UNKNOWN_NOT_IN_PG_CATALOG","postgres","UNCLASSIFIED","UNDECIDED","UNKNOWN"
"public","TABLE","line_chat_outbox","postgres","DELETE","NO","UNKNOWN_NOT_IN_PG_CATALOG","postgres","UNCLASSIFIED","UNDECIDED","UNKNOWN"
"public","TABLE","line_chat_outbox","postgres","INSERT","NO","UNKNOWN_NOT_IN_PG_CATALOG","postgres","UNCLASSIFIED","UNDECIDED","UNKNOWN"
"public","TABLE","line_chat_outbox","postgres","MAINTAIN","NO","UNKNOWN_NOT_IN_PG_CATALOG","postgres","UNCLASSIFIED","UNDECIDED","UNKNOWN"
"public","TABLE","line_chat_outbox","postgres","REFERENCES","NO","UNKNOWN_NOT_IN_PG_CATALOG","postgres","UNCLASSIFIED","UNDECIDED","UNKNOWN"
"public","TABLE","line_chat_outbox","postgres","SELECT","NO","UNKNOWN_NOT_IN_PG_CATALOG","postgres","UNCLASSIFIED","UNDECIDED","UNKNOWN"
"public","TABLE","line_chat_outbox","postgres","TRIGGER","NO","UNKNOWN_NOT_IN_PG_CATALOG","postgres","UNCLASSIFIED","UNDECIDED","UNKNOWN"
"public","TABLE","line_chat_outbox","postgres","TRUNCATE","NO","UNKNOWN_NOT_IN_PG_CATALOG","postgres","UNCLASSIFIED","UNDECIDED","UNKNOWN"
"public","TABLE","line_chat_outbox","postgres","UPDATE","NO","UNKNOWN_NOT_IN_PG_CATALOG","postgres","UNCLASSIFIED","UNDECIDED","UNKNOWN"
"public","TABLE","line_chat_outbox","service_role","DELETE","NO","UNKNOWN_NOT_IN_PG_CATALOG","postgres","UNCLASSIFIED","UNDECIDED","UNKNOWN"
"public","TABLE","line_chat_outbox","service_role","INSERT","NO","UNKNOWN_NOT_IN_PG_CATALOG","postgres","UNCLASSIFIED","UNDECIDED","UNKNOWN"
"public","TABLE","line_chat_outbox","service_role","MAINTAIN","NO","UNKNOWN_NOT_IN_PG_CATALOG","postgres","UNCLASSIFIED","UNDECIDED","UNKNOWN"
"public","TABLE","line_chat_outbox","service_role","REFERENCES","NO","UNKNOWN_NOT_IN_PG_CATALOG","postgres","UNCLASSIFIED","UNDECIDED","UNKNOWN"
"public","TABLE","line_chat_outbox","service_role","SELECT","NO","UNKNOWN_NOT_IN_PG_CATALOG","postgres","UNCLASSIFIED","UNDECIDED","UNKNOWN"
"public","TABLE","line_chat_outbox","service_role","TRIGGER","NO","UNKNOWN_NOT_IN_PG_CATALOG","postgres","UNCLASSIFIED","UNDECIDED","UNKNOWN"
"public","TABLE","line_chat_outbox","service_role","TRUNCATE","NO","UNKNOWN_NOT_IN_PG_CATALOG","postgres","UNCLASSIFIED","UNDECIDED","UNKNOWN"
"public","TABLE","line_chat_outbox","service_role","UPDATE","NO","UNKNOWN_NOT_IN_PG_CATALOG","postgres","UNCLASSIFIED","UNDECIDED","UNKNOWN"
"public","TABLE","line_contacts","postgres","DELETE","NO","UNKNOWN_NOT_IN_PG_CATALOG","postgres","UNCLASSIFIED","UNDECIDED","UNKNOWN"
"public","TABLE","line_contacts","postgres","INSERT","NO","UNKNOWN_NOT_IN_PG_CATALOG","postgres","UNCLASSIFIED","UNDECIDED","UNKNOWN"
"public","TABLE","line_contacts","postgres","MAINTAIN","NO","UNKNOWN_NOT_IN_PG_CATALOG","postgres","UNCLASSIFIED","UNDECIDED","UNKNOWN"
"public","TABLE","line_contacts","postgres","REFERENCES","NO","UNKNOWN_NOT_IN_PG_CATALOG","postgres","UNCLASSIFIED","UNDECIDED","UNKNOWN"
"public","TABLE","line_contacts","postgres","SELECT","NO","UNKNOWN_NOT_IN_PG_CATALOG","postgres","UNCLASSIFIED","UNDECIDED","UNKNOWN"
"public","TABLE","line_contacts","postgres","TRIGGER","NO","UNKNOWN_NOT_IN_PG_CATALOG","postgres","UNCLASSIFIED","UNDECIDED","UNKNOWN"
"public","TABLE","line_contacts","postgres","TRUNCATE","NO","UNKNOWN_NOT_IN_PG_CATALOG","postgres","UNCLASSIFIED","UNDECIDED","UNKNOWN"
"public","TABLE","line_contacts","postgres","UPDATE","NO","UNKNOWN_NOT_IN_PG_CATALOG","postgres","UNCLASSIFIED","UNDECIDED","UNKNOWN"
"public","TABLE","line_contacts","service_role","DELETE","NO","UNKNOWN_NOT_IN_PG_CATALOG","postgres","UNCLASSIFIED","UNDECIDED","UNKNOWN"
"public","TABLE","line_contacts","service_role","INSERT","NO","UNKNOWN_NOT_IN_PG_CATALOG","postgres","UNCLASSIFIED","UNDECIDED","UNKNOWN"
"public","TABLE","line_contacts","service_role","MAINTAIN","NO","UNKNOWN_NOT_IN_PG_CATALOG","postgres","UNCLASSIFIED","UNDECIDED","UNKNOWN"
"public","TABLE","line_contacts","service_role","REFERENCES","NO","UNKNOWN_NOT_IN_PG_CATALOG","postgres","UNCLASSIFIED","UNDECIDED","UNKNOWN"
"public","TABLE","line_contacts","service_role","SELECT","NO","UNKNOWN_NOT_IN_PG_CATALOG","postgres","UNCLASSIFIED","UNDECIDED","UNKNOWN"
"public","TABLE","line_contacts","service_role","TRIGGER","NO","UNKNOWN_NOT_IN_PG_CATALOG","postgres","UNCLASSIFIED","UNDECIDED","UNKNOWN"
"public","TABLE","line_contacts","service_role","TRUNCATE","NO","UNKNOWN_NOT_IN_PG_CATALOG","postgres","UNCLASSIFIED","UNDECIDED","UNKNOWN"
"public","TABLE","line_contacts","service_role","UPDATE","NO","UNKNOWN_NOT_IN_PG_CATALOG","postgres","UNCLASSIFIED","UNDECIDED","UNKNOWN"
"public","TABLE","line_conversations","postgres","DELETE","NO","UNKNOWN_NOT_IN_PG_CATALOG","postgres","UNCLASSIFIED","UNDECIDED","UNKNOWN"
"public","TABLE","line_conversations","postgres","INSERT","NO","UNKNOWN_NOT_IN_PG_CATALOG","postgres","UNCLASSIFIED","UNDECIDED","UNKNOWN"
"public","TABLE","line_conversations","postgres","MAINTAIN","NO","UNKNOWN_NOT_IN_PG_CATALOG","postgres","UNCLASSIFIED","UNDECIDED","UNKNOWN"
"public","TABLE","line_conversations","postgres","REFERENCES","NO","UNKNOWN_NOT_IN_PG_CATALOG","postgres","UNCLASSIFIED","UNDECIDED","UNKNOWN"
"public","TABLE","line_conversations","postgres","SELECT","NO","UNKNOWN_NOT_IN_PG_CATALOG","postgres","UNCLASSIFIED","UNDECIDED","UNKNOWN"
"public","TABLE","line_conversations","postgres","TRIGGER","NO","UNKNOWN_NOT_IN_PG_CATALOG","postgres","UNCLASSIFIED","UNDECIDED","UNKNOWN"
"public","TABLE","line_conversations","postgres","TRUNCATE","NO","UNKNOWN_NOT_IN_PG_CATALOG","postgres","UNCLASSIFIED","UNDECIDED","UNKNOWN"
"public","TABLE","line_conversations","postgres","UPDATE","NO","UNKNOWN_NOT_IN_PG_CATALOG","postgres","UNCLASSIFIED","UNDECIDED","UNKNOWN"
"public","TABLE","line_conversations","service_role","DELETE","NO","UNKNOWN_NOT_IN_PG_CATALOG","postgres","UNCLASSIFIED","UNDECIDED","UNKNOWN"
"public","TABLE","line_conversations","service_role","INSERT","NO","UNKNOWN_NOT_IN_PG_CATALOG","postgres","UNCLASSIFIED","UNDECIDED","UNKNOWN"
"public","TABLE","line_conversations","service_role","MAINTAIN","NO","UNKNOWN_NOT_IN_PG_CATALOG","postgres","UNCLASSIFIED","UNDECIDED","UNKNOWN"
"public","TABLE","line_conversations","service_role","REFERENCES","NO","UNKNOWN_NOT_IN_PG_CATALOG","postgres","UNCLASSIFIED","UNDECIDED","UNKNOWN"
"public","TABLE","line_conversations","service_role","SELECT","NO","UNKNOWN_NOT_IN_PG_CATALOG","postgres","UNCLASSIFIED","UNDECIDED","UNKNOWN"
"public","TABLE","line_conversations","service_role","TRIGGER","NO","UNKNOWN_NOT_IN_PG_CATALOG","postgres","UNCLASSIFIED","UNDECIDED","UNKNOWN"
"public","TABLE","line_conversations","service_role","TRUNCATE","NO","UNKNOWN_NOT_IN_PG_CATALOG","postgres","UNCLASSIFIED","UNDECIDED","UNKNOWN"
"public","TABLE","line_conversations","service_role","UPDATE","NO","UNKNOWN_NOT_IN_PG_CATALOG","postgres","UNCLASSIFIED","UNDECIDED","UNKNOWN"
"public","TABLE","line_job_heartbeats","postgres","DELETE","NO","UNKNOWN_NOT_IN_PG_CATALOG","postgres","UNCLASSIFIED","UNDECIDED","UNKNOWN"
"public","TABLE","line_job_heartbeats","postgres","INSERT","NO","UNKNOWN_NOT_IN_PG_CATALOG","postgres","UNCLASSIFIED","UNDECIDED","UNKNOWN"
"public","TABLE","line_job_heartbeats","postgres","MAINTAIN","NO","UNKNOWN_NOT_IN_PG_CATALOG","postgres","UNCLASSIFIED","UNDECIDED","UNKNOWN"
"public","TABLE","line_job_heartbeats","postgres","REFERENCES","NO","UNKNOWN_NOT_IN_PG_CATALOG","postgres","UNCLASSIFIED","UNDECIDED","UNKNOWN"
"public","TABLE","line_job_heartbeats","postgres","SELECT","NO","UNKNOWN_NOT_IN_PG_CATALOG","postgres","UNCLASSIFIED","UNDECIDED","UNKNOWN"
"public","TABLE","line_job_heartbeats","postgres","TRIGGER","NO","UNKNOWN_NOT_IN_PG_CATALOG","postgres","UNCLASSIFIED","UNDECIDED","UNKNOWN"
"public","TABLE","line_job_heartbeats","postgres","TRUNCATE","NO","UNKNOWN_NOT_IN_PG_CATALOG","postgres","UNCLASSIFIED","UNDECIDED","UNKNOWN"
"public","TABLE","line_job_heartbeats","postgres","UPDATE","NO","UNKNOWN_NOT_IN_PG_CATALOG","postgres","UNCLASSIFIED","UNDECIDED","UNKNOWN"
"public","TABLE","line_job_heartbeats","service_role","DELETE","NO","UNKNOWN_NOT_IN_PG_CATALOG","postgres","UNCLASSIFIED","UNDECIDED","UNKNOWN"
"public","TABLE","line_job_heartbeats","service_role","INSERT","NO","UNKNOWN_NOT_IN_PG_CATALOG","postgres","UNCLASSIFIED","UNDECIDED","UNKNOWN"
"public","TABLE","line_job_heartbeats","service_role","MAINTAIN","NO","UNKNOWN_NOT_IN_PG_CATALOG","postgres","UNCLASSIFIED","UNDECIDED","UNKNOWN"
"public","TABLE","line_job_heartbeats","service_role","REFERENCES","NO","UNKNOWN_NOT_IN_PG_CATALOG","postgres","UNCLASSIFIED","UNDECIDED","UNKNOWN"
"public","TABLE","line_job_heartbeats","service_role","SELECT","NO","UNKNOWN_NOT_IN_PG_CATALOG","postgres","UNCLASSIFIED","UNDECIDED","UNKNOWN"
"public","TABLE","line_job_heartbeats","service_role","TRIGGER","NO","UNKNOWN_NOT_IN_PG_CATALOG","postgres","UNCLASSIFIED","UNDECIDED","UNKNOWN"
"public","TABLE","line_job_heartbeats","service_role","TRUNCATE","NO","UNKNOWN_NOT_IN_PG_CATALOG","postgres","UNCLASSIFIED","UNDECIDED","UNKNOWN"
"public","TABLE","line_job_heartbeats","service_role","UPDATE","NO","UNKNOWN_NOT_IN_PG_CATALOG","postgres","UNCLASSIFIED","UNDECIDED","UNKNOWN"
"public","TABLE","line_message_outbox","postgres","DELETE","NO","UNKNOWN_NOT_IN_PG_CATALOG","postgres","UNCLASSIFIED","UNDECIDED","UNKNOWN"
"public","TABLE","line_message_outbox","postgres","INSERT","NO","UNKNOWN_NOT_IN_PG_CATALOG","postgres","UNCLASSIFIED","UNDECIDED","UNKNOWN"
"public","TABLE","line_message_outbox","postgres","MAINTAIN","NO","UNKNOWN_NOT_IN_PG_CATALOG","postgres","UNCLASSIFIED","UNDECIDED","UNKNOWN"
"public","TABLE","line_message_outbox","postgres","REFERENCES","NO","UNKNOWN_NOT_IN_PG_CATALOG","postgres","UNCLASSIFIED","UNDECIDED","UNKNOWN"
"public","TABLE","line_message_outbox","postgres","SELECT","NO","UNKNOWN_NOT_IN_PG_CATALOG","postgres","UNCLASSIFIED","UNDECIDED","UNKNOWN"
"public","TABLE","line_message_outbox","postgres","TRIGGER","NO","UNKNOWN_NOT_IN_PG_CATALOG","postgres","UNCLASSIFIED","UNDECIDED","UNKNOWN"
"public","TABLE","line_message_outbox","postgres","TRUNCATE","NO","UNKNOWN_NOT_IN_PG_CATALOG","postgres","UNCLASSIFIED","UNDECIDED","UNKNOWN"
"public","TABLE","line_message_outbox","postgres","UPDATE","NO","UNKNOWN_NOT_IN_PG_CATALOG","postgres","UNCLASSIFIED","UNDECIDED","UNKNOWN"
"public","TABLE","line_message_outbox","service_role","DELETE","NO","UNKNOWN_NOT_IN_PG_CATALOG","postgres","UNCLASSIFIED","UNDECIDED","UNKNOWN"
"public","TABLE","line_message_outbox","service_role","INSERT","NO","UNKNOWN_NOT_IN_PG_CATALOG","postgres","UNCLASSIFIED","UNDECIDED","UNKNOWN"
"public","TABLE","line_message_outbox","service_role","MAINTAIN","NO","UNKNOWN_NOT_IN_PG_CATALOG","postgres","UNCLASSIFIED","UNDECIDED","UNKNOWN"
"public","TABLE","line_message_outbox","service_role","REFERENCES","NO","UNKNOWN_NOT_IN_PG_CATALOG","postgres","UNCLASSIFIED","UNDECIDED","UNKNOWN"
"public","TABLE","line_message_outbox","service_role","SELECT","NO","UNKNOWN_NOT_IN_PG_CATALOG","postgres","UNCLASSIFIED","UNDECIDED","UNKNOWN"
"public","TABLE","line_message_outbox","service_role","TRIGGER","NO","UNKNOWN_NOT_IN_PG_CATALOG","postgres","UNCLASSIFIED","UNDECIDED","UNKNOWN"
"public","TABLE","line_message_outbox","service_role","TRUNCATE","NO","UNKNOWN_NOT_IN_PG_CATALOG","postgres","UNCLASSIFIED","UNDECIDED","UNKNOWN"
"public","TABLE","line_message_outbox","service_role","UPDATE","NO","UNKNOWN_NOT_IN_PG_CATALOG","postgres","UNCLASSIFIED","UNDECIDED","UNKNOWN"
"public","TABLE","line_messages","postgres","DELETE","NO","UNKNOWN_NOT_IN_PG_CATALOG","postgres","UNCLASSIFIED","UNDECIDED","UNKNOWN"
"public","TABLE","line_messages","postgres","INSERT","NO","UNKNOWN_NOT_IN_PG_CATALOG","postgres","UNCLASSIFIED","UNDECIDED","UNKNOWN"
"public","TABLE","line_messages","postgres","MAINTAIN","NO","UNKNOWN_NOT_IN_PG_CATALOG","postgres","UNCLASSIFIED","UNDECIDED","UNKNOWN"
"public","TABLE","line_messages","postgres","REFERENCES","NO","UNKNOWN_NOT_IN_PG_CATALOG","postgres","UNCLASSIFIED","UNDECIDED","UNKNOWN"
"public","TABLE","line_messages","postgres","SELECT","NO","UNKNOWN_NOT_IN_PG_CATALOG","postgres","UNCLASSIFIED","UNDECIDED","UNKNOWN"
"public","TABLE","line_messages","postgres","TRIGGER","NO","UNKNOWN_NOT_IN_PG_CATALOG","postgres","UNCLASSIFIED","UNDECIDED","UNKNOWN"
"public","TABLE","line_messages","postgres","TRUNCATE","NO","UNKNOWN_NOT_IN_PG_CATALOG","postgres","UNCLASSIFIED","UNDECIDED","UNKNOWN"
"public","TABLE","line_messages","postgres","UPDATE","NO","UNKNOWN_NOT_IN_PG_CATALOG","postgres","UNCLASSIFIED","UNDECIDED","UNKNOWN"
"public","TABLE","line_messages","service_role","DELETE","NO","UNKNOWN_NOT_IN_PG_CATALOG","postgres","UNCLASSIFIED","UNDECIDED","UNKNOWN"
"public","TABLE","line_messages","service_role","INSERT","NO","UNKNOWN_NOT_IN_PG_CATALOG","postgres","UNCLASSIFIED","UNDECIDED","UNKNOWN"
"public","TABLE","line_messages","service_role","MAINTAIN","NO","UNKNOWN_NOT_IN_PG_CATALOG","postgres","UNCLASSIFIED","UNDECIDED","UNKNOWN"
"public","TABLE","line_messages","service_role","REFERENCES","NO","UNKNOWN_NOT_IN_PG_CATALOG","postgres","UNCLASSIFIED","UNDECIDED","UNKNOWN"
"public","TABLE","line_messages","service_role","SELECT","NO","UNKNOWN_NOT_IN_PG_CATALOG","postgres","UNCLASSIFIED","UNDECIDED","UNKNOWN"
"public","TABLE","line_messages","service_role","TRIGGER","NO","UNKNOWN_NOT_IN_PG_CATALOG","postgres","UNCLASSIFIED","UNDECIDED","UNKNOWN"
"public","TABLE","line_messages","service_role","TRUNCATE","NO","UNKNOWN_NOT_IN_PG_CATALOG","postgres","UNCLASSIFIED","UNDECIDED","UNKNOWN"
"public","TABLE","line_messages","service_role","UPDATE","NO","UNKNOWN_NOT_IN_PG_CATALOG","postgres","UNCLASSIFIED","UNDECIDED","UNKNOWN"
"public","TABLE","line_unsend_tombstones","postgres","DELETE","NO","UNKNOWN_NOT_IN_PG_CATALOG","postgres","UNCLASSIFIED","UNDECIDED","UNKNOWN"
"public","TABLE","line_unsend_tombstones","postgres","INSERT","NO","UNKNOWN_NOT_IN_PG_CATALOG","postgres","UNCLASSIFIED","UNDECIDED","UNKNOWN"
"public","TABLE","line_unsend_tombstones","postgres","MAINTAIN","NO","UNKNOWN_NOT_IN_PG_CATALOG","postgres","UNCLASSIFIED","UNDECIDED","UNKNOWN"
"public","TABLE","line_unsend_tombstones","postgres","REFERENCES","NO","UNKNOWN_NOT_IN_PG_CATALOG","postgres","UNCLASSIFIED","UNDECIDED","UNKNOWN"
"public","TABLE","line_unsend_tombstones","postgres","SELECT","NO","UNKNOWN_NOT_IN_PG_CATALOG","postgres","UNCLASSIFIED","UNDECIDED","UNKNOWN"
"public","TABLE","line_unsend_tombstones","postgres","TRIGGER","NO","UNKNOWN_NOT_IN_PG_CATALOG","postgres","UNCLASSIFIED","UNDECIDED","UNKNOWN"
"public","TABLE","line_unsend_tombstones","postgres","TRUNCATE","NO","UNKNOWN_NOT_IN_PG_CATALOG","postgres","UNCLASSIFIED","UNDECIDED","UNKNOWN"
"public","TABLE","line_unsend_tombstones","postgres","UPDATE","NO","UNKNOWN_NOT_IN_PG_CATALOG","postgres","UNCLASSIFIED","UNDECIDED","UNKNOWN"
"public","TABLE","line_unsend_tombstones","service_role","DELETE","NO","UNKNOWN_NOT_IN_PG_CATALOG","postgres","UNCLASSIFIED","UNDECIDED","UNKNOWN"
"public","TABLE","line_unsend_tombstones","service_role","INSERT","NO","UNKNOWN_NOT_IN_PG_CATALOG","postgres","UNCLASSIFIED","UNDECIDED","UNKNOWN"
"public","TABLE","line_unsend_tombstones","service_role","SELECT","NO","UNKNOWN_NOT_IN_PG_CATALOG","postgres","UNCLASSIFIED","UNDECIDED","UNKNOWN"
"public","TABLE","line_unsend_tombstones","service_role","UPDATE","NO","UNKNOWN_NOT_IN_PG_CATALOG","postgres","UNCLASSIFIED","UNDECIDED","UNKNOWN"
"public","TABLE","line_webhook_events","postgres","DELETE","NO","UNKNOWN_NOT_IN_PG_CATALOG","postgres","UNCLASSIFIED","UNDECIDED","UNKNOWN"
"public","TABLE","line_webhook_events","postgres","INSERT","NO","UNKNOWN_NOT_IN_PG_CATALOG","postgres","UNCLASSIFIED","UNDECIDED","UNKNOWN"
"public","TABLE","line_webhook_events","postgres","MAINTAIN","NO","UNKNOWN_NOT_IN_PG_CATALOG","postgres","UNCLASSIFIED","UNDECIDED","UNKNOWN"
"public","TABLE","line_webhook_events","postgres","REFERENCES","NO","UNKNOWN_NOT_IN_PG_CATALOG","postgres","UNCLASSIFIED","UNDECIDED","UNKNOWN"
"public","TABLE","line_webhook_events","postgres","SELECT","NO","UNKNOWN_NOT_IN_PG_CATALOG","postgres","UNCLASSIFIED","UNDECIDED","UNKNOWN"
"public","TABLE","line_webhook_events","postgres","TRIGGER","NO","UNKNOWN_NOT_IN_PG_CATALOG","postgres","UNCLASSIFIED","UNDECIDED","UNKNOWN"
"public","TABLE","line_webhook_events","postgres","TRUNCATE","NO","UNKNOWN_NOT_IN_PG_CATALOG","postgres","UNCLASSIFIED","UNDECIDED","UNKNOWN"
"public","TABLE","line_webhook_events","postgres","UPDATE","NO","UNKNOWN_NOT_IN_PG_CATALOG","postgres","UNCLASSIFIED","UNDECIDED","UNKNOWN"
"public","TABLE","line_webhook_events","service_role","DELETE","NO","UNKNOWN_NOT_IN_PG_CATALOG","postgres","UNCLASSIFIED","UNDECIDED","UNKNOWN"
"public","TABLE","line_webhook_events","service_role","INSERT","NO","UNKNOWN_NOT_IN_PG_CATALOG","postgres","UNCLASSIFIED","UNDECIDED","UNKNOWN"
"public","TABLE","line_webhook_events","service_role","MAINTAIN","NO","UNKNOWN_NOT_IN_PG_CATALOG","postgres","UNCLASSIFIED","UNDECIDED","UNKNOWN"
"public","TABLE","line_webhook_events","service_role","REFERENCES","NO","UNKNOWN_NOT_IN_PG_CATALOG","postgres","UNCLASSIFIED","UNDECIDED","UNKNOWN"
"public","TABLE","line_webhook_events","service_role","SELECT","NO","UNKNOWN_NOT_IN_PG_CATALOG","postgres","UNCLASSIFIED","UNDECIDED","UNKNOWN"
"public","TABLE","line_webhook_events","service_role","TRIGGER","NO","UNKNOWN_NOT_IN_PG_CATALOG","postgres","UNCLASSIFIED","UNDECIDED","UNKNOWN"
"public","TABLE","line_webhook_events","service_role","TRUNCATE","NO","UNKNOWN_NOT_IN_PG_CATALOG","postgres","UNCLASSIFIED","UNDECIDED","UNKNOWN"
"public","TABLE","line_webhook_events","service_role","UPDATE","NO","UNKNOWN_NOT_IN_PG_CATALOG","postgres","UNCLASSIFIED","UNDECIDED","UNKNOWN"
"public","TABLE","manager_clinic_assignments","postgres","DELETE","NO","UNKNOWN_NOT_IN_PG_CATALOG","postgres","UNCLASSIFIED","UNDECIDED","UNKNOWN"
"public","TABLE","manager_clinic_assignments","postgres","INSERT","NO","UNKNOWN_NOT_IN_PG_CATALOG","postgres","UNCLASSIFIED","UNDECIDED","UNKNOWN"
"public","TABLE","manager_clinic_assignments","postgres","MAINTAIN","NO","UNKNOWN_NOT_IN_PG_CATALOG","postgres","UNCLASSIFIED","UNDECIDED","UNKNOWN"
"public","TABLE","manager_clinic_assignments","postgres","REFERENCES","NO","UNKNOWN_NOT_IN_PG_CATALOG","postgres","UNCLASSIFIED","UNDECIDED","UNKNOWN"
"public","TABLE","manager_clinic_assignments","postgres","SELECT","NO","UNKNOWN_NOT_IN_PG_CATALOG","postgres","UNCLASSIFIED","UNDECIDED","UNKNOWN"
"public","TABLE","manager_clinic_assignments","postgres","TRIGGER","NO","UNKNOWN_NOT_IN_PG_CATALOG","postgres","UNCLASSIFIED","UNDECIDED","UNKNOWN"
"public","TABLE","manager_clinic_assignments","postgres","TRUNCATE","NO","UNKNOWN_NOT_IN_PG_CATALOG","postgres","UNCLASSIFIED","UNDECIDED","UNKNOWN"
"public","TABLE","manager_clinic_assignments","postgres","UPDATE","NO","UNKNOWN_NOT_IN_PG_CATALOG","postgres","UNCLASSIFIED","UNDECIDED","UNKNOWN"
"public","TABLE","manager_clinic_assignments","service_role","DELETE","NO","UNKNOWN_NOT_IN_PG_CATALOG","postgres","UNCLASSIFIED","UNDECIDED","UNKNOWN"
"public","TABLE","manager_clinic_assignments","service_role","INSERT","NO","UNKNOWN_NOT_IN_PG_CATALOG","postgres","UNCLASSIFIED","UNDECIDED","UNKNOWN"
"public","TABLE","manager_clinic_assignments","service_role","MAINTAIN","NO","UNKNOWN_NOT_IN_PG_CATALOG","postgres","UNCLASSIFIED","UNDECIDED","UNKNOWN"
"public","TABLE","manager_clinic_assignments","service_role","REFERENCES","NO","UNKNOWN_NOT_IN_PG_CATALOG","postgres","UNCLASSIFIED","UNDECIDED","UNKNOWN"
"public","TABLE","manager_clinic_assignments","service_role","SELECT","NO","UNKNOWN_NOT_IN_PG_CATALOG","postgres","UNCLASSIFIED","UNDECIDED","UNKNOWN"
"public","TABLE","manager_clinic_assignments","service_role","TRIGGER","NO","UNKNOWN_NOT_IN_PG_CATALOG","postgres","UNCLASSIFIED","UNDECIDED","UNKNOWN"
"public","TABLE","manager_clinic_assignments","service_role","TRUNCATE","NO","UNKNOWN_NOT_IN_PG_CATALOG","postgres","UNCLASSIFIED","UNDECIDED","UNKNOWN"
"public","TABLE","manager_clinic_assignments","service_role","UPDATE","NO","UNKNOWN_NOT_IN_PG_CATALOG","postgres","UNCLASSIFIED","UNDECIDED","UNKNOWN"
"public","TABLE","master_categories","authenticated","SELECT","NO","UNKNOWN_NOT_IN_PG_CATALOG","postgres","UNCLASSIFIED","UNDECIDED","UNKNOWN"
"public","TABLE","master_categories","postgres","DELETE","NO","UNKNOWN_NOT_IN_PG_CATALOG","postgres","UNCLASSIFIED","UNDECIDED","UNKNOWN"
"public","TABLE","master_categories","postgres","INSERT","NO","UNKNOWN_NOT_IN_PG_CATALOG","postgres","UNCLASSIFIED","UNDECIDED","UNKNOWN"
"public","TABLE","master_categories","postgres","MAINTAIN","NO","UNKNOWN_NOT_IN_PG_CATALOG","postgres","UNCLASSIFIED","UNDECIDED","UNKNOWN"
"public","TABLE","master_categories","postgres","REFERENCES","NO","UNKNOWN_NOT_IN_PG_CATALOG","postgres","UNCLASSIFIED","UNDECIDED","UNKNOWN"
"public","TABLE","master_categories","postgres","SELECT","NO","UNKNOWN_NOT_IN_PG_CATALOG","postgres","UNCLASSIFIED","UNDECIDED","UNKNOWN"
"public","TABLE","master_categories","postgres","TRIGGER","NO","UNKNOWN_NOT_IN_PG_CATALOG","postgres","UNCLASSIFIED","UNDECIDED","UNKNOWN"
"public","TABLE","master_categories","postgres","TRUNCATE","NO","UNKNOWN_NOT_IN_PG_CATALOG","postgres","UNCLASSIFIED","UNDECIDED","UNKNOWN"
"public","TABLE","master_categories","postgres","UPDATE","NO","UNKNOWN_NOT_IN_PG_CATALOG","postgres","UNCLASSIFIED","UNDECIDED","UNKNOWN"
"public","TABLE","master_categories","service_role","DELETE","NO","UNKNOWN_NOT_IN_PG_CATALOG","postgres","UNCLASSIFIED","UNDECIDED","UNKNOWN"
"public","TABLE","master_categories","service_role","INSERT","NO","UNKNOWN_NOT_IN_PG_CATALOG","postgres","UNCLASSIFIED","UNDECIDED","UNKNOWN"
"public","TABLE","master_categories","service_role","MAINTAIN","NO","UNKNOWN_NOT_IN_PG_CATALOG","postgres","UNCLASSIFIED","UNDECIDED","UNKNOWN"
"public","TABLE","master_categories","service_role","REFERENCES","NO","UNKNOWN_NOT_IN_PG_CATALOG","postgres","UNCLASSIFIED","UNDECIDED","UNKNOWN"
"public","TABLE","master_categories","service_role","SELECT","NO","UNKNOWN_NOT_IN_PG_CATALOG","postgres","UNCLASSIFIED","UNDECIDED","UNKNOWN"
"public","TABLE","master_categories","service_role","TRIGGER","NO","UNKNOWN_NOT_IN_PG_CATALOG","postgres","UNCLASSIFIED","UNDECIDED","UNKNOWN"
"public","TABLE","master_categories","service_role","TRUNCATE","NO","UNKNOWN_NOT_IN_PG_CATALOG","postgres","UNCLASSIFIED","UNDECIDED","UNKNOWN"
"public","TABLE","master_categories","service_role","UPDATE","NO","UNKNOWN_NOT_IN_PG_CATALOG","postgres","UNCLASSIFIED","UNDECIDED","UNKNOWN"
"public","TABLE","master_patient_types","authenticated","SELECT","NO","UNKNOWN_NOT_IN_PG_CATALOG","postgres","UNCLASSIFIED","UNDECIDED","UNKNOWN"
"public","TABLE","master_patient_types","postgres","DELETE","NO","UNKNOWN_NOT_IN_PG_CATALOG","postgres","UNCLASSIFIED","UNDECIDED","UNKNOWN"
"public","TABLE","master_patient_types","postgres","INSERT","NO","UNKNOWN_NOT_IN_PG_CATALOG","postgres","UNCLASSIFIED","UNDECIDED","UNKNOWN"
"public","TABLE","master_patient_types","postgres","MAINTAIN","NO","UNKNOWN_NOT_IN_PG_CATALOG","postgres","UNCLASSIFIED","UNDECIDED","UNKNOWN"
"public","TABLE","master_patient_types","postgres","REFERENCES","NO","UNKNOWN_NOT_IN_PG_CATALOG","postgres","UNCLASSIFIED","UNDECIDED","UNKNOWN"
"public","TABLE","master_patient_types","postgres","SELECT","NO","UNKNOWN_NOT_IN_PG_CATALOG","postgres","UNCLASSIFIED","UNDECIDED","UNKNOWN"
"public","TABLE","master_patient_types","postgres","TRIGGER","NO","UNKNOWN_NOT_IN_PG_CATALOG","postgres","UNCLASSIFIED","UNDECIDED","UNKNOWN"
"public","TABLE","master_patient_types","postgres","TRUNCATE","NO","UNKNOWN_NOT_IN_PG_CATALOG","postgres","UNCLASSIFIED","UNDECIDED","UNKNOWN"
"public","TABLE","master_patient_types","postgres","UPDATE","NO","UNKNOWN_NOT_IN_PG_CATALOG","postgres","UNCLASSIFIED","UNDECIDED","UNKNOWN"
"public","TABLE","master_patient_types","service_role","DELETE","NO","UNKNOWN_NOT_IN_PG_CATALOG","postgres","UNCLASSIFIED","UNDECIDED","UNKNOWN"
"public","TABLE","master_patient_types","service_role","INSERT","NO","UNKNOWN_NOT_IN_PG_CATALOG","postgres","UNCLASSIFIED","UNDECIDED","UNKNOWN"
"public","TABLE","master_patient_types","service_role","MAINTAIN","NO","UNKNOWN_NOT_IN_PG_CATALOG","postgres","UNCLASSIFIED","UNDECIDED","UNKNOWN"
"public","TABLE","master_patient_types","service_role","REFERENCES","NO","UNKNOWN_NOT_IN_PG_CATALOG","postgres","UNCLASSIFIED","UNDECIDED","UNKNOWN"
"public","TABLE","master_patient_types","service_role","SELECT","NO","UNKNOWN_NOT_IN_PG_CATALOG","postgres","UNCLASSIFIED","UNDECIDED","UNKNOWN"
"public","TABLE","master_patient_types","service_role","TRIGGER","NO","UNKNOWN_NOT_IN_PG_CATALOG","postgres","UNCLASSIFIED","UNDECIDED","UNKNOWN"
"public","TABLE","master_patient_types","service_role","TRUNCATE","NO","UNKNOWN_NOT_IN_PG_CATALOG","postgres","UNCLASSIFIED","UNDECIDED","UNKNOWN"
"public","TABLE","master_patient_types","service_role","UPDATE","NO","UNKNOWN_NOT_IN_PG_CATALOG","postgres","UNCLASSIFIED","UNDECIDED","UNKNOWN"
"public","TABLE","master_payment_methods","authenticated","SELECT","NO","UNKNOWN_NOT_IN_PG_CATALOG","postgres","UNCLASSIFIED","UNDECIDED","UNKNOWN"
"public","TABLE","master_payment_methods","postgres","DELETE","NO","UNKNOWN_NOT_IN_PG_CATALOG","postgres","UNCLASSIFIED","UNDECIDED","UNKNOWN"
"public","TABLE","master_payment_methods","postgres","INSERT","NO","UNKNOWN_NOT_IN_PG_CATALOG","postgres","UNCLASSIFIED","UNDECIDED","UNKNOWN"
"public","TABLE","master_payment_methods","postgres","MAINTAIN","NO","UNKNOWN_NOT_IN_PG_CATALOG","postgres","UNCLASSIFIED","UNDECIDED","UNKNOWN"
"public","TABLE","master_payment_methods","postgres","REFERENCES","NO","UNKNOWN_NOT_IN_PG_CATALOG","postgres","UNCLASSIFIED","UNDECIDED","UNKNOWN"
"public","TABLE","master_payment_methods","postgres","SELECT","NO","UNKNOWN_NOT_IN_PG_CATALOG","postgres","UNCLASSIFIED","UNDECIDED","UNKNOWN"
"public","TABLE","master_payment_methods","postgres","TRIGGER","NO","UNKNOWN_NOT_IN_PG_CATALOG","postgres","UNCLASSIFIED","UNDECIDED","UNKNOWN"
"public","TABLE","master_payment_methods","postgres","TRUNCATE","NO","UNKNOWN_NOT_IN_PG_CATALOG","postgres","UNCLASSIFIED","UNDECIDED","UNKNOWN"
"public","TABLE","master_payment_methods","postgres","UPDATE","NO","UNKNOWN_NOT_IN_PG_CATALOG","postgres","UNCLASSIFIED","UNDECIDED","UNKNOWN"
"public","TABLE","master_payment_methods","service_role","DELETE","NO","UNKNOWN_NOT_IN_PG_CATALOG","postgres","UNCLASSIFIED","UNDECIDED","UNKNOWN"
"public","TABLE","master_payment_methods","service_role","INSERT","NO","UNKNOWN_NOT_IN_PG_CATALOG","postgres","UNCLASSIFIED","UNDECIDED","UNKNOWN"
"public","TABLE","master_payment_methods","service_role","MAINTAIN","NO","UNKNOWN_NOT_IN_PG_CATALOG","postgres","UNCLASSIFIED","UNDECIDED","UNKNOWN"
"public","TABLE","master_payment_methods","service_role","REFERENCES","NO","UNKNOWN_NOT_IN_PG_CATALOG","postgres","UNCLASSIFIED","UNDECIDED","UNKNOWN"
"public","TABLE","master_payment_methods","service_role","SELECT","NO","UNKNOWN_NOT_IN_PG_CATALOG","postgres","UNCLASSIFIED","UNDECIDED","UNKNOWN"
"public","TABLE","master_payment_methods","service_role","TRIGGER","NO","UNKNOWN_NOT_IN_PG_CATALOG","postgres","UNCLASSIFIED","UNDECIDED","UNKNOWN"
"public","TABLE","master_payment_methods","service_role","TRUNCATE","NO","UNKNOWN_NOT_IN_PG_CATALOG","postgres","UNCLASSIFIED","UNDECIDED","UNKNOWN"
"public","TABLE","master_payment_methods","service_role","UPDATE","NO","UNKNOWN_NOT_IN_PG_CATALOG","postgres","UNCLASSIFIED","UNDECIDED","UNKNOWN"
"public","TABLE","menu_billing_profiles","authenticated","SELECT","NO","UNKNOWN_NOT_IN_PG_CATALOG","postgres","UNCLASSIFIED","UNDECIDED","UNKNOWN"
"public","TABLE","menu_billing_profiles","postgres","DELETE","NO","UNKNOWN_NOT_IN_PG_CATALOG","postgres","UNCLASSIFIED","UNDECIDED","UNKNOWN"
"public","TABLE","menu_billing_profiles","postgres","INSERT","NO","UNKNOWN_NOT_IN_PG_CATALOG","postgres","UNCLASSIFIED","UNDECIDED","UNKNOWN"
"public","TABLE","menu_billing_profiles","postgres","MAINTAIN","NO","UNKNOWN_NOT_IN_PG_CATALOG","postgres","UNCLASSIFIED","UNDECIDED","UNKNOWN"
"public","TABLE","menu_billing_profiles","postgres","REFERENCES","NO","UNKNOWN_NOT_IN_PG_CATALOG","postgres","UNCLASSIFIED","UNDECIDED","UNKNOWN"
"public","TABLE","menu_billing_profiles","postgres","SELECT","NO","UNKNOWN_NOT_IN_PG_CATALOG","postgres","UNCLASSIFIED","UNDECIDED","UNKNOWN"
"public","TABLE","menu_billing_profiles","postgres","TRIGGER","NO","UNKNOWN_NOT_IN_PG_CATALOG","postgres","UNCLASSIFIED","UNDECIDED","UNKNOWN"
"public","TABLE","menu_billing_profiles","postgres","TRUNCATE","NO","UNKNOWN_NOT_IN_PG_CATALOG","postgres","UNCLASSIFIED","UNDECIDED","UNKNOWN"
"public","TABLE","menu_billing_profiles","postgres","UPDATE","NO","UNKNOWN_NOT_IN_PG_CATALOG","postgres","UNCLASSIFIED","UNDECIDED","UNKNOWN"
"public","TABLE","menu_billing_profiles","service_role","DELETE","NO","UNKNOWN_NOT_IN_PG_CATALOG","postgres","UNCLASSIFIED","UNDECIDED","UNKNOWN"
"public","TABLE","menu_billing_profiles","service_role","INSERT","NO","UNKNOWN_NOT_IN_PG_CATALOG","postgres","UNCLASSIFIED","UNDECIDED","UNKNOWN"
"public","TABLE","menu_billing_profiles","service_role","MAINTAIN","NO","UNKNOWN_NOT_IN_PG_CATALOG","postgres","UNCLASSIFIED","UNDECIDED","UNKNOWN"
"public","TABLE","menu_billing_profiles","service_role","REFERENCES","NO","UNKNOWN_NOT_IN_PG_CATALOG","postgres","UNCLASSIFIED","UNDECIDED","UNKNOWN"
"public","TABLE","menu_billing_profiles","service_role","SELECT","NO","UNKNOWN_NOT_IN_PG_CATALOG","postgres","UNCLASSIFIED","UNDECIDED","UNKNOWN"
"public","TABLE","menu_billing_profiles","service_role","TRIGGER","NO","UNKNOWN_NOT_IN_PG_CATALOG","postgres","UNCLASSIFIED","UNDECIDED","UNKNOWN"
"public","TABLE","menu_billing_profiles","service_role","TRUNCATE","NO","UNKNOWN_NOT_IN_PG_CATALOG","postgres","UNCLASSIFIED","UNDECIDED","UNKNOWN"
"public","TABLE","menu_billing_profiles","service_role","UPDATE","NO","UNKNOWN_NOT_IN_PG_CATALOG","postgres","UNCLASSIFIED","UNDECIDED","UNKNOWN"
"public","TABLE","menu_categories","authenticated","SELECT","NO","UNKNOWN_NOT_IN_PG_CATALOG","postgres","UNCLASSIFIED","UNDECIDED","UNKNOWN"
"public","TABLE","menu_categories","postgres","DELETE","NO","UNKNOWN_NOT_IN_PG_CATALOG","postgres","UNCLASSIFIED","UNDECIDED","UNKNOWN"
"public","TABLE","menu_categories","postgres","INSERT","NO","UNKNOWN_NOT_IN_PG_CATALOG","postgres","UNCLASSIFIED","UNDECIDED","UNKNOWN"
"public","TABLE","menu_categories","postgres","MAINTAIN","NO","UNKNOWN_NOT_IN_PG_CATALOG","postgres","UNCLASSIFIED","UNDECIDED","UNKNOWN"
"public","TABLE","menu_categories","postgres","REFERENCES","NO","UNKNOWN_NOT_IN_PG_CATALOG","postgres","UNCLASSIFIED","UNDECIDED","UNKNOWN"
"public","TABLE","menu_categories","postgres","SELECT","NO","UNKNOWN_NOT_IN_PG_CATALOG","postgres","UNCLASSIFIED","UNDECIDED","UNKNOWN"
"public","TABLE","menu_categories","postgres","TRIGGER","NO","UNKNOWN_NOT_IN_PG_CATALOG","postgres","UNCLASSIFIED","UNDECIDED","UNKNOWN"
"public","TABLE","menu_categories","postgres","TRUNCATE","NO","UNKNOWN_NOT_IN_PG_CATALOG","postgres","UNCLASSIFIED","UNDECIDED","UNKNOWN"
"public","TABLE","menu_categories","postgres","UPDATE","NO","UNKNOWN_NOT_IN_PG_CATALOG","postgres","UNCLASSIFIED","UNDECIDED","UNKNOWN"
"public","TABLE","menu_categories","service_role","DELETE","NO","UNKNOWN_NOT_IN_PG_CATALOG","postgres","UNCLASSIFIED","UNDECIDED","UNKNOWN"
"public","TABLE","menu_categories","service_role","INSERT","NO","UNKNOWN_NOT_IN_PG_CATALOG","postgres","UNCLASSIFIED","UNDECIDED","UNKNOWN"
"public","TABLE","menu_categories","service_role","MAINTAIN","NO","UNKNOWN_NOT_IN_PG_CATALOG","postgres","UNCLASSIFIED","UNDECIDED","UNKNOWN"
"public","TABLE","menu_categories","service_role","REFERENCES","NO","UNKNOWN_NOT_IN_PG_CATALOG","postgres","UNCLASSIFIED","UNDECIDED","UNKNOWN"
"public","TABLE","menu_categories","service_role","SELECT","NO","UNKNOWN_NOT_IN_PG_CATALOG","postgres","UNCLASSIFIED","UNDECIDED","UNKNOWN"
"public","TABLE","menu_categories","service_role","TRIGGER","NO","UNKNOWN_NOT_IN_PG_CATALOG","postgres","UNCLASSIFIED","UNDECIDED","UNKNOWN"
"public","TABLE","menu_categories","service_role","TRUNCATE","NO","UNKNOWN_NOT_IN_PG_CATALOG","postgres","UNCLASSIFIED","UNDECIDED","UNKNOWN"
"public","TABLE","menu_categories","service_role","UPDATE","NO","UNKNOWN_NOT_IN_PG_CATALOG","postgres","UNCLASSIFIED","UNDECIDED","UNKNOWN"
"public","TABLE","menu_template_billing_profiles","postgres","DELETE","NO","UNKNOWN_NOT_IN_PG_CATALOG","postgres","UNCLASSIFIED","UNDECIDED","UNKNOWN"
"public","TABLE","menu_template_billing_profiles","postgres","INSERT","NO","UNKNOWN_NOT_IN_PG_CATALOG","postgres","UNCLASSIFIED","UNDECIDED","UNKNOWN"
"public","TABLE","menu_template_billing_profiles","postgres","MAINTAIN","NO","UNKNOWN_NOT_IN_PG_CATALOG","postgres","UNCLASSIFIED","UNDECIDED","UNKNOWN"
"public","TABLE","menu_template_billing_profiles","postgres","REFERENCES","NO","UNKNOWN_NOT_IN_PG_CATALOG","postgres","UNCLASSIFIED","UNDECIDED","UNKNOWN"
"public","TABLE","menu_template_billing_profiles","postgres","SELECT","NO","UNKNOWN_NOT_IN_PG_CATALOG","postgres","UNCLASSIFIED","UNDECIDED","UNKNOWN"
"public","TABLE","menu_template_billing_profiles","postgres","TRIGGER","NO","UNKNOWN_NOT_IN_PG_CATALOG","postgres","UNCLASSIFIED","UNDECIDED","UNKNOWN"
"public","TABLE","menu_template_billing_profiles","postgres","TRUNCATE","NO","UNKNOWN_NOT_IN_PG_CATALOG","postgres","UNCLASSIFIED","UNDECIDED","UNKNOWN"
"public","TABLE","menu_template_billing_profiles","postgres","UPDATE","NO","UNKNOWN_NOT_IN_PG_CATALOG","postgres","UNCLASSIFIED","UNDECIDED","UNKNOWN"
"public","TABLE","menu_template_billing_profiles","service_role","DELETE","NO","UNKNOWN_NOT_IN_PG_CATALOG","postgres","UNCLASSIFIED","UNDECIDED","UNKNOWN"
"public","TABLE","menu_template_billing_profiles","service_role","INSERT","NO","UNKNOWN_NOT_IN_PG_CATALOG","postgres","UNCLASSIFIED","UNDECIDED","UNKNOWN"
"public","TABLE","menu_template_billing_profiles","service_role","MAINTAIN","NO","UNKNOWN_NOT_IN_PG_CATALOG","postgres","UNCLASSIFIED","UNDECIDED","UNKNOWN"
"public","TABLE","menu_template_billing_profiles","service_role","REFERENCES","NO","UNKNOWN_NOT_IN_PG_CATALOG","postgres","UNCLASSIFIED","UNDECIDED","UNKNOWN"
"public","TABLE","menu_template_billing_profiles","service_role","SELECT","NO","UNKNOWN_NOT_IN_PG_CATALOG","postgres","UNCLASSIFIED","UNDECIDED","UNKNOWN"
"public","TABLE","menu_template_billing_profiles","service_role","TRIGGER","NO","UNKNOWN_NOT_IN_PG_CATALOG","postgres","UNCLASSIFIED","UNDECIDED","UNKNOWN"
"public","TABLE","menu_template_billing_profiles","service_role","TRUNCATE","NO","UNKNOWN_NOT_IN_PG_CATALOG","postgres","UNCLASSIFIED","UNDECIDED","UNKNOWN"
"public","TABLE","menu_template_billing_profiles","service_role","UPDATE","NO","UNKNOWN_NOT_IN_PG_CATALOG","postgres","UNCLASSIFIED","UNDECIDED","UNKNOWN"
"public","TABLE","menu_templates","postgres","DELETE","NO","UNKNOWN_NOT_IN_PG_CATALOG","postgres","UNCLASSIFIED","UNDECIDED","UNKNOWN"
"public","TABLE","menu_templates","postgres","INSERT","NO","UNKNOWN_NOT_IN_PG_CATALOG","postgres","UNCLASSIFIED","UNDECIDED","UNKNOWN"
"public","TABLE","menu_templates","postgres","MAINTAIN","NO","UNKNOWN_NOT_IN_PG_CATALOG","postgres","UNCLASSIFIED","UNDECIDED","UNKNOWN"
"public","TABLE","menu_templates","postgres","REFERENCES","NO","UNKNOWN_NOT_IN_PG_CATALOG","postgres","UNCLASSIFIED","UNDECIDED","UNKNOWN"
"public","TABLE","menu_templates","postgres","SELECT","NO","UNKNOWN_NOT_IN_PG_CATALOG","postgres","UNCLASSIFIED","UNDECIDED","UNKNOWN"
"public","TABLE","menu_templates","postgres","TRIGGER","NO","UNKNOWN_NOT_IN_PG_CATALOG","postgres","UNCLASSIFIED","UNDECIDED","UNKNOWN"
"public","TABLE","menu_templates","postgres","TRUNCATE","NO","UNKNOWN_NOT_IN_PG_CATALOG","postgres","UNCLASSIFIED","UNDECIDED","UNKNOWN"
"public","TABLE","menu_templates","postgres","UPDATE","NO","UNKNOWN_NOT_IN_PG_CATALOG","postgres","UNCLASSIFIED","UNDECIDED","UNKNOWN"
"public","TABLE","menu_templates","service_role","DELETE","NO","UNKNOWN_NOT_IN_PG_CATALOG","postgres","UNCLASSIFIED","UNDECIDED","UNKNOWN"
"public","TABLE","menu_templates","service_role","INSERT","NO","UNKNOWN_NOT_IN_PG_CATALOG","postgres","UNCLASSIFIED","UNDECIDED","UNKNOWN"
"public","TABLE","menu_templates","service_role","MAINTAIN","NO","UNKNOWN_NOT_IN_PG_CATALOG","postgres","UNCLASSIFIED","UNDECIDED","UNKNOWN"
"public","TABLE","menu_templates","service_role","REFERENCES","NO","UNKNOWN_NOT_IN_PG_CATALOG","postgres","UNCLASSIFIED","UNDECIDED","UNKNOWN"
"public","TABLE","menu_templates","service_role","SELECT","NO","UNKNOWN_NOT_IN_PG_CATALOG","postgres","UNCLASSIFIED","UNDECIDED","UNKNOWN"
"public","TABLE","menu_templates","service_role","TRIGGER","NO","UNKNOWN_NOT_IN_PG_CATALOG","postgres","UNCLASSIFIED","UNDECIDED","UNKNOWN"
"public","TABLE","menu_templates","service_role","TRUNCATE","NO","UNKNOWN_NOT_IN_PG_CATALOG","postgres","UNCLASSIFIED","UNDECIDED","UNKNOWN"
"public","TABLE","menu_templates","service_role","UPDATE","NO","UNKNOWN_NOT_IN_PG_CATALOG","postgres","UNCLASSIFIED","UNDECIDED","UNKNOWN"
"public","TABLE","menus","authenticated","INSERT","NO","UNKNOWN_NOT_IN_PG_CATALOG","postgres","UNCLASSIFIED","UNDECIDED","UNKNOWN"
"public","TABLE","menus","authenticated","SELECT","NO","UNKNOWN_NOT_IN_PG_CATALOG","postgres","UNCLASSIFIED","UNDECIDED","UNKNOWN"
"public","TABLE","menus","authenticated","UPDATE","NO","UNKNOWN_NOT_IN_PG_CATALOG","postgres","UNCLASSIFIED","UNDECIDED","UNKNOWN"
"public","TABLE","menus","postgres","DELETE","NO","UNKNOWN_NOT_IN_PG_CATALOG","postgres","UNCLASSIFIED","UNDECIDED","UNKNOWN"
"public","TABLE","menus","postgres","INSERT","NO","UNKNOWN_NOT_IN_PG_CATALOG","postgres","UNCLASSIFIED","UNDECIDED","UNKNOWN"
"public","TABLE","menus","postgres","MAINTAIN","NO","UNKNOWN_NOT_IN_PG_CATALOG","postgres","UNCLASSIFIED","UNDECIDED","UNKNOWN"
"public","TABLE","menus","postgres","REFERENCES","NO","UNKNOWN_NOT_IN_PG_CATALOG","postgres","UNCLASSIFIED","UNDECIDED","UNKNOWN"
"public","TABLE","menus","postgres","SELECT","NO","UNKNOWN_NOT_IN_PG_CATALOG","postgres","UNCLASSIFIED","UNDECIDED","UNKNOWN"
"public","TABLE","menus","postgres","TRIGGER","NO","UNKNOWN_NOT_IN_PG_CATALOG","postgres","UNCLASSIFIED","UNDECIDED","UNKNOWN"
"public","TABLE","menus","postgres","TRUNCATE","NO","UNKNOWN_NOT_IN_PG_CATALOG","postgres","UNCLASSIFIED","UNDECIDED","UNKNOWN"
"public","TABLE","menus","postgres","UPDATE","NO","UNKNOWN_NOT_IN_PG_CATALOG","postgres","UNCLASSIFIED","UNDECIDED","UNKNOWN"
"public","TABLE","menus","service_role","DELETE","NO","UNKNOWN_NOT_IN_PG_CATALOG","postgres","UNCLASSIFIED","UNDECIDED","UNKNOWN"
"public","TABLE","menus","service_role","INSERT","NO","UNKNOWN_NOT_IN_PG_CATALOG","postgres","UNCLASSIFIED","UNDECIDED","UNKNOWN"
"public","TABLE","menus","service_role","MAINTAIN","NO","UNKNOWN_NOT_IN_PG_CATALOG","postgres","UNCLASSIFIED","UNDECIDED","UNKNOWN"
"public","TABLE","menus","service_role","REFERENCES","NO","UNKNOWN_NOT_IN_PG_CATALOG","postgres","UNCLASSIFIED","UNDECIDED","UNKNOWN"
"public","TABLE","menus","service_role","SELECT","NO","UNKNOWN_NOT_IN_PG_CATALOG","postgres","UNCLASSIFIED","UNDECIDED","UNKNOWN"
"public","TABLE","menus","service_role","TRIGGER","NO","UNKNOWN_NOT_IN_PG_CATALOG","postgres","UNCLASSIFIED","UNDECIDED","UNKNOWN"
"public","TABLE","menus","service_role","TRUNCATE","NO","UNKNOWN_NOT_IN_PG_CATALOG","postgres","UNCLASSIFIED","UNDECIDED","UNKNOWN"
"public","TABLE","menus","service_role","UPDATE","NO","UNKNOWN_NOT_IN_PG_CATALOG","postgres","UNCLASSIFIED","UNDECIDED","UNKNOWN"
"public","TABLE","mfa_setup_sessions","authenticated","DELETE","NO","UNKNOWN_NOT_IN_PG_CATALOG","postgres","UNCLASSIFIED","UNDECIDED","UNKNOWN"
"public","TABLE","mfa_setup_sessions","authenticated","INSERT","NO","UNKNOWN_NOT_IN_PG_CATALOG","postgres","UNCLASSIFIED","UNDECIDED","UNKNOWN"
"public","TABLE","mfa_setup_sessions","authenticated","SELECT","NO","UNKNOWN_NOT_IN_PG_CATALOG","postgres","UNCLASSIFIED","UNDECIDED","UNKNOWN"
"public","TABLE","mfa_setup_sessions","postgres","DELETE","NO","UNKNOWN_NOT_IN_PG_CATALOG","postgres","UNCLASSIFIED","UNDECIDED","UNKNOWN"
"public","TABLE","mfa_setup_sessions","postgres","INSERT","NO","UNKNOWN_NOT_IN_PG_CATALOG","postgres","UNCLASSIFIED","UNDECIDED","UNKNOWN"
"public","TABLE","mfa_setup_sessions","postgres","MAINTAIN","NO","UNKNOWN_NOT_IN_PG_CATALOG","postgres","UNCLASSIFIED","UNDECIDED","UNKNOWN"
"public","TABLE","mfa_setup_sessions","postgres","REFERENCES","NO","UNKNOWN_NOT_IN_PG_CATALOG","postgres","UNCLASSIFIED","UNDECIDED","UNKNOWN"
"public","TABLE","mfa_setup_sessions","postgres","SELECT","NO","UNKNOWN_NOT_IN_PG_CATALOG","postgres","UNCLASSIFIED","UNDECIDED","UNKNOWN"
"public","TABLE","mfa_setup_sessions","postgres","TRIGGER","NO","UNKNOWN_NOT_IN_PG_CATALOG","postgres","UNCLASSIFIED","UNDECIDED","UNKNOWN"
"public","TABLE","mfa_setup_sessions","postgres","TRUNCATE","NO","UNKNOWN_NOT_IN_PG_CATALOG","postgres","UNCLASSIFIED","UNDECIDED","UNKNOWN"
"public","TABLE","mfa_setup_sessions","postgres","UPDATE","NO","UNKNOWN_NOT_IN_PG_CATALOG","postgres","UNCLASSIFIED","UNDECIDED","UNKNOWN"
"public","TABLE","mfa_setup_sessions","service_role","DELETE","NO","UNKNOWN_NOT_IN_PG_CATALOG","postgres","UNCLASSIFIED","UNDECIDED","UNKNOWN"
"public","TABLE","mfa_setup_sessions","service_role","INSERT","NO","UNKNOWN_NOT_IN_PG_CATALOG","postgres","UNCLASSIFIED","UNDECIDED","UNKNOWN"
"public","TABLE","mfa_setup_sessions","service_role","MAINTAIN","NO","UNKNOWN_NOT_IN_PG_CATALOG","postgres","UNCLASSIFIED","UNDECIDED","UNKNOWN"
"public","TABLE","mfa_setup_sessions","service_role","REFERENCES","NO","UNKNOWN_NOT_IN_PG_CATALOG","postgres","UNCLASSIFIED","UNDECIDED","UNKNOWN"
"public","TABLE","mfa_setup_sessions","service_role","SELECT","NO","UNKNOWN_NOT_IN_PG_CATALOG","postgres","UNCLASSIFIED","UNDECIDED","UNKNOWN"
"public","TABLE","mfa_setup_sessions","service_role","TRIGGER","NO","UNKNOWN_NOT_IN_PG_CATALOG","postgres","UNCLASSIFIED","UNDECIDED","UNKNOWN"
"public","TABLE","mfa_setup_sessions","service_role","TRUNCATE","NO","UNKNOWN_NOT_IN_PG_CATALOG","postgres","UNCLASSIFIED","UNDECIDED","UNKNOWN"
"public","TABLE","mfa_setup_sessions","service_role","UPDATE","NO","UNKNOWN_NOT_IN_PG_CATALOG","postgres","UNCLASSIFIED","UNDECIDED","UNKNOWN"
"public","TABLE","mfa_usage_stats","postgres","DELETE","NO","UNKNOWN_NOT_IN_PG_CATALOG","postgres","UNCLASSIFIED","UNDECIDED","UNKNOWN"
"public","TABLE","mfa_usage_stats","postgres","INSERT","NO","UNKNOWN_NOT_IN_PG_CATALOG","postgres","UNCLASSIFIED","UNDECIDED","UNKNOWN"
"public","TABLE","mfa_usage_stats","postgres","MAINTAIN","NO","UNKNOWN_NOT_IN_PG_CATALOG","postgres","UNCLASSIFIED","UNDECIDED","UNKNOWN"
"public","TABLE","mfa_usage_stats","postgres","REFERENCES","NO","UNKNOWN_NOT_IN_PG_CATALOG","postgres","UNCLASSIFIED","UNDECIDED","UNKNOWN"
"public","TABLE","mfa_usage_stats","postgres","SELECT","NO","UNKNOWN_NOT_IN_PG_CATALOG","postgres","UNCLASSIFIED","UNDECIDED","UNKNOWN"
"public","TABLE","mfa_usage_stats","postgres","TRIGGER","NO","UNKNOWN_NOT_IN_PG_CATALOG","postgres","UNCLASSIFIED","UNDECIDED","UNKNOWN"
"public","TABLE","mfa_usage_stats","postgres","TRUNCATE","NO","UNKNOWN_NOT_IN_PG_CATALOG","postgres","UNCLASSIFIED","UNDECIDED","UNKNOWN"
"public","TABLE","mfa_usage_stats","postgres","UPDATE","NO","UNKNOWN_NOT_IN_PG_CATALOG","postgres","UNCLASSIFIED","UNDECIDED","UNKNOWN"
"public","TABLE","mfa_usage_stats","service_role","DELETE","NO","UNKNOWN_NOT_IN_PG_CATALOG","postgres","UNCLASSIFIED","UNDECIDED","UNKNOWN"
"public","TABLE","mfa_usage_stats","service_role","INSERT","NO","UNKNOWN_NOT_IN_PG_CATALOG","postgres","UNCLASSIFIED","UNDECIDED","UNKNOWN"
"public","TABLE","mfa_usage_stats","service_role","MAINTAIN","NO","UNKNOWN_NOT_IN_PG_CATALOG","postgres","UNCLASSIFIED","UNDECIDED","UNKNOWN"
"public","TABLE","mfa_usage_stats","service_role","REFERENCES","NO","UNKNOWN_NOT_IN_PG_CATALOG","postgres","UNCLASSIFIED","UNDECIDED","UNKNOWN"
"public","TABLE","mfa_usage_stats","service_role","SELECT","NO","UNKNOWN_NOT_IN_PG_CATALOG","postgres","UNCLASSIFIED","UNDECIDED","UNKNOWN"
"public","TABLE","mfa_usage_stats","service_role","TRIGGER","NO","UNKNOWN_NOT_IN_PG_CATALOG","postgres","UNCLASSIFIED","UNDECIDED","UNKNOWN"
"public","TABLE","mfa_usage_stats","service_role","TRUNCATE","NO","UNKNOWN_NOT_IN_PG_CATALOG","postgres","UNCLASSIFIED","UNDECIDED","UNKNOWN"
"public","TABLE","mfa_usage_stats","service_role","UPDATE","NO","UNKNOWN_NOT_IN_PG_CATALOG","postgres","UNCLASSIFIED","UNDECIDED","UNKNOWN"
"public","TABLE","notifications","authenticated","SELECT","NO","UNKNOWN_NOT_IN_PG_CATALOG","postgres","UNCLASSIFIED","UNDECIDED","UNKNOWN"
"public","TABLE","notifications","postgres","DELETE","NO","UNKNOWN_NOT_IN_PG_CATALOG","postgres","UNCLASSIFIED","UNDECIDED","UNKNOWN"
"public","TABLE","notifications","postgres","INSERT","NO","UNKNOWN_NOT_IN_PG_CATALOG","postgres","UNCLASSIFIED","UNDECIDED","UNKNOWN"
"public","TABLE","notifications","postgres","MAINTAIN","NO","UNKNOWN_NOT_IN_PG_CATALOG","postgres","UNCLASSIFIED","UNDECIDED","UNKNOWN"
"public","TABLE","notifications","postgres","REFERENCES","NO","UNKNOWN_NOT_IN_PG_CATALOG","postgres","UNCLASSIFIED","UNDECIDED","UNKNOWN"
"public","TABLE","notifications","postgres","SELECT","NO","UNKNOWN_NOT_IN_PG_CATALOG","postgres","UNCLASSIFIED","UNDECIDED","UNKNOWN"
"public","TABLE","notifications","postgres","TRIGGER","NO","UNKNOWN_NOT_IN_PG_CATALOG","postgres","UNCLASSIFIED","UNDECIDED","UNKNOWN"
"public","TABLE","notifications","postgres","TRUNCATE","NO","UNKNOWN_NOT_IN_PG_CATALOG","postgres","UNCLASSIFIED","UNDECIDED","UNKNOWN"
"public","TABLE","notifications","postgres","UPDATE","NO","UNKNOWN_NOT_IN_PG_CATALOG","postgres","UNCLASSIFIED","UNDECIDED","UNKNOWN"
"public","TABLE","notifications","service_role","DELETE","NO","UNKNOWN_NOT_IN_PG_CATALOG","postgres","UNCLASSIFIED","UNDECIDED","UNKNOWN"
"public","TABLE","notifications","service_role","INSERT","NO","UNKNOWN_NOT_IN_PG_CATALOG","postgres","UNCLASSIFIED","UNDECIDED","UNKNOWN"
"public","TABLE","notifications","service_role","MAINTAIN","NO","UNKNOWN_NOT_IN_PG_CATALOG","postgres","UNCLASSIFIED","UNDECIDED","UNKNOWN"
"public","TABLE","notifications","service_role","REFERENCES","NO","UNKNOWN_NOT_IN_PG_CATALOG","postgres","UNCLASSIFIED","UNDECIDED","UNKNOWN"
"public","TABLE","notifications","service_role","SELECT","NO","UNKNOWN_NOT_IN_PG_CATALOG","postgres","UNCLASSIFIED","UNDECIDED","UNKNOWN"
"public","TABLE","notifications","service_role","TRIGGER","NO","UNKNOWN_NOT_IN_PG_CATALOG","postgres","UNCLASSIFIED","UNDECIDED","UNKNOWN"
"public","TABLE","notifications","service_role","TRUNCATE","NO","UNKNOWN_NOT_IN_PG_CATALOG","postgres","UNCLASSIFIED","UNDECIDED","UNKNOWN"
"public","TABLE","notifications","service_role","UPDATE","NO","UNKNOWN_NOT_IN_PG_CATALOG","postgres","UNCLASSIFIED","UNDECIDED","UNKNOWN"
"public","TABLE","onboarding_states","authenticated","INSERT","NO","UNKNOWN_NOT_IN_PG_CATALOG","postgres","UNCLASSIFIED","UNDECIDED","UNKNOWN"
"public","TABLE","onboarding_states","authenticated","SELECT","NO","UNKNOWN_NOT_IN_PG_CATALOG","postgres","UNCLASSIFIED","UNDECIDED","UNKNOWN"
"public","TABLE","onboarding_states","authenticated","UPDATE","NO","UNKNOWN_NOT_IN_PG_CATALOG","postgres","UNCLASSIFIED","UNDECIDED","UNKNOWN"
"public","TABLE","onboarding_states","postgres","DELETE","NO","UNKNOWN_NOT_IN_PG_CATALOG","postgres","UNCLASSIFIED","UNDECIDED","UNKNOWN"
"public","TABLE","onboarding_states","postgres","INSERT","NO","UNKNOWN_NOT_IN_PG_CATALOG","postgres","UNCLASSIFIED","UNDECIDED","UNKNOWN"
"public","TABLE","onboarding_states","postgres","MAINTAIN","NO","UNKNOWN_NOT_IN_PG_CATALOG","postgres","UNCLASSIFIED","UNDECIDED","UNKNOWN"
"public","TABLE","onboarding_states","postgres","REFERENCES","NO","UNKNOWN_NOT_IN_PG_CATALOG","postgres","UNCLASSIFIED","UNDECIDED","UNKNOWN"
"public","TABLE","onboarding_states","postgres","SELECT","NO","UNKNOWN_NOT_IN_PG_CATALOG","postgres","UNCLASSIFIED","UNDECIDED","UNKNOWN"
"public","TABLE","onboarding_states","postgres","TRIGGER","NO","UNKNOWN_NOT_IN_PG_CATALOG","postgres","UNCLASSIFIED","UNDECIDED","UNKNOWN"
"public","TABLE","onboarding_states","postgres","TRUNCATE","NO","UNKNOWN_NOT_IN_PG_CATALOG","postgres","UNCLASSIFIED","UNDECIDED","UNKNOWN"
"public","TABLE","onboarding_states","postgres","UPDATE","NO","UNKNOWN_NOT_IN_PG_CATALOG","postgres","UNCLASSIFIED","UNDECIDED","UNKNOWN"
"public","TABLE","onboarding_states","service_role","DELETE","NO","UNKNOWN_NOT_IN_PG_CATALOG","postgres","UNCLASSIFIED","UNDECIDED","UNKNOWN"
"public","TABLE","onboarding_states","service_role","INSERT","NO","UNKNOWN_NOT_IN_PG_CATALOG","postgres","UNCLASSIFIED","UNDECIDED","UNKNOWN"
"public","TABLE","onboarding_states","service_role","MAINTAIN","NO","UNKNOWN_NOT_IN_PG_CATALOG","postgres","UNCLASSIFIED","UNDECIDED","UNKNOWN"
"public","TABLE","onboarding_states","service_role","REFERENCES","NO","UNKNOWN_NOT_IN_PG_CATALOG","postgres","UNCLASSIFIED","UNDECIDED","UNKNOWN"
"public","TABLE","onboarding_states","service_role","SELECT","NO","UNKNOWN_NOT_IN_PG_CATALOG","postgres","UNCLASSIFIED","UNDECIDED","UNKNOWN"
"public","TABLE","onboarding_states","service_role","TRIGGER","NO","UNKNOWN_NOT_IN_PG_CATALOG","postgres","UNCLASSIFIED","UNDECIDED","UNKNOWN"
"public","TABLE","onboarding_states","service_role","TRUNCATE","NO","UNKNOWN_NOT_IN_PG_CATALOG","postgres","UNCLASSIFIED","UNDECIDED","UNKNOWN"
"public","TABLE","onboarding_states","service_role","UPDATE","NO","UNKNOWN_NOT_IN_PG_CATALOG","postgres","UNCLASSIFIED","UNDECIDED","UNKNOWN"
"public","TABLE","patient_identity_aliases","postgres","DELETE","NO","UNKNOWN_NOT_IN_PG_CATALOG","postgres","UNCLASSIFIED","UNDECIDED","UNKNOWN"
"public","TABLE","patient_identity_aliases","postgres","INSERT","NO","UNKNOWN_NOT_IN_PG_CATALOG","postgres","UNCLASSIFIED","UNDECIDED","UNKNOWN"
"public","TABLE","patient_identity_aliases","postgres","MAINTAIN","NO","UNKNOWN_NOT_IN_PG_CATALOG","postgres","UNCLASSIFIED","UNDECIDED","UNKNOWN"
"public","TABLE","patient_identity_aliases","postgres","REFERENCES","NO","UNKNOWN_NOT_IN_PG_CATALOG","postgres","UNCLASSIFIED","UNDECIDED","UNKNOWN"
"public","TABLE","patient_identity_aliases","postgres","SELECT","NO","UNKNOWN_NOT_IN_PG_CATALOG","postgres","UNCLASSIFIED","UNDECIDED","UNKNOWN"
"public","TABLE","patient_identity_aliases","postgres","TRIGGER","NO","UNKNOWN_NOT_IN_PG_CATALOG","postgres","UNCLASSIFIED","UNDECIDED","UNKNOWN"
"public","TABLE","patient_identity_aliases","postgres","TRUNCATE","NO","UNKNOWN_NOT_IN_PG_CATALOG","postgres","UNCLASSIFIED","UNDECIDED","UNKNOWN"
"public","TABLE","patient_identity_aliases","postgres","UPDATE","NO","UNKNOWN_NOT_IN_PG_CATALOG","postgres","UNCLASSIFIED","UNDECIDED","UNKNOWN"
"public","TABLE","patient_identity_aliases","service_role","DELETE","NO","UNKNOWN_NOT_IN_PG_CATALOG","postgres","UNCLASSIFIED","UNDECIDED","UNKNOWN"
"public","TABLE","patient_identity_aliases","service_role","INSERT","NO","UNKNOWN_NOT_IN_PG_CATALOG","postgres","UNCLASSIFIED","UNDECIDED","UNKNOWN"
"public","TABLE","patient_identity_aliases","service_role","MAINTAIN","NO","UNKNOWN_NOT_IN_PG_CATALOG","postgres","UNCLASSIFIED","UNDECIDED","UNKNOWN"
"public","TABLE","patient_identity_aliases","service_role","REFERENCES","NO","UNKNOWN_NOT_IN_PG_CATALOG","postgres","UNCLASSIFIED","UNDECIDED","UNKNOWN"
"public","TABLE","patient_identity_aliases","service_role","SELECT","NO","UNKNOWN_NOT_IN_PG_CATALOG","postgres","UNCLASSIFIED","UNDECIDED","UNKNOWN"
"public","TABLE","patient_identity_aliases","service_role","TRIGGER","NO","UNKNOWN_NOT_IN_PG_CATALOG","postgres","UNCLASSIFIED","UNDECIDED","UNKNOWN"
"public","TABLE","patient_identity_aliases","service_role","TRUNCATE","NO","UNKNOWN_NOT_IN_PG_CATALOG","postgres","UNCLASSIFIED","UNDECIDED","UNKNOWN"
"public","TABLE","patient_identity_aliases","service_role","UPDATE","NO","UNKNOWN_NOT_IN_PG_CATALOG","postgres","UNCLASSIFIED","UNDECIDED","UNKNOWN"
"public","TABLE","patient_outreach_campaigns","postgres","DELETE","NO","UNKNOWN_NOT_IN_PG_CATALOG","postgres","UNCLASSIFIED","UNDECIDED","UNKNOWN"
"public","TABLE","patient_outreach_campaigns","postgres","INSERT","NO","UNKNOWN_NOT_IN_PG_CATALOG","postgres","UNCLASSIFIED","UNDECIDED","UNKNOWN"
"public","TABLE","patient_outreach_campaigns","postgres","MAINTAIN","NO","UNKNOWN_NOT_IN_PG_CATALOG","postgres","UNCLASSIFIED","UNDECIDED","UNKNOWN"
"public","TABLE","patient_outreach_campaigns","postgres","REFERENCES","NO","UNKNOWN_NOT_IN_PG_CATALOG","postgres","UNCLASSIFIED","UNDECIDED","UNKNOWN"
"public","TABLE","patient_outreach_campaigns","postgres","SELECT","NO","UNKNOWN_NOT_IN_PG_CATALOG","postgres","UNCLASSIFIED","UNDECIDED","UNKNOWN"
"public","TABLE","patient_outreach_campaigns","postgres","TRIGGER","NO","UNKNOWN_NOT_IN_PG_CATALOG","postgres","UNCLASSIFIED","UNDECIDED","UNKNOWN"
"public","TABLE","patient_outreach_campaigns","postgres","TRUNCATE","NO","UNKNOWN_NOT_IN_PG_CATALOG","postgres","UNCLASSIFIED","UNDECIDED","UNKNOWN"
"public","TABLE","patient_outreach_campaigns","postgres","UPDATE","NO","UNKNOWN_NOT_IN_PG_CATALOG","postgres","UNCLASSIFIED","UNDECIDED","UNKNOWN"
"public","TABLE","patient_outreach_campaigns","service_role","DELETE","NO","UNKNOWN_NOT_IN_PG_CATALOG","postgres","UNCLASSIFIED","UNDECIDED","UNKNOWN"
"public","TABLE","patient_outreach_campaigns","service_role","INSERT","NO","UNKNOWN_NOT_IN_PG_CATALOG","postgres","UNCLASSIFIED","UNDECIDED","UNKNOWN"
"public","TABLE","patient_outreach_campaigns","service_role","MAINTAIN","NO","UNKNOWN_NOT_IN_PG_CATALOG","postgres","UNCLASSIFIED","UNDECIDED","UNKNOWN"
"public","TABLE","patient_outreach_campaigns","service_role","REFERENCES","NO","UNKNOWN_NOT_IN_PG_CATALOG","postgres","UNCLASSIFIED","UNDECIDED","UNKNOWN"
"public","TABLE","patient_outreach_campaigns","service_role","SELECT","NO","UNKNOWN_NOT_IN_PG_CATALOG","postgres","UNCLASSIFIED","UNDECIDED","UNKNOWN"
"public","TABLE","patient_outreach_campaigns","service_role","TRIGGER","NO","UNKNOWN_NOT_IN_PG_CATALOG","postgres","UNCLASSIFIED","UNDECIDED","UNKNOWN"
"public","TABLE","patient_outreach_campaigns","service_role","TRUNCATE","NO","UNKNOWN_NOT_IN_PG_CATALOG","postgres","UNCLASSIFIED","UNDECIDED","UNKNOWN"
"public","TABLE","patient_outreach_campaigns","service_role","UPDATE","NO","UNKNOWN_NOT_IN_PG_CATALOG","postgres","UNCLASSIFIED","UNDECIDED","UNKNOWN"
"public","TABLE","patient_outreach_recipients","postgres","DELETE","NO","UNKNOWN_NOT_IN_PG_CATALOG","postgres","UNCLASSIFIED","UNDECIDED","UNKNOWN"
"public","TABLE","patient_outreach_recipients","postgres","INSERT","NO","UNKNOWN_NOT_IN_PG_CATALOG","postgres","UNCLASSIFIED","UNDECIDED","UNKNOWN"
"public","TABLE","patient_outreach_recipients","postgres","MAINTAIN","NO","UNKNOWN_NOT_IN_PG_CATALOG","postgres","UNCLASSIFIED","UNDECIDED","UNKNOWN"
"public","TABLE","patient_outreach_recipients","postgres","REFERENCES","NO","UNKNOWN_NOT_IN_PG_CATALOG","postgres","UNCLASSIFIED","UNDECIDED","UNKNOWN"
"public","TABLE","patient_outreach_recipients","postgres","SELECT","NO","UNKNOWN_NOT_IN_PG_CATALOG","postgres","UNCLASSIFIED","UNDECIDED","UNKNOWN"
"public","TABLE","patient_outreach_recipients","postgres","TRIGGER","NO","UNKNOWN_NOT_IN_PG_CATALOG","postgres","UNCLASSIFIED","UNDECIDED","UNKNOWN"
"public","TABLE","patient_outreach_recipients","postgres","TRUNCATE","NO","UNKNOWN_NOT_IN_PG_CATALOG","postgres","UNCLASSIFIED","UNDECIDED","UNKNOWN"
"public","TABLE","patient_outreach_recipients","postgres","UPDATE","NO","UNKNOWN_NOT_IN_PG_CATALOG","postgres","UNCLASSIFIED","UNDECIDED","UNKNOWN"
"public","TABLE","patient_outreach_recipients","service_role","DELETE","NO","UNKNOWN_NOT_IN_PG_CATALOG","postgres","UNCLASSIFIED","UNDECIDED","UNKNOWN"
"public","TABLE","patient_outreach_recipients","service_role","INSERT","NO","UNKNOWN_NOT_IN_PG_CATALOG","postgres","UNCLASSIFIED","UNDECIDED","UNKNOWN"
"public","TABLE","patient_outreach_recipients","service_role","MAINTAIN","NO","UNKNOWN_NOT_IN_PG_CATALOG","postgres","UNCLASSIFIED","UNDECIDED","UNKNOWN"
"public","TABLE","patient_outreach_recipients","service_role","REFERENCES","NO","UNKNOWN_NOT_IN_PG_CATALOG","postgres","UNCLASSIFIED","UNDECIDED","UNKNOWN"
"public","TABLE","patient_outreach_recipients","service_role","SELECT","NO","UNKNOWN_NOT_IN_PG_CATALOG","postgres","UNCLASSIFIED","UNDECIDED","UNKNOWN"
"public","TABLE","patient_outreach_recipients","service_role","TRIGGER","NO","UNKNOWN_NOT_IN_PG_CATALOG","postgres","UNCLASSIFIED","UNDECIDED","UNKNOWN"
"public","TABLE","patient_outreach_recipients","service_role","TRUNCATE","NO","UNKNOWN_NOT_IN_PG_CATALOG","postgres","UNCLASSIFIED","UNDECIDED","UNKNOWN"
"public","TABLE","patient_outreach_recipients","service_role","UPDATE","NO","UNKNOWN_NOT_IN_PG_CATALOG","postgres","UNCLASSIFIED","UNDECIDED","UNKNOWN"
"public","TABLE","patient_staff_preferences","postgres","DELETE","NO","UNKNOWN_NOT_IN_PG_CATALOG","postgres","UNCLASSIFIED","UNDECIDED","UNKNOWN"
"public","TABLE","patient_staff_preferences","postgres","INSERT","NO","UNKNOWN_NOT_IN_PG_CATALOG","postgres","UNCLASSIFIED","UNDECIDED","UNKNOWN"
"public","TABLE","patient_staff_preferences","postgres","MAINTAIN","NO","UNKNOWN_NOT_IN_PG_CATALOG","postgres","UNCLASSIFIED","UNDECIDED","UNKNOWN"
"public","TABLE","patient_staff_preferences","postgres","REFERENCES","NO","UNKNOWN_NOT_IN_PG_CATALOG","postgres","UNCLASSIFIED","UNDECIDED","UNKNOWN"
"public","TABLE","patient_staff_preferences","postgres","SELECT","NO","UNKNOWN_NOT_IN_PG_CATALOG","postgres","UNCLASSIFIED","UNDECIDED","UNKNOWN"
"public","TABLE","patient_staff_preferences","postgres","TRIGGER","NO","UNKNOWN_NOT_IN_PG_CATALOG","postgres","UNCLASSIFIED","UNDECIDED","UNKNOWN"
"public","TABLE","patient_staff_preferences","postgres","TRUNCATE","NO","UNKNOWN_NOT_IN_PG_CATALOG","postgres","UNCLASSIFIED","UNDECIDED","UNKNOWN"
"public","TABLE","patient_staff_preferences","postgres","UPDATE","NO","UNKNOWN_NOT_IN_PG_CATALOG","postgres","UNCLASSIFIED","UNDECIDED","UNKNOWN"
"public","TABLE","patient_staff_preferences","service_role","DELETE","NO","UNKNOWN_NOT_IN_PG_CATALOG","postgres","UNCLASSIFIED","UNDECIDED","UNKNOWN"
"public","TABLE","patient_staff_preferences","service_role","INSERT","NO","UNKNOWN_NOT_IN_PG_CATALOG","postgres","UNCLASSIFIED","UNDECIDED","UNKNOWN"
"public","TABLE","patient_staff_preferences","service_role","MAINTAIN","NO","UNKNOWN_NOT_IN_PG_CATALOG","postgres","UNCLASSIFIED","UNDECIDED","UNKNOWN"
"public","TABLE","patient_staff_preferences","service_role","REFERENCES","NO","UNKNOWN_NOT_IN_PG_CATALOG","postgres","UNCLASSIFIED","UNDECIDED","UNKNOWN"
"public","TABLE","patient_staff_preferences","service_role","SELECT","NO","UNKNOWN_NOT_IN_PG_CATALOG","postgres","UNCLASSIFIED","UNDECIDED","UNKNOWN"
"public","TABLE","patient_staff_preferences","service_role","TRIGGER","NO","UNKNOWN_NOT_IN_PG_CATALOG","postgres","UNCLASSIFIED","UNDECIDED","UNKNOWN"
"public","TABLE","patient_staff_preferences","service_role","TRUNCATE","NO","UNKNOWN_NOT_IN_PG_CATALOG","postgres","UNCLASSIFIED","UNDECIDED","UNKNOWN"
"public","TABLE","patient_staff_preferences","service_role","UPDATE","NO","UNKNOWN_NOT_IN_PG_CATALOG","postgres","UNCLASSIFIED","UNDECIDED","UNKNOWN"
"public","TABLE","patients","authenticated","SELECT","NO","UNKNOWN_NOT_IN_PG_CATALOG","postgres","UNCLASSIFIED","UNDECIDED","UNKNOWN"
"public","TABLE","patients","postgres","DELETE","NO","UNKNOWN_NOT_IN_PG_CATALOG","postgres","UNCLASSIFIED","UNDECIDED","UNKNOWN"
"public","TABLE","patients","postgres","INSERT","NO","UNKNOWN_NOT_IN_PG_CATALOG","postgres","UNCLASSIFIED","UNDECIDED","UNKNOWN"
"public","TABLE","patients","postgres","MAINTAIN","NO","UNKNOWN_NOT_IN_PG_CATALOG","postgres","UNCLASSIFIED","UNDECIDED","UNKNOWN"
"public","TABLE","patients","postgres","REFERENCES","NO","UNKNOWN_NOT_IN_PG_CATALOG","postgres","UNCLASSIFIED","UNDECIDED","UNKNOWN"
"public","TABLE","patients","postgres","SELECT","NO","UNKNOWN_NOT_IN_PG_CATALOG","postgres","UNCLASSIFIED","UNDECIDED","UNKNOWN"
"public","TABLE","patients","postgres","TRIGGER","NO","UNKNOWN_NOT_IN_PG_CATALOG","postgres","UNCLASSIFIED","UNDECIDED","UNKNOWN"
"public","TABLE","patients","postgres","TRUNCATE","NO","UNKNOWN_NOT_IN_PG_CATALOG","postgres","UNCLASSIFIED","UNDECIDED","UNKNOWN"
"public","TABLE","patients","postgres","UPDATE","NO","UNKNOWN_NOT_IN_PG_CATALOG","postgres","UNCLASSIFIED","UNDECIDED","UNKNOWN"
"public","TABLE","patients","service_role","DELETE","NO","UNKNOWN_NOT_IN_PG_CATALOG","postgres","UNCLASSIFIED","UNDECIDED","UNKNOWN"
"public","TABLE","patients","service_role","INSERT","NO","UNKNOWN_NOT_IN_PG_CATALOG","postgres","UNCLASSIFIED","UNDECIDED","UNKNOWN"
"public","TABLE","patients","service_role","MAINTAIN","NO","UNKNOWN_NOT_IN_PG_CATALOG","postgres","UNCLASSIFIED","UNDECIDED","UNKNOWN"
"public","TABLE","patients","service_role","REFERENCES","NO","UNKNOWN_NOT_IN_PG_CATALOG","postgres","UNCLASSIFIED","UNDECIDED","UNKNOWN"
"public","TABLE","patients","service_role","SELECT","NO","UNKNOWN_NOT_IN_PG_CATALOG","postgres","UNCLASSIFIED","UNDECIDED","UNKNOWN"
"public","TABLE","patients","service_role","TRIGGER","NO","UNKNOWN_NOT_IN_PG_CATALOG","postgres","UNCLASSIFIED","UNDECIDED","UNKNOWN"
"public","TABLE","patients","service_role","TRUNCATE","NO","UNKNOWN_NOT_IN_PG_CATALOG","postgres","UNCLASSIFIED","UNDECIDED","UNKNOWN"
"public","TABLE","patients","service_role","UPDATE","NO","UNKNOWN_NOT_IN_PG_CATALOG","postgres","UNCLASSIFIED","UNDECIDED","UNKNOWN"
"public","TABLE","profiles","authenticated","SELECT","NO","UNKNOWN_NOT_IN_PG_CATALOG","postgres","UNCLASSIFIED","UNDECIDED","UNKNOWN"
"public","TABLE","profiles","postgres","DELETE","NO","UNKNOWN_NOT_IN_PG_CATALOG","postgres","UNCLASSIFIED","UNDECIDED","UNKNOWN"
"public","TABLE","profiles","postgres","INSERT","NO","UNKNOWN_NOT_IN_PG_CATALOG","postgres","UNCLASSIFIED","UNDECIDED","UNKNOWN"
"public","TABLE","profiles","postgres","MAINTAIN","NO","UNKNOWN_NOT_IN_PG_CATALOG","postgres","UNCLASSIFIED","UNDECIDED","UNKNOWN"
"public","TABLE","profiles","postgres","REFERENCES","NO","UNKNOWN_NOT_IN_PG_CATALOG","postgres","UNCLASSIFIED","UNDECIDED","UNKNOWN"
"public","TABLE","profiles","postgres","SELECT","NO","UNKNOWN_NOT_IN_PG_CATALOG","postgres","UNCLASSIFIED","UNDECIDED","UNKNOWN"
"public","TABLE","profiles","postgres","TRIGGER","NO","UNKNOWN_NOT_IN_PG_CATALOG","postgres","UNCLASSIFIED","UNDECIDED","UNKNOWN"
"public","TABLE","profiles","postgres","TRUNCATE","NO","UNKNOWN_NOT_IN_PG_CATALOG","postgres","UNCLASSIFIED","UNDECIDED","UNKNOWN"
"public","TABLE","profiles","postgres","UPDATE","NO","UNKNOWN_NOT_IN_PG_CATALOG","postgres","UNCLASSIFIED","UNDECIDED","UNKNOWN"
"public","TABLE","profiles","service_role","DELETE","NO","UNKNOWN_NOT_IN_PG_CATALOG","postgres","UNCLASSIFIED","UNDECIDED","UNKNOWN"
"public","TABLE","profiles","service_role","INSERT","NO","UNKNOWN_NOT_IN_PG_CATALOG","postgres","UNCLASSIFIED","UNDECIDED","UNKNOWN"
"public","TABLE","profiles","service_role","MAINTAIN","NO","UNKNOWN_NOT_IN_PG_CATALOG","postgres","UNCLASSIFIED","UNDECIDED","UNKNOWN"
"public","TABLE","profiles","service_role","REFERENCES","NO","UNKNOWN_NOT_IN_PG_CATALOG","postgres","UNCLASSIFIED","UNDECIDED","UNKNOWN"
"public","TABLE","profiles","service_role","SELECT","NO","UNKNOWN_NOT_IN_PG_CATALOG","postgres","UNCLASSIFIED","UNDECIDED","UNKNOWN"
"public","TABLE","profiles","service_role","TRIGGER","NO","UNKNOWN_NOT_IN_PG_CATALOG","postgres","UNCLASSIFIED","UNDECIDED","UNKNOWN"
"public","TABLE","profiles","service_role","TRUNCATE","NO","UNKNOWN_NOT_IN_PG_CATALOG","postgres","UNCLASSIFIED","UNDECIDED","UNKNOWN"
"public","TABLE","profiles","service_role","UPDATE","NO","UNKNOWN_NOT_IN_PG_CATALOG","postgres","UNCLASSIFIED","UNDECIDED","UNKNOWN"
"public","TABLE","registered_devices","authenticated","INSERT","NO","UNKNOWN_NOT_IN_PG_CATALOG","postgres","UNCLASSIFIED","UNDECIDED","UNKNOWN"
"public","TABLE","registered_devices","authenticated","SELECT","NO","UNKNOWN_NOT_IN_PG_CATALOG","postgres","UNCLASSIFIED","UNDECIDED","UNKNOWN"
"public","TABLE","registered_devices","authenticated","UPDATE","NO","UNKNOWN_NOT_IN_PG_CATALOG","postgres","UNCLASSIFIED","UNDECIDED","UNKNOWN"
"public","TABLE","registered_devices","postgres","DELETE","NO","UNKNOWN_NOT_IN_PG_CATALOG","postgres","UNCLASSIFIED","UNDECIDED","UNKNOWN"
"public","TABLE","registered_devices","postgres","INSERT","NO","UNKNOWN_NOT_IN_PG_CATALOG","postgres","UNCLASSIFIED","UNDECIDED","UNKNOWN"
"public","TABLE","registered_devices","postgres","MAINTAIN","NO","UNKNOWN_NOT_IN_PG_CATALOG","postgres","UNCLASSIFIED","UNDECIDED","UNKNOWN"
"public","TABLE","registered_devices","postgres","REFERENCES","NO","UNKNOWN_NOT_IN_PG_CATALOG","postgres","UNCLASSIFIED","UNDECIDED","UNKNOWN"
"public","TABLE","registered_devices","postgres","SELECT","NO","UNKNOWN_NOT_IN_PG_CATALOG","postgres","UNCLASSIFIED","UNDECIDED","UNKNOWN"
"public","TABLE","registered_devices","postgres","TRIGGER","NO","UNKNOWN_NOT_IN_PG_CATALOG","postgres","UNCLASSIFIED","UNDECIDED","UNKNOWN"
"public","TABLE","registered_devices","postgres","TRUNCATE","NO","UNKNOWN_NOT_IN_PG_CATALOG","postgres","UNCLASSIFIED","UNDECIDED","UNKNOWN"
"public","TABLE","registered_devices","postgres","UPDATE","NO","UNKNOWN_NOT_IN_PG_CATALOG","postgres","UNCLASSIFIED","UNDECIDED","UNKNOWN"
"public","TABLE","registered_devices","service_role","DELETE","NO","UNKNOWN_NOT_IN_PG_CATALOG","postgres","UNCLASSIFIED","UNDECIDED","UNKNOWN"
"public","TABLE","registered_devices","service_role","INSERT","NO","UNKNOWN_NOT_IN_PG_CATALOG","postgres","UNCLASSIFIED","UNDECIDED","UNKNOWN"
"public","TABLE","registered_devices","service_role","MAINTAIN","NO","UNKNOWN_NOT_IN_PG_CATALOG","postgres","UNCLASSIFIED","UNDECIDED","UNKNOWN"
"public","TABLE","registered_devices","service_role","REFERENCES","NO","UNKNOWN_NOT_IN_PG_CATALOG","postgres","UNCLASSIFIED","UNDECIDED","UNKNOWN"
"public","TABLE","registered_devices","service_role","SELECT","NO","UNKNOWN_NOT_IN_PG_CATALOG","postgres","UNCLASSIFIED","UNDECIDED","UNKNOWN"
"public","TABLE","registered_devices","service_role","TRIGGER","NO","UNKNOWN_NOT_IN_PG_CATALOG","postgres","UNCLASSIFIED","UNDECIDED","UNKNOWN"
"public","TABLE","registered_devices","service_role","TRUNCATE","NO","UNKNOWN_NOT_IN_PG_CATALOG","postgres","UNCLASSIFIED","UNDECIDED","UNKNOWN"
"public","TABLE","registered_devices","service_role","UPDATE","NO","UNKNOWN_NOT_IN_PG_CATALOG","postgres","UNCLASSIFIED","UNDECIDED","UNKNOWN"
"public","TABLE","reservation_history","postgres","DELETE","NO","UNKNOWN_NOT_IN_PG_CATALOG","postgres","UNCLASSIFIED","UNDECIDED","UNKNOWN"
"public","TABLE","reservation_history","postgres","INSERT","NO","UNKNOWN_NOT_IN_PG_CATALOG","postgres","UNCLASSIFIED","UNDECIDED","UNKNOWN"
"public","TABLE","reservation_history","postgres","MAINTAIN","NO","UNKNOWN_NOT_IN_PG_CATALOG","postgres","UNCLASSIFIED","UNDECIDED","UNKNOWN"
"public","TABLE","reservation_history","postgres","REFERENCES","NO","UNKNOWN_NOT_IN_PG_CATALOG","postgres","UNCLASSIFIED","UNDECIDED","UNKNOWN"
"public","TABLE","reservation_history","postgres","SELECT","NO","UNKNOWN_NOT_IN_PG_CATALOG","postgres","UNCLASSIFIED","UNDECIDED","UNKNOWN"
"public","TABLE","reservation_history","postgres","TRIGGER","NO","UNKNOWN_NOT_IN_PG_CATALOG","postgres","UNCLASSIFIED","UNDECIDED","UNKNOWN"
"public","TABLE","reservation_history","postgres","TRUNCATE","NO","UNKNOWN_NOT_IN_PG_CATALOG","postgres","UNCLASSIFIED","UNDECIDED","UNKNOWN"
"public","TABLE","reservation_history","postgres","UPDATE","NO","UNKNOWN_NOT_IN_PG_CATALOG","postgres","UNCLASSIFIED","UNDECIDED","UNKNOWN"
"public","TABLE","reservation_history","service_role","DELETE","NO","UNKNOWN_NOT_IN_PG_CATALOG","postgres","UNCLASSIFIED","UNDECIDED","UNKNOWN"
"public","TABLE","reservation_history","service_role","INSERT","NO","UNKNOWN_NOT_IN_PG_CATALOG","postgres","UNCLASSIFIED","UNDECIDED","UNKNOWN"
"public","TABLE","reservation_history","service_role","MAINTAIN","NO","UNKNOWN_NOT_IN_PG_CATALOG","postgres","UNCLASSIFIED","UNDECIDED","UNKNOWN"
"public","TABLE","reservation_history","service_role","REFERENCES","NO","UNKNOWN_NOT_IN_PG_CATALOG","postgres","UNCLASSIFIED","UNDECIDED","UNKNOWN"
"public","TABLE","reservation_history","service_role","SELECT","NO","UNKNOWN_NOT_IN_PG_CATALOG","postgres","UNCLASSIFIED","UNDECIDED","UNKNOWN"
"public","TABLE","reservation_history","service_role","TRIGGER","NO","UNKNOWN_NOT_IN_PG_CATALOG","postgres","UNCLASSIFIED","UNDECIDED","UNKNOWN"
"public","TABLE","reservation_history","service_role","TRUNCATE","NO","UNKNOWN_NOT_IN_PG_CATALOG","postgres","UNCLASSIFIED","UNDECIDED","UNKNOWN"
"public","TABLE","reservation_history","service_role","UPDATE","NO","UNKNOWN_NOT_IN_PG_CATALOG","postgres","UNCLASSIFIED","UNDECIDED","UNKNOWN"
"public","TABLE","reservation_notifications","postgres","DELETE","NO","UNKNOWN_NOT_IN_PG_CATALOG","postgres","UNCLASSIFIED","UNDECIDED","UNKNOWN"
"public","TABLE","reservation_notifications","postgres","INSERT","NO","UNKNOWN_NOT_IN_PG_CATALOG","postgres","UNCLASSIFIED","UNDECIDED","UNKNOWN"
"public","TABLE","reservation_notifications","postgres","MAINTAIN","NO","UNKNOWN_NOT_IN_PG_CATALOG","postgres","UNCLASSIFIED","UNDECIDED","UNKNOWN"
"public","TABLE","reservation_notifications","postgres","REFERENCES","NO","UNKNOWN_NOT_IN_PG_CATALOG","postgres","UNCLASSIFIED","UNDECIDED","UNKNOWN"
"public","TABLE","reservation_notifications","postgres","SELECT","NO","UNKNOWN_NOT_IN_PG_CATALOG","postgres","UNCLASSIFIED","UNDECIDED","UNKNOWN"
"public","TABLE","reservation_notifications","postgres","TRIGGER","NO","UNKNOWN_NOT_IN_PG_CATALOG","postgres","UNCLASSIFIED","UNDECIDED","UNKNOWN"
"public","TABLE","reservation_notifications","postgres","TRUNCATE","NO","UNKNOWN_NOT_IN_PG_CATALOG","postgres","UNCLASSIFIED","UNDECIDED","UNKNOWN"
"public","TABLE","reservation_notifications","postgres","UPDATE","NO","UNKNOWN_NOT_IN_PG_CATALOG","postgres","UNCLASSIFIED","UNDECIDED","UNKNOWN"
"public","TABLE","reservation_notifications","service_role","DELETE","NO","UNKNOWN_NOT_IN_PG_CATALOG","postgres","UNCLASSIFIED","UNDECIDED","UNKNOWN"
"public","TABLE","reservation_notifications","service_role","INSERT","NO","UNKNOWN_NOT_IN_PG_CATALOG","postgres","UNCLASSIFIED","UNDECIDED","UNKNOWN"
"public","TABLE","reservation_notifications","service_role","MAINTAIN","NO","UNKNOWN_NOT_IN_PG_CATALOG","postgres","UNCLASSIFIED","UNDECIDED","UNKNOWN"
"public","TABLE","reservation_notifications","service_role","REFERENCES","NO","UNKNOWN_NOT_IN_PG_CATALOG","postgres","UNCLASSIFIED","UNDECIDED","UNKNOWN"
"public","TABLE","reservation_notifications","service_role","SELECT","NO","UNKNOWN_NOT_IN_PG_CATALOG","postgres","UNCLASSIFIED","UNDECIDED","UNKNOWN"
"public","TABLE","reservation_notifications","service_role","TRIGGER","NO","UNKNOWN_NOT_IN_PG_CATALOG","postgres","UNCLASSIFIED","UNDECIDED","UNKNOWN"
"public","TABLE","reservation_notifications","service_role","TRUNCATE","NO","UNKNOWN_NOT_IN_PG_CATALOG","postgres","UNCLASSIFIED","UNDECIDED","UNKNOWN"
"public","TABLE","reservation_notifications","service_role","UPDATE","NO","UNKNOWN_NOT_IN_PG_CATALOG","postgres","UNCLASSIFIED","UNDECIDED","UNKNOWN"
"public","TABLE","reservation_rewards","postgres","DELETE","NO","UNKNOWN_NOT_IN_PG_CATALOG","postgres","UNCLASSIFIED","UNDECIDED","UNKNOWN"
"public","TABLE","reservation_rewards","postgres","INSERT","NO","UNKNOWN_NOT_IN_PG_CATALOG","postgres","UNCLASSIFIED","UNDECIDED","UNKNOWN"
"public","TABLE","reservation_rewards","postgres","MAINTAIN","NO","UNKNOWN_NOT_IN_PG_CATALOG","postgres","UNCLASSIFIED","UNDECIDED","UNKNOWN"
"public","TABLE","reservation_rewards","postgres","REFERENCES","NO","UNKNOWN_NOT_IN_PG_CATALOG","postgres","UNCLASSIFIED","UNDECIDED","UNKNOWN"
"public","TABLE","reservation_rewards","postgres","SELECT","NO","UNKNOWN_NOT_IN_PG_CATALOG","postgres","UNCLASSIFIED","UNDECIDED","UNKNOWN"
"public","TABLE","reservation_rewards","postgres","TRIGGER","NO","UNKNOWN_NOT_IN_PG_CATALOG","postgres","UNCLASSIFIED","UNDECIDED","UNKNOWN"
"public","TABLE","reservation_rewards","postgres","TRUNCATE","NO","UNKNOWN_NOT_IN_PG_CATALOG","postgres","UNCLASSIFIED","UNDECIDED","UNKNOWN"
"public","TABLE","reservation_rewards","postgres","UPDATE","NO","UNKNOWN_NOT_IN_PG_CATALOG","postgres","UNCLASSIFIED","UNDECIDED","UNKNOWN"
"public","TABLE","reservation_rewards","service_role","DELETE","NO","UNKNOWN_NOT_IN_PG_CATALOG","postgres","UNCLASSIFIED","UNDECIDED","UNKNOWN"
"public","TABLE","reservation_rewards","service_role","INSERT","NO","UNKNOWN_NOT_IN_PG_CATALOG","postgres","UNCLASSIFIED","UNDECIDED","UNKNOWN"
"public","TABLE","reservation_rewards","service_role","MAINTAIN","NO","UNKNOWN_NOT_IN_PG_CATALOG","postgres","UNCLASSIFIED","UNDECIDED","UNKNOWN"
"public","TABLE","reservation_rewards","service_role","REFERENCES","NO","UNKNOWN_NOT_IN_PG_CATALOG","postgres","UNCLASSIFIED","UNDECIDED","UNKNOWN"
"public","TABLE","reservation_rewards","service_role","SELECT","NO","UNKNOWN_NOT_IN_PG_CATALOG","postgres","UNCLASSIFIED","UNDECIDED","UNKNOWN"
"public","TABLE","reservation_rewards","service_role","TRIGGER","NO","UNKNOWN_NOT_IN_PG_CATALOG","postgres","UNCLASSIFIED","UNDECIDED","UNKNOWN"
"public","TABLE","reservation_rewards","service_role","TRUNCATE","NO","UNKNOWN_NOT_IN_PG_CATALOG","postgres","UNCLASSIFIED","UNDECIDED","UNKNOWN"
"public","TABLE","reservation_rewards","service_role","UPDATE","NO","UNKNOWN_NOT_IN_PG_CATALOG","postgres","UNCLASSIFIED","UNDECIDED","UNKNOWN"
"public","TABLE","reservations","authenticated","INSERT","NO","UNKNOWN_NOT_IN_PG_CATALOG","postgres","UNCLASSIFIED","UNDECIDED","UNKNOWN"
"public","TABLE","reservations","authenticated","SELECT","NO","UNKNOWN_NOT_IN_PG_CATALOG","postgres","UNCLASSIFIED","UNDECIDED","UNKNOWN"
"public","TABLE","reservations","authenticated","UPDATE","NO","UNKNOWN_NOT_IN_PG_CATALOG","postgres","UNCLASSIFIED","UNDECIDED","UNKNOWN"
"public","TABLE","reservations","postgres","DELETE","NO","UNKNOWN_NOT_IN_PG_CATALOG","postgres","UNCLASSIFIED","UNDECIDED","UNKNOWN"
"public","TABLE","reservations","postgres","INSERT","NO","UNKNOWN_NOT_IN_PG_CATALOG","postgres","UNCLASSIFIED","UNDECIDED","UNKNOWN"
"public","TABLE","reservations","postgres","MAINTAIN","NO","UNKNOWN_NOT_IN_PG_CATALOG","postgres","UNCLASSIFIED","UNDECIDED","UNKNOWN"
"public","TABLE","reservations","postgres","REFERENCES","NO","UNKNOWN_NOT_IN_PG_CATALOG","postgres","UNCLASSIFIED","UNDECIDED","UNKNOWN"
"public","TABLE","reservations","postgres","SELECT","NO","UNKNOWN_NOT_IN_PG_CATALOG","postgres","UNCLASSIFIED","UNDECIDED","UNKNOWN"
"public","TABLE","reservations","postgres","TRIGGER","NO","UNKNOWN_NOT_IN_PG_CATALOG","postgres","UNCLASSIFIED","UNDECIDED","UNKNOWN"
"public","TABLE","reservations","postgres","TRUNCATE","NO","UNKNOWN_NOT_IN_PG_CATALOG","postgres","UNCLASSIFIED","UNDECIDED","UNKNOWN"
"public","TABLE","reservations","postgres","UPDATE","NO","UNKNOWN_NOT_IN_PG_CATALOG","postgres","UNCLASSIFIED","UNDECIDED","UNKNOWN"
"public","TABLE","reservations","service_role","DELETE","NO","UNKNOWN_NOT_IN_PG_CATALOG","postgres","UNCLASSIFIED","UNDECIDED","UNKNOWN"
"public","TABLE","reservations","service_role","INSERT","NO","UNKNOWN_NOT_IN_PG_CATALOG","postgres","UNCLASSIFIED","UNDECIDED","UNKNOWN"
"public","TABLE","reservations","service_role","MAINTAIN","NO","UNKNOWN_NOT_IN_PG_CATALOG","postgres","UNCLASSIFIED","UNDECIDED","UNKNOWN"
"public","TABLE","reservations","service_role","REFERENCES","NO","UNKNOWN_NOT_IN_PG_CATALOG","postgres","UNCLASSIFIED","UNDECIDED","UNKNOWN"
"public","TABLE","reservations","service_role","SELECT","NO","UNKNOWN_NOT_IN_PG_CATALOG","postgres","UNCLASSIFIED","UNDECIDED","UNKNOWN"
"public","TABLE","reservations","service_role","TRIGGER","NO","UNKNOWN_NOT_IN_PG_CATALOG","postgres","UNCLASSIFIED","UNDECIDED","UNKNOWN"
"public","TABLE","reservations","service_role","TRUNCATE","NO","UNKNOWN_NOT_IN_PG_CATALOG","postgres","UNCLASSIFIED","UNDECIDED","UNKNOWN"
"public","TABLE","reservations","service_role","UPDATE","NO","UNKNOWN_NOT_IN_PG_CATALOG","postgres","UNCLASSIFIED","UNDECIDED","UNKNOWN"
"public","TABLE","resources","authenticated","INSERT","NO","UNKNOWN_NOT_IN_PG_CATALOG","postgres","UNCLASSIFIED","UNDECIDED","UNKNOWN"
"public","TABLE","resources","authenticated","SELECT","NO","UNKNOWN_NOT_IN_PG_CATALOG","postgres","UNCLASSIFIED","UNDECIDED","UNKNOWN"
"public","TABLE","resources","authenticated","UPDATE","NO","UNKNOWN_NOT_IN_PG_CATALOG","postgres","UNCLASSIFIED","UNDECIDED","UNKNOWN"
"public","TABLE","resources","postgres","DELETE","NO","UNKNOWN_NOT_IN_PG_CATALOG","postgres","UNCLASSIFIED","UNDECIDED","UNKNOWN"
"public","TABLE","resources","postgres","INSERT","NO","UNKNOWN_NOT_IN_PG_CATALOG","postgres","UNCLASSIFIED","UNDECIDED","UNKNOWN"
"public","TABLE","resources","postgres","MAINTAIN","NO","UNKNOWN_NOT_IN_PG_CATALOG","postgres","UNCLASSIFIED","UNDECIDED","UNKNOWN"
"public","TABLE","resources","postgres","REFERENCES","NO","UNKNOWN_NOT_IN_PG_CATALOG","postgres","UNCLASSIFIED","UNDECIDED","UNKNOWN"
"public","TABLE","resources","postgres","SELECT","NO","UNKNOWN_NOT_IN_PG_CATALOG","postgres","UNCLASSIFIED","UNDECIDED","UNKNOWN"
"public","TABLE","resources","postgres","TRIGGER","NO","UNKNOWN_NOT_IN_PG_CATALOG","postgres","UNCLASSIFIED","UNDECIDED","UNKNOWN"
"public","TABLE","resources","postgres","TRUNCATE","NO","UNKNOWN_NOT_IN_PG_CATALOG","postgres","UNCLASSIFIED","UNDECIDED","UNKNOWN"
"public","TABLE","resources","postgres","UPDATE","NO","UNKNOWN_NOT_IN_PG_CATALOG","postgres","UNCLASSIFIED","UNDECIDED","UNKNOWN"
"public","TABLE","resources","service_role","DELETE","NO","UNKNOWN_NOT_IN_PG_CATALOG","postgres","UNCLASSIFIED","UNDECIDED","UNKNOWN"
"public","TABLE","resources","service_role","INSERT","NO","UNKNOWN_NOT_IN_PG_CATALOG","postgres","UNCLASSIFIED","UNDECIDED","UNKNOWN"
"public","TABLE","resources","service_role","MAINTAIN","NO","UNKNOWN_NOT_IN_PG_CATALOG","postgres","UNCLASSIFIED","UNDECIDED","UNKNOWN"
"public","TABLE","resources","service_role","REFERENCES","NO","UNKNOWN_NOT_IN_PG_CATALOG","postgres","UNCLASSIFIED","UNDECIDED","UNKNOWN"
"public","TABLE","resources","service_role","SELECT","NO","UNKNOWN_NOT_IN_PG_CATALOG","postgres","UNCLASSIFIED","UNDECIDED","UNKNOWN"
"public","TABLE","resources","service_role","TRIGGER","NO","UNKNOWN_NOT_IN_PG_CATALOG","postgres","UNCLASSIFIED","UNDECIDED","UNKNOWN"
"public","TABLE","resources","service_role","TRUNCATE","NO","UNKNOWN_NOT_IN_PG_CATALOG","postgres","UNCLASSIFIED","UNDECIDED","UNKNOWN"
"public","TABLE","resources","service_role","UPDATE","NO","UNKNOWN_NOT_IN_PG_CATALOG","postgres","UNCLASSIFIED","UNDECIDED","UNKNOWN"
"public","TABLE","revenue_contexts","authenticated","SELECT","NO","UNKNOWN_NOT_IN_PG_CATALOG","postgres","UNCLASSIFIED","UNDECIDED","UNKNOWN"
"public","TABLE","revenue_contexts","postgres","DELETE","NO","UNKNOWN_NOT_IN_PG_CATALOG","postgres","UNCLASSIFIED","UNDECIDED","UNKNOWN"
"public","TABLE","revenue_contexts","postgres","INSERT","NO","UNKNOWN_NOT_IN_PG_CATALOG","postgres","UNCLASSIFIED","UNDECIDED","UNKNOWN"
"public","TABLE","revenue_contexts","postgres","MAINTAIN","NO","UNKNOWN_NOT_IN_PG_CATALOG","postgres","UNCLASSIFIED","UNDECIDED","UNKNOWN"
"public","TABLE","revenue_contexts","postgres","REFERENCES","NO","UNKNOWN_NOT_IN_PG_CATALOG","postgres","UNCLASSIFIED","UNDECIDED","UNKNOWN"
"public","TABLE","revenue_contexts","postgres","SELECT","NO","UNKNOWN_NOT_IN_PG_CATALOG","postgres","UNCLASSIFIED","UNDECIDED","UNKNOWN"
"public","TABLE","revenue_contexts","postgres","TRIGGER","NO","UNKNOWN_NOT_IN_PG_CATALOG","postgres","UNCLASSIFIED","UNDECIDED","UNKNOWN"
"public","TABLE","revenue_contexts","postgres","TRUNCATE","NO","UNKNOWN_NOT_IN_PG_CATALOG","postgres","UNCLASSIFIED","UNDECIDED","UNKNOWN"
"public","TABLE","revenue_contexts","postgres","UPDATE","NO","UNKNOWN_NOT_IN_PG_CATALOG","postgres","UNCLASSIFIED","UNDECIDED","UNKNOWN"
"public","TABLE","revenue_contexts","service_role","DELETE","NO","UNKNOWN_NOT_IN_PG_CATALOG","postgres","UNCLASSIFIED","UNDECIDED","UNKNOWN"
"public","TABLE","revenue_contexts","service_role","INSERT","NO","UNKNOWN_NOT_IN_PG_CATALOG","postgres","UNCLASSIFIED","UNDECIDED","UNKNOWN"
"public","TABLE","revenue_contexts","service_role","MAINTAIN","NO","UNKNOWN_NOT_IN_PG_CATALOG","postgres","UNCLASSIFIED","UNDECIDED","UNKNOWN"
"public","TABLE","revenue_contexts","service_role","REFERENCES","NO","UNKNOWN_NOT_IN_PG_CATALOG","postgres","UNCLASSIFIED","UNDECIDED","UNKNOWN"
"public","TABLE","revenue_contexts","service_role","SELECT","NO","UNKNOWN_NOT_IN_PG_CATALOG","postgres","UNCLASSIFIED","UNDECIDED","UNKNOWN"
"public","TABLE","revenue_contexts","service_role","TRIGGER","NO","UNKNOWN_NOT_IN_PG_CATALOG","postgres","UNCLASSIFIED","UNDECIDED","UNKNOWN"
"public","TABLE","revenue_contexts","service_role","TRUNCATE","NO","UNKNOWN_NOT_IN_PG_CATALOG","postgres","UNCLASSIFIED","UNDECIDED","UNKNOWN"
"public","TABLE","revenue_contexts","service_role","UPDATE","NO","UNKNOWN_NOT_IN_PG_CATALOG","postgres","UNCLASSIFIED","UNDECIDED","UNKNOWN"
"public","TABLE","revenue_estimate_lines","authenticated","SELECT","NO","UNKNOWN_NOT_IN_PG_CATALOG","postgres","UNCLASSIFIED","UNDECIDED","UNKNOWN"
"public","TABLE","revenue_estimate_lines","postgres","DELETE","NO","UNKNOWN_NOT_IN_PG_CATALOG","postgres","UNCLASSIFIED","UNDECIDED","UNKNOWN"
"public","TABLE","revenue_estimate_lines","postgres","INSERT","NO","UNKNOWN_NOT_IN_PG_CATALOG","postgres","UNCLASSIFIED","UNDECIDED","UNKNOWN"
"public","TABLE","revenue_estimate_lines","postgres","MAINTAIN","NO","UNKNOWN_NOT_IN_PG_CATALOG","postgres","UNCLASSIFIED","UNDECIDED","UNKNOWN"
"public","TABLE","revenue_estimate_lines","postgres","REFERENCES","NO","UNKNOWN_NOT_IN_PG_CATALOG","postgres","UNCLASSIFIED","UNDECIDED","UNKNOWN"
"public","TABLE","revenue_estimate_lines","postgres","SELECT","NO","UNKNOWN_NOT_IN_PG_CATALOG","postgres","UNCLASSIFIED","UNDECIDED","UNKNOWN"
"public","TABLE","revenue_estimate_lines","postgres","TRIGGER","NO","UNKNOWN_NOT_IN_PG_CATALOG","postgres","UNCLASSIFIED","UNDECIDED","UNKNOWN"
"public","TABLE","revenue_estimate_lines","postgres","TRUNCATE","NO","UNKNOWN_NOT_IN_PG_CATALOG","postgres","UNCLASSIFIED","UNDECIDED","UNKNOWN"
"public","TABLE","revenue_estimate_lines","postgres","UPDATE","NO","UNKNOWN_NOT_IN_PG_CATALOG","postgres","UNCLASSIFIED","UNDECIDED","UNKNOWN"
"public","TABLE","revenue_estimate_lines","service_role","DELETE","NO","UNKNOWN_NOT_IN_PG_CATALOG","postgres","UNCLASSIFIED","UNDECIDED","UNKNOWN"
"public","TABLE","revenue_estimate_lines","service_role","INSERT","NO","UNKNOWN_NOT_IN_PG_CATALOG","postgres","UNCLASSIFIED","UNDECIDED","UNKNOWN"
"public","TABLE","revenue_estimate_lines","service_role","MAINTAIN","NO","UNKNOWN_NOT_IN_PG_CATALOG","postgres","UNCLASSIFIED","UNDECIDED","UNKNOWN"
"public","TABLE","revenue_estimate_lines","service_role","REFERENCES","NO","UNKNOWN_NOT_IN_PG_CATALOG","postgres","UNCLASSIFIED","UNDECIDED","UNKNOWN"
"public","TABLE","revenue_estimate_lines","service_role","SELECT","NO","UNKNOWN_NOT_IN_PG_CATALOG","postgres","UNCLASSIFIED","UNDECIDED","UNKNOWN"
"public","TABLE","revenue_estimate_lines","service_role","TRIGGER","NO","UNKNOWN_NOT_IN_PG_CATALOG","postgres","UNCLASSIFIED","UNDECIDED","UNKNOWN"
"public","TABLE","revenue_estimate_lines","service_role","TRUNCATE","NO","UNKNOWN_NOT_IN_PG_CATALOG","postgres","UNCLASSIFIED","UNDECIDED","UNKNOWN"
"public","TABLE","revenue_estimate_lines","service_role","UPDATE","NO","UNKNOWN_NOT_IN_PG_CATALOG","postgres","UNCLASSIFIED","UNDECIDED","UNKNOWN"
"public","TABLE","revenue_estimate_overrides","postgres","DELETE","NO","UNKNOWN_NOT_IN_PG_CATALOG","postgres","UNCLASSIFIED","UNDECIDED","UNKNOWN"
"public","TABLE","revenue_estimate_overrides","postgres","INSERT","NO","UNKNOWN_NOT_IN_PG_CATALOG","postgres","UNCLASSIFIED","UNDECIDED","UNKNOWN"
"public","TABLE","revenue_estimate_overrides","postgres","MAINTAIN","NO","UNKNOWN_NOT_IN_PG_CATALOG","postgres","UNCLASSIFIED","UNDECIDED","UNKNOWN"
"public","TABLE","revenue_estimate_overrides","postgres","REFERENCES","NO","UNKNOWN_NOT_IN_PG_CATALOG","postgres","UNCLASSIFIED","UNDECIDED","UNKNOWN"
"public","TABLE","revenue_estimate_overrides","postgres","SELECT","NO","UNKNOWN_NOT_IN_PG_CATALOG","postgres","UNCLASSIFIED","UNDECIDED","UNKNOWN"
"public","TABLE","revenue_estimate_overrides","postgres","TRIGGER","NO","UNKNOWN_NOT_IN_PG_CATALOG","postgres","UNCLASSIFIED","UNDECIDED","UNKNOWN"
"public","TABLE","revenue_estimate_overrides","postgres","TRUNCATE","NO","UNKNOWN_NOT_IN_PG_CATALOG","postgres","UNCLASSIFIED","UNDECIDED","UNKNOWN"
"public","TABLE","revenue_estimate_overrides","postgres","UPDATE","NO","UNKNOWN_NOT_IN_PG_CATALOG","postgres","UNCLASSIFIED","UNDECIDED","UNKNOWN"
"public","TABLE","revenue_estimate_overrides","service_role","DELETE","NO","UNKNOWN_NOT_IN_PG_CATALOG","postgres","UNCLASSIFIED","UNDECIDED","UNKNOWN"
"public","TABLE","revenue_estimate_overrides","service_role","INSERT","NO","UNKNOWN_NOT_IN_PG_CATALOG","postgres","UNCLASSIFIED","UNDECIDED","UNKNOWN"
"public","TABLE","revenue_estimate_overrides","service_role","MAINTAIN","NO","UNKNOWN_NOT_IN_PG_CATALOG","postgres","UNCLASSIFIED","UNDECIDED","UNKNOWN"
"public","TABLE","revenue_estimate_overrides","service_role","REFERENCES","NO","UNKNOWN_NOT_IN_PG_CATALOG","postgres","UNCLASSIFIED","UNDECIDED","UNKNOWN"
"public","TABLE","revenue_estimate_overrides","service_role","SELECT","NO","UNKNOWN_NOT_IN_PG_CATALOG","postgres","UNCLASSIFIED","UNDECIDED","UNKNOWN"
"public","TABLE","revenue_estimate_overrides","service_role","TRIGGER","NO","UNKNOWN_NOT_IN_PG_CATALOG","postgres","UNCLASSIFIED","UNDECIDED","UNKNOWN"
"public","TABLE","revenue_estimate_overrides","service_role","TRUNCATE","NO","UNKNOWN_NOT_IN_PG_CATALOG","postgres","UNCLASSIFIED","UNDECIDED","UNKNOWN"
"public","TABLE","revenue_estimate_overrides","service_role","UPDATE","NO","UNKNOWN_NOT_IN_PG_CATALOG","postgres","UNCLASSIFIED","UNDECIDED","UNKNOWN"
"public","TABLE","revenue_estimate_warnings","authenticated","SELECT","NO","UNKNOWN_NOT_IN_PG_CATALOG","postgres","UNCLASSIFIED","UNDECIDED","UNKNOWN"
"public","TABLE","revenue_estimate_warnings","postgres","DELETE","NO","UNKNOWN_NOT_IN_PG_CATALOG","postgres","UNCLASSIFIED","UNDECIDED","UNKNOWN"
"public","TABLE","revenue_estimate_warnings","postgres","INSERT","NO","UNKNOWN_NOT_IN_PG_CATALOG","postgres","UNCLASSIFIED","UNDECIDED","UNKNOWN"
"public","TABLE","revenue_estimate_warnings","postgres","MAINTAIN","NO","UNKNOWN_NOT_IN_PG_CATALOG","postgres","UNCLASSIFIED","UNDECIDED","UNKNOWN"
"public","TABLE","revenue_estimate_warnings","postgres","REFERENCES","NO","UNKNOWN_NOT_IN_PG_CATALOG","postgres","UNCLASSIFIED","UNDECIDED","UNKNOWN"
"public","TABLE","revenue_estimate_warnings","postgres","SELECT","NO","UNKNOWN_NOT_IN_PG_CATALOG","postgres","UNCLASSIFIED","UNDECIDED","UNKNOWN"
"public","TABLE","revenue_estimate_warnings","postgres","TRIGGER","NO","UNKNOWN_NOT_IN_PG_CATALOG","postgres","UNCLASSIFIED","UNDECIDED","UNKNOWN"
"public","TABLE","revenue_estimate_warnings","postgres","TRUNCATE","NO","UNKNOWN_NOT_IN_PG_CATALOG","postgres","UNCLASSIFIED","UNDECIDED","UNKNOWN"
"public","TABLE","revenue_estimate_warnings","postgres","UPDATE","NO","UNKNOWN_NOT_IN_PG_CATALOG","postgres","UNCLASSIFIED","UNDECIDED","UNKNOWN"
"public","TABLE","revenue_estimate_warnings","service_role","DELETE","NO","UNKNOWN_NOT_IN_PG_CATALOG","postgres","UNCLASSIFIED","UNDECIDED","UNKNOWN"
"public","TABLE","revenue_estimate_warnings","service_role","INSERT","NO","UNKNOWN_NOT_IN_PG_CATALOG","postgres","UNCLASSIFIED","UNDECIDED","UNKNOWN"
"public","TABLE","revenue_estimate_warnings","service_role","MAINTAIN","NO","UNKNOWN_NOT_IN_PG_CATALOG","postgres","UNCLASSIFIED","UNDECIDED","UNKNOWN"
"public","TABLE","revenue_estimate_warnings","service_role","REFERENCES","NO","UNKNOWN_NOT_IN_PG_CATALOG","postgres","UNCLASSIFIED","UNDECIDED","UNKNOWN"
"public","TABLE","revenue_estimate_warnings","service_role","SELECT","NO","UNKNOWN_NOT_IN_PG_CATALOG","postgres","UNCLASSIFIED","UNDECIDED","UNKNOWN"
"public","TABLE","revenue_estimate_warnings","service_role","TRIGGER","NO","UNKNOWN_NOT_IN_PG_CATALOG","postgres","UNCLASSIFIED","UNDECIDED","UNKNOWN"
"public","TABLE","revenue_estimate_warnings","service_role","TRUNCATE","NO","UNKNOWN_NOT_IN_PG_CATALOG","postgres","UNCLASSIFIED","UNDECIDED","UNKNOWN"
"public","TABLE","revenue_estimate_warnings","service_role","UPDATE","NO","UNKNOWN_NOT_IN_PG_CATALOG","postgres","UNCLASSIFIED","UNDECIDED","UNKNOWN"
"public","TABLE","revenue_estimates","authenticated","SELECT","NO","UNKNOWN_NOT_IN_PG_CATALOG","postgres","UNCLASSIFIED","UNDECIDED","UNKNOWN"
"public","TABLE","revenue_estimates","postgres","DELETE","NO","UNKNOWN_NOT_IN_PG_CATALOG","postgres","UNCLASSIFIED","UNDECIDED","UNKNOWN"
"public","TABLE","revenue_estimates","postgres","INSERT","NO","UNKNOWN_NOT_IN_PG_CATALOG","postgres","UNCLASSIFIED","UNDECIDED","UNKNOWN"
"public","TABLE","revenue_estimates","postgres","MAINTAIN","NO","UNKNOWN_NOT_IN_PG_CATALOG","postgres","UNCLASSIFIED","UNDECIDED","UNKNOWN"
"public","TABLE","revenue_estimates","postgres","REFERENCES","NO","UNKNOWN_NOT_IN_PG_CATALOG","postgres","UNCLASSIFIED","UNDECIDED","UNKNOWN"
"public","TABLE","revenue_estimates","postgres","SELECT","NO","UNKNOWN_NOT_IN_PG_CATALOG","postgres","UNCLASSIFIED","UNDECIDED","UNKNOWN"
"public","TABLE","revenue_estimates","postgres","TRIGGER","NO","UNKNOWN_NOT_IN_PG_CATALOG","postgres","UNCLASSIFIED","UNDECIDED","UNKNOWN"
"public","TABLE","revenue_estimates","postgres","TRUNCATE","NO","UNKNOWN_NOT_IN_PG_CATALOG","postgres","UNCLASSIFIED","UNDECIDED","UNKNOWN"
"public","TABLE","revenue_estimates","postgres","UPDATE","NO","UNKNOWN_NOT_IN_PG_CATALOG","postgres","UNCLASSIFIED","UNDECIDED","UNKNOWN"
"public","TABLE","revenue_estimates","service_role","DELETE","NO","UNKNOWN_NOT_IN_PG_CATALOG","postgres","UNCLASSIFIED","UNDECIDED","UNKNOWN"
"public","TABLE","revenue_estimates","service_role","INSERT","NO","UNKNOWN_NOT_IN_PG_CATALOG","postgres","UNCLASSIFIED","UNDECIDED","UNKNOWN"
"public","TABLE","revenue_estimates","service_role","MAINTAIN","NO","UNKNOWN_NOT_IN_PG_CATALOG","postgres","UNCLASSIFIED","UNDECIDED","UNKNOWN"
"public","TABLE","revenue_estimates","service_role","REFERENCES","NO","UNKNOWN_NOT_IN_PG_CATALOG","postgres","UNCLASSIFIED","UNDECIDED","UNKNOWN"
"public","TABLE","revenue_estimates","service_role","SELECT","NO","UNKNOWN_NOT_IN_PG_CATALOG","postgres","UNCLASSIFIED","UNDECIDED","UNKNOWN"
"public","TABLE","revenue_estimates","service_role","TRIGGER","NO","UNKNOWN_NOT_IN_PG_CATALOG","postgres","UNCLASSIFIED","UNDECIDED","UNKNOWN"
"public","TABLE","revenue_estimates","service_role","TRUNCATE","NO","UNKNOWN_NOT_IN_PG_CATALOG","postgres","UNCLASSIFIED","UNDECIDED","UNKNOWN"
"public","TABLE","revenue_estimates","service_role","UPDATE","NO","UNKNOWN_NOT_IN_PG_CATALOG","postgres","UNCLASSIFIED","UNDECIDED","UNKNOWN"
"public","TABLE","revenues","postgres","DELETE","NO","UNKNOWN_NOT_IN_PG_CATALOG","postgres","UNCLASSIFIED","UNDECIDED","UNKNOWN"
"public","TABLE","revenues","postgres","INSERT","NO","UNKNOWN_NOT_IN_PG_CATALOG","postgres","UNCLASSIFIED","UNDECIDED","UNKNOWN"
"public","TABLE","revenues","postgres","MAINTAIN","NO","UNKNOWN_NOT_IN_PG_CATALOG","postgres","UNCLASSIFIED","UNDECIDED","UNKNOWN"
"public","TABLE","revenues","postgres","REFERENCES","NO","UNKNOWN_NOT_IN_PG_CATALOG","postgres","UNCLASSIFIED","UNDECIDED","UNKNOWN"
"public","TABLE","revenues","postgres","SELECT","NO","UNKNOWN_NOT_IN_PG_CATALOG","postgres","UNCLASSIFIED","UNDECIDED","UNKNOWN"
"public","TABLE","revenues","postgres","TRIGGER","NO","UNKNOWN_NOT_IN_PG_CATALOG","postgres","UNCLASSIFIED","UNDECIDED","UNKNOWN"
"public","TABLE","revenues","postgres","TRUNCATE","NO","UNKNOWN_NOT_IN_PG_CATALOG","postgres","UNCLASSIFIED","UNDECIDED","UNKNOWN"
"public","TABLE","revenues","postgres","UPDATE","NO","UNKNOWN_NOT_IN_PG_CATALOG","postgres","UNCLASSIFIED","UNDECIDED","UNKNOWN"
"public","TABLE","revenues","service_role","SELECT","NO","UNKNOWN_NOT_IN_PG_CATALOG","postgres","UNCLASSIFIED","UNDECIDED","UNKNOWN"
"public","TABLE","security_alerts","postgres","DELETE","NO","UNKNOWN_NOT_IN_PG_CATALOG","postgres","UNCLASSIFIED","UNDECIDED","UNKNOWN"
"public","TABLE","security_alerts","postgres","INSERT","NO","UNKNOWN_NOT_IN_PG_CATALOG","postgres","UNCLASSIFIED","UNDECIDED","UNKNOWN"
"public","TABLE","security_alerts","postgres","MAINTAIN","NO","UNKNOWN_NOT_IN_PG_CATALOG","postgres","UNCLASSIFIED","UNDECIDED","UNKNOWN"
"public","TABLE","security_alerts","postgres","REFERENCES","NO","UNKNOWN_NOT_IN_PG_CATALOG","postgres","UNCLASSIFIED","UNDECIDED","UNKNOWN"
"public","TABLE","security_alerts","postgres","SELECT","NO","UNKNOWN_NOT_IN_PG_CATALOG","postgres","UNCLASSIFIED","UNDECIDED","UNKNOWN"
"public","TABLE","security_alerts","postgres","TRIGGER","NO","UNKNOWN_NOT_IN_PG_CATALOG","postgres","UNCLASSIFIED","UNDECIDED","UNKNOWN"
"public","TABLE","security_alerts","postgres","TRUNCATE","NO","UNKNOWN_NOT_IN_PG_CATALOG","postgres","UNCLASSIFIED","UNDECIDED","UNKNOWN"
"public","TABLE","security_alerts","postgres","UPDATE","NO","UNKNOWN_NOT_IN_PG_CATALOG","postgres","UNCLASSIFIED","UNDECIDED","UNKNOWN"
"public","TABLE","security_alerts","service_role","DELETE","NO","UNKNOWN_NOT_IN_PG_CATALOG","postgres","UNCLASSIFIED","UNDECIDED","UNKNOWN"
"public","TABLE","security_alerts","service_role","INSERT","NO","UNKNOWN_NOT_IN_PG_CATALOG","postgres","UNCLASSIFIED","UNDECIDED","UNKNOWN"
"public","TABLE","security_alerts","service_role","MAINTAIN","NO","UNKNOWN_NOT_IN_PG_CATALOG","postgres","UNCLASSIFIED","UNDECIDED","UNKNOWN"
"public","TABLE","security_alerts","service_role","REFERENCES","NO","UNKNOWN_NOT_IN_PG_CATALOG","postgres","UNCLASSIFIED","UNDECIDED","UNKNOWN"
"public","TABLE","security_alerts","service_role","SELECT","NO","UNKNOWN_NOT_IN_PG_CATALOG","postgres","UNCLASSIFIED","UNDECIDED","UNKNOWN"
"public","TABLE","security_alerts","service_role","TRIGGER","NO","UNKNOWN_NOT_IN_PG_CATALOG","postgres","UNCLASSIFIED","UNDECIDED","UNKNOWN"
"public","TABLE","security_alerts","service_role","TRUNCATE","NO","UNKNOWN_NOT_IN_PG_CATALOG","postgres","UNCLASSIFIED","UNDECIDED","UNKNOWN"
"public","TABLE","security_alerts","service_role","UPDATE","NO","UNKNOWN_NOT_IN_PG_CATALOG","postgres","UNCLASSIFIED","UNDECIDED","UNKNOWN"
"public","TABLE","security_events","authenticated","INSERT","NO","UNKNOWN_NOT_IN_PG_CATALOG","postgres","UNCLASSIFIED","UNDECIDED","UNKNOWN"
"public","TABLE","security_events","authenticated","SELECT","NO","UNKNOWN_NOT_IN_PG_CATALOG","postgres","UNCLASSIFIED","UNDECIDED","UNKNOWN"
"public","TABLE","security_events","authenticated","UPDATE","NO","UNKNOWN_NOT_IN_PG_CATALOG","postgres","UNCLASSIFIED","UNDECIDED","UNKNOWN"
"public","TABLE","security_events","postgres","DELETE","NO","UNKNOWN_NOT_IN_PG_CATALOG","postgres","UNCLASSIFIED","UNDECIDED","UNKNOWN"
"public","TABLE","security_events","postgres","INSERT","NO","UNKNOWN_NOT_IN_PG_CATALOG","postgres","UNCLASSIFIED","UNDECIDED","UNKNOWN"
"public","TABLE","security_events","postgres","MAINTAIN","NO","UNKNOWN_NOT_IN_PG_CATALOG","postgres","UNCLASSIFIED","UNDECIDED","UNKNOWN"
"public","TABLE","security_events","postgres","REFERENCES","NO","UNKNOWN_NOT_IN_PG_CATALOG","postgres","UNCLASSIFIED","UNDECIDED","UNKNOWN"
"public","TABLE","security_events","postgres","SELECT","NO","UNKNOWN_NOT_IN_PG_CATALOG","postgres","UNCLASSIFIED","UNDECIDED","UNKNOWN"
"public","TABLE","security_events","postgres","TRIGGER","NO","UNKNOWN_NOT_IN_PG_CATALOG","postgres","UNCLASSIFIED","UNDECIDED","UNKNOWN"
"public","TABLE","security_events","postgres","TRUNCATE","NO","UNKNOWN_NOT_IN_PG_CATALOG","postgres","UNCLASSIFIED","UNDECIDED","UNKNOWN"
"public","TABLE","security_events","postgres","UPDATE","NO","UNKNOWN_NOT_IN_PG_CATALOG","postgres","UNCLASSIFIED","UNDECIDED","UNKNOWN"
"public","TABLE","security_events","service_role","DELETE","NO","UNKNOWN_NOT_IN_PG_CATALOG","postgres","UNCLASSIFIED","UNDECIDED","UNKNOWN"
"public","TABLE","security_events","service_role","INSERT","NO","UNKNOWN_NOT_IN_PG_CATALOG","postgres","UNCLASSIFIED","UNDECIDED","UNKNOWN"
"public","TABLE","security_events","service_role","MAINTAIN","NO","UNKNOWN_NOT_IN_PG_CATALOG","postgres","UNCLASSIFIED","UNDECIDED","UNKNOWN"
"public","TABLE","security_events","service_role","REFERENCES","NO","UNKNOWN_NOT_IN_PG_CATALOG","postgres","UNCLASSIFIED","UNDECIDED","UNKNOWN"
"public","TABLE","security_events","service_role","SELECT","NO","UNKNOWN_NOT_IN_PG_CATALOG","postgres","UNCLASSIFIED","UNDECIDED","UNKNOWN"
"public","TABLE","security_events","service_role","TRIGGER","NO","UNKNOWN_NOT_IN_PG_CATALOG","postgres","UNCLASSIFIED","UNDECIDED","UNKNOWN"
"public","TABLE","security_events","service_role","TRUNCATE","NO","UNKNOWN_NOT_IN_PG_CATALOG","postgres","UNCLASSIFIED","UNDECIDED","UNKNOWN"
"public","TABLE","security_events","service_role","UPDATE","NO","UNKNOWN_NOT_IN_PG_CATALOG","postgres","UNCLASSIFIED","UNDECIDED","UNKNOWN"
"public","TABLE","session_policies","authenticated","SELECT","NO","UNKNOWN_NOT_IN_PG_CATALOG","postgres","UNCLASSIFIED","UNDECIDED","UNKNOWN"
"public","TABLE","session_policies","postgres","DELETE","NO","UNKNOWN_NOT_IN_PG_CATALOG","postgres","UNCLASSIFIED","UNDECIDED","UNKNOWN"
"public","TABLE","session_policies","postgres","INSERT","NO","UNKNOWN_NOT_IN_PG_CATALOG","postgres","UNCLASSIFIED","UNDECIDED","UNKNOWN"
"public","TABLE","session_policies","postgres","MAINTAIN","NO","UNKNOWN_NOT_IN_PG_CATALOG","postgres","UNCLASSIFIED","UNDECIDED","UNKNOWN"
"public","TABLE","session_policies","postgres","REFERENCES","NO","UNKNOWN_NOT_IN_PG_CATALOG","postgres","UNCLASSIFIED","UNDECIDED","UNKNOWN"
"public","TABLE","session_policies","postgres","SELECT","NO","UNKNOWN_NOT_IN_PG_CATALOG","postgres","UNCLASSIFIED","UNDECIDED","UNKNOWN"
"public","TABLE","session_policies","postgres","TRIGGER","NO","UNKNOWN_NOT_IN_PG_CATALOG","postgres","UNCLASSIFIED","UNDECIDED","UNKNOWN"
"public","TABLE","session_policies","postgres","TRUNCATE","NO","UNKNOWN_NOT_IN_PG_CATALOG","postgres","UNCLASSIFIED","UNDECIDED","UNKNOWN"
"public","TABLE","session_policies","postgres","UPDATE","NO","UNKNOWN_NOT_IN_PG_CATALOG","postgres","UNCLASSIFIED","UNDECIDED","UNKNOWN"
"public","TABLE","session_policies","service_role","DELETE","NO","UNKNOWN_NOT_IN_PG_CATALOG","postgres","UNCLASSIFIED","UNDECIDED","UNKNOWN"
"public","TABLE","session_policies","service_role","INSERT","NO","UNKNOWN_NOT_IN_PG_CATALOG","postgres","UNCLASSIFIED","UNDECIDED","UNKNOWN"
"public","TABLE","session_policies","service_role","MAINTAIN","NO","UNKNOWN_NOT_IN_PG_CATALOG","postgres","UNCLASSIFIED","UNDECIDED","UNKNOWN"
"public","TABLE","session_policies","service_role","REFERENCES","NO","UNKNOWN_NOT_IN_PG_CATALOG","postgres","UNCLASSIFIED","UNDECIDED","UNKNOWN"
"public","TABLE","session_policies","service_role","SELECT","NO","UNKNOWN_NOT_IN_PG_CATALOG","postgres","UNCLASSIFIED","UNDECIDED","UNKNOWN"
"public","TABLE","session_policies","service_role","TRIGGER","NO","UNKNOWN_NOT_IN_PG_CATALOG","postgres","UNCLASSIFIED","UNDECIDED","UNKNOWN"
"public","TABLE","session_policies","service_role","TRUNCATE","NO","UNKNOWN_NOT_IN_PG_CATALOG","postgres","UNCLASSIFIED","UNDECIDED","UNKNOWN"
"public","TABLE","session_policies","service_role","UPDATE","NO","UNKNOWN_NOT_IN_PG_CATALOG","postgres","UNCLASSIFIED","UNDECIDED","UNKNOWN"
"public","TABLE","shift_request_audit_logs","postgres","DELETE","NO","UNKNOWN_NOT_IN_PG_CATALOG","postgres","UNCLASSIFIED","UNDECIDED","UNKNOWN"
"public","TABLE","shift_request_audit_logs","postgres","INSERT","NO","UNKNOWN_NOT_IN_PG_CATALOG","postgres","UNCLASSIFIED","UNDECIDED","UNKNOWN"
"public","TABLE","shift_request_audit_logs","postgres","MAINTAIN","NO","UNKNOWN_NOT_IN_PG_CATALOG","postgres","UNCLASSIFIED","UNDECIDED","UNKNOWN"
"public","TABLE","shift_request_audit_logs","postgres","REFERENCES","NO","UNKNOWN_NOT_IN_PG_CATALOG","postgres","UNCLASSIFIED","UNDECIDED","UNKNOWN"
"public","TABLE","shift_request_audit_logs","postgres","SELECT","NO","UNKNOWN_NOT_IN_PG_CATALOG","postgres","UNCLASSIFIED","UNDECIDED","UNKNOWN"
"public","TABLE","shift_request_audit_logs","postgres","TRIGGER","NO","UNKNOWN_NOT_IN_PG_CATALOG","postgres","UNCLASSIFIED","UNDECIDED","UNKNOWN"
"public","TABLE","shift_request_audit_logs","postgres","TRUNCATE","NO","UNKNOWN_NOT_IN_PG_CATALOG","postgres","UNCLASSIFIED","UNDECIDED","UNKNOWN"
"public","TABLE","shift_request_audit_logs","postgres","UPDATE","NO","UNKNOWN_NOT_IN_PG_CATALOG","postgres","UNCLASSIFIED","UNDECIDED","UNKNOWN"
"public","TABLE","shift_request_audit_logs","service_role","DELETE","NO","UNKNOWN_NOT_IN_PG_CATALOG","postgres","UNCLASSIFIED","UNDECIDED","UNKNOWN"
"public","TABLE","shift_request_audit_logs","service_role","INSERT","NO","UNKNOWN_NOT_IN_PG_CATALOG","postgres","UNCLASSIFIED","UNDECIDED","UNKNOWN"
"public","TABLE","shift_request_audit_logs","service_role","MAINTAIN","NO","UNKNOWN_NOT_IN_PG_CATALOG","postgres","UNCLASSIFIED","UNDECIDED","UNKNOWN"
"public","TABLE","shift_request_audit_logs","service_role","REFERENCES","NO","UNKNOWN_NOT_IN_PG_CATALOG","postgres","UNCLASSIFIED","UNDECIDED","UNKNOWN"
"public","TABLE","shift_request_audit_logs","service_role","SELECT","NO","UNKNOWN_NOT_IN_PG_CATALOG","postgres","UNCLASSIFIED","UNDECIDED","UNKNOWN"
"public","TABLE","shift_request_audit_logs","service_role","TRIGGER","NO","UNKNOWN_NOT_IN_PG_CATALOG","postgres","UNCLASSIFIED","UNDECIDED","UNKNOWN"
"public","TABLE","shift_request_audit_logs","service_role","TRUNCATE","NO","UNKNOWN_NOT_IN_PG_CATALOG","postgres","UNCLASSIFIED","UNDECIDED","UNKNOWN"
"public","TABLE","shift_request_audit_logs","service_role","UPDATE","NO","UNKNOWN_NOT_IN_PG_CATALOG","postgres","UNCLASSIFIED","UNDECIDED","UNKNOWN"
"public","TABLE","shift_request_periods","authenticated","INSERT","NO","UNKNOWN_NOT_IN_PG_CATALOG","postgres","UNCLASSIFIED","UNDECIDED","UNKNOWN"
"public","TABLE","shift_request_periods","authenticated","SELECT","NO","UNKNOWN_NOT_IN_PG_CATALOG","postgres","UNCLASSIFIED","UNDECIDED","UNKNOWN"
"public","TABLE","shift_request_periods","authenticated","UPDATE","NO","UNKNOWN_NOT_IN_PG_CATALOG","postgres","UNCLASSIFIED","UNDECIDED","UNKNOWN"
"public","TABLE","shift_request_periods","postgres","DELETE","NO","UNKNOWN_NOT_IN_PG_CATALOG","postgres","UNCLASSIFIED","UNDECIDED","UNKNOWN"
"public","TABLE","shift_request_periods","postgres","INSERT","NO","UNKNOWN_NOT_IN_PG_CATALOG","postgres","UNCLASSIFIED","UNDECIDED","UNKNOWN"
"public","TABLE","shift_request_periods","postgres","MAINTAIN","NO","UNKNOWN_NOT_IN_PG_CATALOG","postgres","UNCLASSIFIED","UNDECIDED","UNKNOWN"
"public","TABLE","shift_request_periods","postgres","REFERENCES","NO","UNKNOWN_NOT_IN_PG_CATALOG","postgres","UNCLASSIFIED","UNDECIDED","UNKNOWN"
"public","TABLE","shift_request_periods","postgres","SELECT","NO","UNKNOWN_NOT_IN_PG_CATALOG","postgres","UNCLASSIFIED","UNDECIDED","UNKNOWN"
"public","TABLE","shift_request_periods","postgres","TRIGGER","NO","UNKNOWN_NOT_IN_PG_CATALOG","postgres","UNCLASSIFIED","UNDECIDED","UNKNOWN"
"public","TABLE","shift_request_periods","postgres","TRUNCATE","NO","UNKNOWN_NOT_IN_PG_CATALOG","postgres","UNCLASSIFIED","UNDECIDED","UNKNOWN"
"public","TABLE","shift_request_periods","postgres","UPDATE","NO","UNKNOWN_NOT_IN_PG_CATALOG","postgres","UNCLASSIFIED","UNDECIDED","UNKNOWN"
"public","TABLE","shift_request_periods","service_role","DELETE","NO","UNKNOWN_NOT_IN_PG_CATALOG","postgres","UNCLASSIFIED","UNDECIDED","UNKNOWN"
"public","TABLE","shift_request_periods","service_role","INSERT","NO","UNKNOWN_NOT_IN_PG_CATALOG","postgres","UNCLASSIFIED","UNDECIDED","UNKNOWN"
"public","TABLE","shift_request_periods","service_role","MAINTAIN","NO","UNKNOWN_NOT_IN_PG_CATALOG","postgres","UNCLASSIFIED","UNDECIDED","UNKNOWN"
"public","TABLE","shift_request_periods","service_role","REFERENCES","NO","UNKNOWN_NOT_IN_PG_CATALOG","postgres","UNCLASSIFIED","UNDECIDED","UNKNOWN"
"public","TABLE","shift_request_periods","service_role","SELECT","NO","UNKNOWN_NOT_IN_PG_CATALOG","postgres","UNCLASSIFIED","UNDECIDED","UNKNOWN"
"public","TABLE","shift_request_periods","service_role","TRIGGER","NO","UNKNOWN_NOT_IN_PG_CATALOG","postgres","UNCLASSIFIED","UNDECIDED","UNKNOWN"
"public","TABLE","shift_request_periods","service_role","TRUNCATE","NO","UNKNOWN_NOT_IN_PG_CATALOG","postgres","UNCLASSIFIED","UNDECIDED","UNKNOWN"
"public","TABLE","shift_request_periods","service_role","UPDATE","NO","UNKNOWN_NOT_IN_PG_CATALOG","postgres","UNCLASSIFIED","UNDECIDED","UNKNOWN"
"public","TABLE","shift_requests","authenticated","INSERT","NO","UNKNOWN_NOT_IN_PG_CATALOG","postgres","UNCLASSIFIED","UNDECIDED","UNKNOWN"
"public","TABLE","shift_requests","authenticated","SELECT","NO","UNKNOWN_NOT_IN_PG_CATALOG","postgres","UNCLASSIFIED","UNDECIDED","UNKNOWN"
"public","TABLE","shift_requests","authenticated","UPDATE","NO","UNKNOWN_NOT_IN_PG_CATALOG","postgres","UNCLASSIFIED","UNDECIDED","UNKNOWN"
"public","TABLE","shift_requests","postgres","DELETE","NO","UNKNOWN_NOT_IN_PG_CATALOG","postgres","UNCLASSIFIED","UNDECIDED","UNKNOWN"
"public","TABLE","shift_requests","postgres","INSERT","NO","UNKNOWN_NOT_IN_PG_CATALOG","postgres","UNCLASSIFIED","UNDECIDED","UNKNOWN"
"public","TABLE","shift_requests","postgres","MAINTAIN","NO","UNKNOWN_NOT_IN_PG_CATALOG","postgres","UNCLASSIFIED","UNDECIDED","UNKNOWN"
"public","TABLE","shift_requests","postgres","REFERENCES","NO","UNKNOWN_NOT_IN_PG_CATALOG","postgres","UNCLASSIFIED","UNDECIDED","UNKNOWN"
"public","TABLE","shift_requests","postgres","SELECT","NO","UNKNOWN_NOT_IN_PG_CATALOG","postgres","UNCLASSIFIED","UNDECIDED","UNKNOWN"
"public","TABLE","shift_requests","postgres","TRIGGER","NO","UNKNOWN_NOT_IN_PG_CATALOG","postgres","UNCLASSIFIED","UNDECIDED","UNKNOWN"
"public","TABLE","shift_requests","postgres","TRUNCATE","NO","UNKNOWN_NOT_IN_PG_CATALOG","postgres","UNCLASSIFIED","UNDECIDED","UNKNOWN"
"public","TABLE","shift_requests","postgres","UPDATE","NO","UNKNOWN_NOT_IN_PG_CATALOG","postgres","UNCLASSIFIED","UNDECIDED","UNKNOWN"
"public","TABLE","shift_requests","service_role","DELETE","NO","UNKNOWN_NOT_IN_PG_CATALOG","postgres","UNCLASSIFIED","UNDECIDED","UNKNOWN"
"public","TABLE","shift_requests","service_role","INSERT","NO","UNKNOWN_NOT_IN_PG_CATALOG","postgres","UNCLASSIFIED","UNDECIDED","UNKNOWN"
"public","TABLE","shift_requests","service_role","MAINTAIN","NO","UNKNOWN_NOT_IN_PG_CATALOG","postgres","UNCLASSIFIED","UNDECIDED","UNKNOWN"
"public","TABLE","shift_requests","service_role","REFERENCES","NO","UNKNOWN_NOT_IN_PG_CATALOG","postgres","UNCLASSIFIED","UNDECIDED","UNKNOWN"
"public","TABLE","shift_requests","service_role","SELECT","NO","UNKNOWN_NOT_IN_PG_CATALOG","postgres","UNCLASSIFIED","UNDECIDED","UNKNOWN"
"public","TABLE","shift_requests","service_role","TRIGGER","NO","UNKNOWN_NOT_IN_PG_CATALOG","postgres","UNCLASSIFIED","UNDECIDED","UNKNOWN"
"public","TABLE","shift_requests","service_role","TRUNCATE","NO","UNKNOWN_NOT_IN_PG_CATALOG","postgres","UNCLASSIFIED","UNDECIDED","UNKNOWN"
"public","TABLE","shift_requests","service_role","UPDATE","NO","UNKNOWN_NOT_IN_PG_CATALOG","postgres","UNCLASSIFIED","UNDECIDED","UNKNOWN"
"public","TABLE","staff","authenticated","INSERT","NO","UNKNOWN_NOT_IN_PG_CATALOG","postgres","UNCLASSIFIED","UNDECIDED","UNKNOWN"
"public","TABLE","staff","authenticated","SELECT","NO","UNKNOWN_NOT_IN_PG_CATALOG","postgres","UNCLASSIFIED","UNDECIDED","UNKNOWN"
"public","TABLE","staff","postgres","DELETE","NO","UNKNOWN_NOT_IN_PG_CATALOG","postgres","UNCLASSIFIED","UNDECIDED","UNKNOWN"
"public","TABLE","staff","postgres","INSERT","NO","UNKNOWN_NOT_IN_PG_CATALOG","postgres","UNCLASSIFIED","UNDECIDED","UNKNOWN"
"public","TABLE","staff","postgres","MAINTAIN","NO","UNKNOWN_NOT_IN_PG_CATALOG","postgres","UNCLASSIFIED","UNDECIDED","UNKNOWN"
"public","TABLE","staff","postgres","REFERENCES","NO","UNKNOWN_NOT_IN_PG_CATALOG","postgres","UNCLASSIFIED","UNDECIDED","UNKNOWN"
"public","TABLE","staff","postgres","SELECT","NO","UNKNOWN_NOT_IN_PG_CATALOG","postgres","UNCLASSIFIED","UNDECIDED","UNKNOWN"
"public","TABLE","staff","postgres","TRIGGER","NO","UNKNOWN_NOT_IN_PG_CATALOG","postgres","UNCLASSIFIED","UNDECIDED","UNKNOWN"
"public","TABLE","staff","postgres","TRUNCATE","NO","UNKNOWN_NOT_IN_PG_CATALOG","postgres","UNCLASSIFIED","UNDECIDED","UNKNOWN"
"public","TABLE","staff","postgres","UPDATE","NO","UNKNOWN_NOT_IN_PG_CATALOG","postgres","UNCLASSIFIED","UNDECIDED","UNKNOWN"
"public","TABLE","staff","service_role","DELETE","NO","UNKNOWN_NOT_IN_PG_CATALOG","postgres","UNCLASSIFIED","UNDECIDED","UNKNOWN"
"public","TABLE","staff","service_role","INSERT","NO","UNKNOWN_NOT_IN_PG_CATALOG","postgres","UNCLASSIFIED","UNDECIDED","UNKNOWN"
"public","TABLE","staff","service_role","MAINTAIN","NO","UNKNOWN_NOT_IN_PG_CATALOG","postgres","UNCLASSIFIED","UNDECIDED","UNKNOWN"
"public","TABLE","staff","service_role","REFERENCES","NO","UNKNOWN_NOT_IN_PG_CATALOG","postgres","UNCLASSIFIED","UNDECIDED","UNKNOWN"
"public","TABLE","staff","service_role","SELECT","NO","UNKNOWN_NOT_IN_PG_CATALOG","postgres","UNCLASSIFIED","UNDECIDED","UNKNOWN"
"public","TABLE","staff","service_role","TRIGGER","NO","UNKNOWN_NOT_IN_PG_CATALOG","postgres","UNCLASSIFIED","UNDECIDED","UNKNOWN"
"public","TABLE","staff","service_role","TRUNCATE","NO","UNKNOWN_NOT_IN_PG_CATALOG","postgres","UNCLASSIFIED","UNDECIDED","UNKNOWN"
"public","TABLE","staff","service_role","UPDATE","NO","UNKNOWN_NOT_IN_PG_CATALOG","postgres","UNCLASSIFIED","UNDECIDED","UNKNOWN"
"public","TABLE","staff_availability_events","postgres","DELETE","NO","UNKNOWN_NOT_IN_PG_CATALOG","postgres","UNCLASSIFIED","UNDECIDED","UNKNOWN"
"public","TABLE","staff_availability_events","postgres","INSERT","NO","UNKNOWN_NOT_IN_PG_CATALOG","postgres","UNCLASSIFIED","UNDECIDED","UNKNOWN"
"public","TABLE","staff_availability_events","postgres","MAINTAIN","NO","UNKNOWN_NOT_IN_PG_CATALOG","postgres","UNCLASSIFIED","UNDECIDED","UNKNOWN"
"public","TABLE","staff_availability_events","postgres","REFERENCES","NO","UNKNOWN_NOT_IN_PG_CATALOG","postgres","UNCLASSIFIED","UNDECIDED","UNKNOWN"
"public","TABLE","staff_availability_events","postgres","SELECT","NO","UNKNOWN_NOT_IN_PG_CATALOG","postgres","UNCLASSIFIED","UNDECIDED","UNKNOWN"
"public","TABLE","staff_availability_events","postgres","TRIGGER","NO","UNKNOWN_NOT_IN_PG_CATALOG","postgres","UNCLASSIFIED","UNDECIDED","UNKNOWN"
"public","TABLE","staff_availability_events","postgres","TRUNCATE","NO","UNKNOWN_NOT_IN_PG_CATALOG","postgres","UNCLASSIFIED","UNDECIDED","UNKNOWN"
"public","TABLE","staff_availability_events","postgres","UPDATE","NO","UNKNOWN_NOT_IN_PG_CATALOG","postgres","UNCLASSIFIED","UNDECIDED","UNKNOWN"
"public","TABLE","staff_availability_events","service_role","DELETE","NO","UNKNOWN_NOT_IN_PG_CATALOG","postgres","UNCLASSIFIED","UNDECIDED","UNKNOWN"
"public","TABLE","staff_availability_events","service_role","INSERT","NO","UNKNOWN_NOT_IN_PG_CATALOG","postgres","UNCLASSIFIED","UNDECIDED","UNKNOWN"
"public","TABLE","staff_availability_events","service_role","MAINTAIN","NO","UNKNOWN_NOT_IN_PG_CATALOG","postgres","UNCLASSIFIED","UNDECIDED","UNKNOWN"
"public","TABLE","staff_availability_events","service_role","REFERENCES","NO","UNKNOWN_NOT_IN_PG_CATALOG","postgres","UNCLASSIFIED","UNDECIDED","UNKNOWN"
"public","TABLE","staff_availability_events","service_role","SELECT","NO","UNKNOWN_NOT_IN_PG_CATALOG","postgres","UNCLASSIFIED","UNDECIDED","UNKNOWN"
"public","TABLE","staff_availability_events","service_role","TRIGGER","NO","UNKNOWN_NOT_IN_PG_CATALOG","postgres","UNCLASSIFIED","UNDECIDED","UNKNOWN"
"public","TABLE","staff_availability_events","service_role","TRUNCATE","NO","UNKNOWN_NOT_IN_PG_CATALOG","postgres","UNCLASSIFIED","UNDECIDED","UNKNOWN"
"public","TABLE","staff_availability_events","service_role","UPDATE","NO","UNKNOWN_NOT_IN_PG_CATALOG","postgres","UNCLASSIFIED","UNDECIDED","UNKNOWN"
"public","TABLE","staff_availability_notifications","postgres","DELETE","NO","UNKNOWN_NOT_IN_PG_CATALOG","postgres","UNCLASSIFIED","UNDECIDED","UNKNOWN"
"public","TABLE","staff_availability_notifications","postgres","INSERT","NO","UNKNOWN_NOT_IN_PG_CATALOG","postgres","UNCLASSIFIED","UNDECIDED","UNKNOWN"
"public","TABLE","staff_availability_notifications","postgres","MAINTAIN","NO","UNKNOWN_NOT_IN_PG_CATALOG","postgres","UNCLASSIFIED","UNDECIDED","UNKNOWN"
"public","TABLE","staff_availability_notifications","postgres","REFERENCES","NO","UNKNOWN_NOT_IN_PG_CATALOG","postgres","UNCLASSIFIED","UNDECIDED","UNKNOWN"
"public","TABLE","staff_availability_notifications","postgres","SELECT","NO","UNKNOWN_NOT_IN_PG_CATALOG","postgres","UNCLASSIFIED","UNDECIDED","UNKNOWN"
"public","TABLE","staff_availability_notifications","postgres","TRIGGER","NO","UNKNOWN_NOT_IN_PG_CATALOG","postgres","UNCLASSIFIED","UNDECIDED","UNKNOWN"
"public","TABLE","staff_availability_notifications","postgres","TRUNCATE","NO","UNKNOWN_NOT_IN_PG_CATALOG","postgres","UNCLASSIFIED","UNDECIDED","UNKNOWN"
"public","TABLE","staff_availability_notifications","postgres","UPDATE","NO","UNKNOWN_NOT_IN_PG_CATALOG","postgres","UNCLASSIFIED","UNDECIDED","UNKNOWN"
"public","TABLE","staff_availability_notifications","service_role","DELETE","NO","UNKNOWN_NOT_IN_PG_CATALOG","postgres","UNCLASSIFIED","UNDECIDED","UNKNOWN"
"public","TABLE","staff_availability_notifications","service_role","INSERT","NO","UNKNOWN_NOT_IN_PG_CATALOG","postgres","UNCLASSIFIED","UNDECIDED","UNKNOWN"
"public","TABLE","staff_availability_notifications","service_role","MAINTAIN","NO","UNKNOWN_NOT_IN_PG_CATALOG","postgres","UNCLASSIFIED","UNDECIDED","UNKNOWN"
"public","TABLE","staff_availability_notifications","service_role","REFERENCES","NO","UNKNOWN_NOT_IN_PG_CATALOG","postgres","UNCLASSIFIED","UNDECIDED","UNKNOWN"
"public","TABLE","staff_availability_notifications","service_role","SELECT","NO","UNKNOWN_NOT_IN_PG_CATALOG","postgres","UNCLASSIFIED","UNDECIDED","UNKNOWN"
"public","TABLE","staff_availability_notifications","service_role","TRIGGER","NO","UNKNOWN_NOT_IN_PG_CATALOG","postgres","UNCLASSIFIED","UNDECIDED","UNKNOWN"
"public","TABLE","staff_availability_notifications","service_role","TRUNCATE","NO","UNKNOWN_NOT_IN_PG_CATALOG","postgres","UNCLASSIFIED","UNDECIDED","UNKNOWN"
"public","TABLE","staff_availability_notifications","service_role","UPDATE","NO","UNKNOWN_NOT_IN_PG_CATALOG","postgres","UNCLASSIFIED","UNDECIDED","UNKNOWN"
"public","TABLE","staff_clinic_memberships","postgres","DELETE","NO","UNKNOWN_NOT_IN_PG_CATALOG","postgres","UNCLASSIFIED","UNDECIDED","UNKNOWN"
"public","TABLE","staff_clinic_memberships","postgres","INSERT","NO","UNKNOWN_NOT_IN_PG_CATALOG","postgres","UNCLASSIFIED","UNDECIDED","UNKNOWN"
"public","TABLE","staff_clinic_memberships","postgres","MAINTAIN","NO","UNKNOWN_NOT_IN_PG_CATALOG","postgres","UNCLASSIFIED","UNDECIDED","UNKNOWN"
"public","TABLE","staff_clinic_memberships","postgres","REFERENCES","NO","UNKNOWN_NOT_IN_PG_CATALOG","postgres","UNCLASSIFIED","UNDECIDED","UNKNOWN"
"public","TABLE","staff_clinic_memberships","postgres","SELECT","NO","UNKNOWN_NOT_IN_PG_CATALOG","postgres","UNCLASSIFIED","UNDECIDED","UNKNOWN"
"public","TABLE","staff_clinic_memberships","postgres","TRIGGER","NO","UNKNOWN_NOT_IN_PG_CATALOG","postgres","UNCLASSIFIED","UNDECIDED","UNKNOWN"
"public","TABLE","staff_clinic_memberships","postgres","TRUNCATE","NO","UNKNOWN_NOT_IN_PG_CATALOG","postgres","UNCLASSIFIED","UNDECIDED","UNKNOWN"
"public","TABLE","staff_clinic_memberships","postgres","UPDATE","NO","UNKNOWN_NOT_IN_PG_CATALOG","postgres","UNCLASSIFIED","UNDECIDED","UNKNOWN"
"public","TABLE","staff_clinic_memberships","service_role","DELETE","NO","UNKNOWN_NOT_IN_PG_CATALOG","postgres","UNCLASSIFIED","UNDECIDED","UNKNOWN"
"public","TABLE","staff_clinic_memberships","service_role","INSERT","NO","UNKNOWN_NOT_IN_PG_CATALOG","postgres","UNCLASSIFIED","UNDECIDED","UNKNOWN"
"public","TABLE","staff_clinic_memberships","service_role","MAINTAIN","NO","UNKNOWN_NOT_IN_PG_CATALOG","postgres","UNCLASSIFIED","UNDECIDED","UNKNOWN"
"public","TABLE","staff_clinic_memberships","service_role","REFERENCES","NO","UNKNOWN_NOT_IN_PG_CATALOG","postgres","UNCLASSIFIED","UNDECIDED","UNKNOWN"
"public","TABLE","staff_clinic_memberships","service_role","SELECT","NO","UNKNOWN_NOT_IN_PG_CATALOG","postgres","UNCLASSIFIED","UNDECIDED","UNKNOWN"
"public","TABLE","staff_clinic_memberships","service_role","TRIGGER","NO","UNKNOWN_NOT_IN_PG_CATALOG","postgres","UNCLASSIFIED","UNDECIDED","UNKNOWN"
"public","TABLE","staff_clinic_memberships","service_role","TRUNCATE","NO","UNKNOWN_NOT_IN_PG_CATALOG","postgres","UNCLASSIFIED","UNDECIDED","UNKNOWN"
"public","TABLE","staff_clinic_memberships","service_role","UPDATE","NO","UNKNOWN_NOT_IN_PG_CATALOG","postgres","UNCLASSIFIED","UNDECIDED","UNKNOWN"
"public","TABLE","staff_invites","authenticated","INSERT","NO","UNKNOWN_NOT_IN_PG_CATALOG","postgres","UNCLASSIFIED","UNDECIDED","UNKNOWN"
"public","TABLE","staff_invites","authenticated","SELECT","NO","UNKNOWN_NOT_IN_PG_CATALOG","postgres","UNCLASSIFIED","UNDECIDED","UNKNOWN"
"public","TABLE","staff_invites","postgres","DELETE","NO","UNKNOWN_NOT_IN_PG_CATALOG","postgres","UNCLASSIFIED","UNDECIDED","UNKNOWN"
"public","TABLE","staff_invites","postgres","INSERT","NO","UNKNOWN_NOT_IN_PG_CATALOG","postgres","UNCLASSIFIED","UNDECIDED","UNKNOWN"
"public","TABLE","staff_invites","postgres","MAINTAIN","NO","UNKNOWN_NOT_IN_PG_CATALOG","postgres","UNCLASSIFIED","UNDECIDED","UNKNOWN"
"public","TABLE","staff_invites","postgres","REFERENCES","NO","UNKNOWN_NOT_IN_PG_CATALOG","postgres","UNCLASSIFIED","UNDECIDED","UNKNOWN"
"public","TABLE","staff_invites","postgres","SELECT","NO","UNKNOWN_NOT_IN_PG_CATALOG","postgres","UNCLASSIFIED","UNDECIDED","UNKNOWN"
"public","TABLE","staff_invites","postgres","TRIGGER","NO","UNKNOWN_NOT_IN_PG_CATALOG","postgres","UNCLASSIFIED","UNDECIDED","UNKNOWN"
"public","TABLE","staff_invites","postgres","TRUNCATE","NO","UNKNOWN_NOT_IN_PG_CATALOG","postgres","UNCLASSIFIED","UNDECIDED","UNKNOWN"
"public","TABLE","staff_invites","postgres","UPDATE","NO","UNKNOWN_NOT_IN_PG_CATALOG","postgres","UNCLASSIFIED","UNDECIDED","UNKNOWN"
"public","TABLE","staff_invites","service_role","DELETE","NO","UNKNOWN_NOT_IN_PG_CATALOG","postgres","UNCLASSIFIED","UNDECIDED","UNKNOWN"
"public","TABLE","staff_invites","service_role","INSERT","NO","UNKNOWN_NOT_IN_PG_CATALOG","postgres","UNCLASSIFIED","UNDECIDED","UNKNOWN"
"public","TABLE","staff_invites","service_role","MAINTAIN","NO","UNKNOWN_NOT_IN_PG_CATALOG","postgres","UNCLASSIFIED","UNDECIDED","UNKNOWN"
"public","TABLE","staff_invites","service_role","REFERENCES","NO","UNKNOWN_NOT_IN_PG_CATALOG","postgres","UNCLASSIFIED","UNDECIDED","UNKNOWN"
"public","TABLE","staff_invites","service_role","SELECT","NO","UNKNOWN_NOT_IN_PG_CATALOG","postgres","UNCLASSIFIED","UNDECIDED","UNKNOWN"
"public","TABLE","staff_invites","service_role","TRIGGER","NO","UNKNOWN_NOT_IN_PG_CATALOG","postgres","UNCLASSIFIED","UNDECIDED","UNKNOWN"
"public","TABLE","staff_invites","service_role","TRUNCATE","NO","UNKNOWN_NOT_IN_PG_CATALOG","postgres","UNCLASSIFIED","UNDECIDED","UNKNOWN"
"public","TABLE","staff_invites","service_role","UPDATE","NO","UNKNOWN_NOT_IN_PG_CATALOG","postgres","UNCLASSIFIED","UNDECIDED","UNKNOWN"
"public","TABLE","staff_performance","authenticated","SELECT","NO","UNKNOWN_NOT_IN_PG_CATALOG","postgres","UNCLASSIFIED","UNDECIDED","UNKNOWN"
"public","TABLE","staff_performance","postgres","DELETE","NO","UNKNOWN_NOT_IN_PG_CATALOG","postgres","UNCLASSIFIED","UNDECIDED","UNKNOWN"
"public","TABLE","staff_performance","postgres","INSERT","NO","UNKNOWN_NOT_IN_PG_CATALOG","postgres","UNCLASSIFIED","UNDECIDED","UNKNOWN"
"public","TABLE","staff_performance","postgres","MAINTAIN","NO","UNKNOWN_NOT_IN_PG_CATALOG","postgres","UNCLASSIFIED","UNDECIDED","UNKNOWN"
"public","TABLE","staff_performance","postgres","REFERENCES","NO","UNKNOWN_NOT_IN_PG_CATALOG","postgres","UNCLASSIFIED","UNDECIDED","UNKNOWN"
"public","TABLE","staff_performance","postgres","SELECT","NO","UNKNOWN_NOT_IN_PG_CATALOG","postgres","UNCLASSIFIED","UNDECIDED","UNKNOWN"
"public","TABLE","staff_performance","postgres","TRIGGER","NO","UNKNOWN_NOT_IN_PG_CATALOG","postgres","UNCLASSIFIED","UNDECIDED","UNKNOWN"
"public","TABLE","staff_performance","postgres","TRUNCATE","NO","UNKNOWN_NOT_IN_PG_CATALOG","postgres","UNCLASSIFIED","UNDECIDED","UNKNOWN"
"public","TABLE","staff_performance","postgres","UPDATE","NO","UNKNOWN_NOT_IN_PG_CATALOG","postgres","UNCLASSIFIED","UNDECIDED","UNKNOWN"
"public","TABLE","staff_performance","service_role","DELETE","NO","UNKNOWN_NOT_IN_PG_CATALOG","postgres","UNCLASSIFIED","UNDECIDED","UNKNOWN"
"public","TABLE","staff_performance","service_role","INSERT","NO","UNKNOWN_NOT_IN_PG_CATALOG","postgres","UNCLASSIFIED","UNDECIDED","UNKNOWN"
"public","TABLE","staff_performance","service_role","MAINTAIN","NO","UNKNOWN_NOT_IN_PG_CATALOG","postgres","UNCLASSIFIED","UNDECIDED","UNKNOWN"
"public","TABLE","staff_performance","service_role","REFERENCES","NO","UNKNOWN_NOT_IN_PG_CATALOG","postgres","UNCLASSIFIED","UNDECIDED","UNKNOWN"
"public","TABLE","staff_performance","service_role","SELECT","NO","UNKNOWN_NOT_IN_PG_CATALOG","postgres","UNCLASSIFIED","UNDECIDED","UNKNOWN"
"public","TABLE","staff_performance","service_role","TRIGGER","NO","UNKNOWN_NOT_IN_PG_CATALOG","postgres","UNCLASSIFIED","UNDECIDED","UNKNOWN"
"public","TABLE","staff_performance","service_role","TRUNCATE","NO","UNKNOWN_NOT_IN_PG_CATALOG","postgres","UNCLASSIFIED","UNDECIDED","UNKNOWN"
"public","TABLE","staff_performance","service_role","UPDATE","NO","UNKNOWN_NOT_IN_PG_CATALOG","postgres","UNCLASSIFIED","UNDECIDED","UNKNOWN"
"public","TABLE","staff_preferences","authenticated","INSERT","NO","UNKNOWN_NOT_IN_PG_CATALOG","postgres","UNCLASSIFIED","UNDECIDED","UNKNOWN"
"public","TABLE","staff_preferences","authenticated","SELECT","NO","UNKNOWN_NOT_IN_PG_CATALOG","postgres","UNCLASSIFIED","UNDECIDED","UNKNOWN"
"public","TABLE","staff_preferences","postgres","DELETE","NO","UNKNOWN_NOT_IN_PG_CATALOG","postgres","UNCLASSIFIED","UNDECIDED","UNKNOWN"
"public","TABLE","staff_preferences","postgres","INSERT","NO","UNKNOWN_NOT_IN_PG_CATALOG","postgres","UNCLASSIFIED","UNDECIDED","UNKNOWN"
"public","TABLE","staff_preferences","postgres","MAINTAIN","NO","UNKNOWN_NOT_IN_PG_CATALOG","postgres","UNCLASSIFIED","UNDECIDED","UNKNOWN"
"public","TABLE","staff_preferences","postgres","REFERENCES","NO","UNKNOWN_NOT_IN_PG_CATALOG","postgres","UNCLASSIFIED","UNDECIDED","UNKNOWN"
"public","TABLE","staff_preferences","postgres","SELECT","NO","UNKNOWN_NOT_IN_PG_CATALOG","postgres","UNCLASSIFIED","UNDECIDED","UNKNOWN"
"public","TABLE","staff_preferences","postgres","TRIGGER","NO","UNKNOWN_NOT_IN_PG_CATALOG","postgres","UNCLASSIFIED","UNDECIDED","UNKNOWN"
"public","TABLE","staff_preferences","postgres","TRUNCATE","NO","UNKNOWN_NOT_IN_PG_CATALOG","postgres","UNCLASSIFIED","UNDECIDED","UNKNOWN"
"public","TABLE","staff_preferences","postgres","UPDATE","NO","UNKNOWN_NOT_IN_PG_CATALOG","postgres","UNCLASSIFIED","UNDECIDED","UNKNOWN"
"public","TABLE","staff_preferences","service_role","DELETE","NO","UNKNOWN_NOT_IN_PG_CATALOG","postgres","UNCLASSIFIED","UNDECIDED","UNKNOWN"
"public","TABLE","staff_preferences","service_role","INSERT","NO","UNKNOWN_NOT_IN_PG_CATALOG","postgres","UNCLASSIFIED","UNDECIDED","UNKNOWN"
"public","TABLE","staff_preferences","service_role","MAINTAIN","NO","UNKNOWN_NOT_IN_PG_CATALOG","postgres","UNCLASSIFIED","UNDECIDED","UNKNOWN"
"public","TABLE","staff_preferences","service_role","REFERENCES","NO","UNKNOWN_NOT_IN_PG_CATALOG","postgres","UNCLASSIFIED","UNDECIDED","UNKNOWN"
"public","TABLE","staff_preferences","service_role","SELECT","NO","UNKNOWN_NOT_IN_PG_CATALOG","postgres","UNCLASSIFIED","UNDECIDED","UNKNOWN"
"public","TABLE","staff_preferences","service_role","TRIGGER","NO","UNKNOWN_NOT_IN_PG_CATALOG","postgres","UNCLASSIFIED","UNDECIDED","UNKNOWN"
"public","TABLE","staff_preferences","service_role","TRUNCATE","NO","UNKNOWN_NOT_IN_PG_CATALOG","postgres","UNCLASSIFIED","UNDECIDED","UNKNOWN"
"public","TABLE","staff_preferences","service_role","UPDATE","NO","UNKNOWN_NOT_IN_PG_CATALOG","postgres","UNCLASSIFIED","UNDECIDED","UNKNOWN"
"public","TABLE","staff_profiles","authenticated","SELECT","NO","UNKNOWN_NOT_IN_PG_CATALOG","postgres","UNCLASSIFIED","UNDECIDED","UNKNOWN"
"public","TABLE","staff_profiles","postgres","DELETE","NO","UNKNOWN_NOT_IN_PG_CATALOG","postgres","UNCLASSIFIED","UNDECIDED","UNKNOWN"
"public","TABLE","staff_profiles","postgres","INSERT","NO","UNKNOWN_NOT_IN_PG_CATALOG","postgres","UNCLASSIFIED","UNDECIDED","UNKNOWN"
"public","TABLE","staff_profiles","postgres","MAINTAIN","NO","UNKNOWN_NOT_IN_PG_CATALOG","postgres","UNCLASSIFIED","UNDECIDED","UNKNOWN"
"public","TABLE","staff_profiles","postgres","REFERENCES","NO","UNKNOWN_NOT_IN_PG_CATALOG","postgres","UNCLASSIFIED","UNDECIDED","UNKNOWN"
"public","TABLE","staff_profiles","postgres","SELECT","NO","UNKNOWN_NOT_IN_PG_CATALOG","postgres","UNCLASSIFIED","UNDECIDED","UNKNOWN"
"public","TABLE","staff_profiles","postgres","TRIGGER","NO","UNKNOWN_NOT_IN_PG_CATALOG","postgres","UNCLASSIFIED","UNDECIDED","UNKNOWN"
"public","TABLE","staff_profiles","postgres","TRUNCATE","NO","UNKNOWN_NOT_IN_PG_CATALOG","postgres","UNCLASSIFIED","UNDECIDED","UNKNOWN"
"public","TABLE","staff_profiles","postgres","UPDATE","NO","UNKNOWN_NOT_IN_PG_CATALOG","postgres","UNCLASSIFIED","UNDECIDED","UNKNOWN"
"public","TABLE","staff_profiles","service_role","DELETE","NO","UNKNOWN_NOT_IN_PG_CATALOG","postgres","UNCLASSIFIED","UNDECIDED","UNKNOWN"
"public","TABLE","staff_profiles","service_role","INSERT","NO","UNKNOWN_NOT_IN_PG_CATALOG","postgres","UNCLASSIFIED","UNDECIDED","UNKNOWN"
"public","TABLE","staff_profiles","service_role","MAINTAIN","NO","UNKNOWN_NOT_IN_PG_CATALOG","postgres","UNCLASSIFIED","UNDECIDED","UNKNOWN"
"public","TABLE","staff_profiles","service_role","REFERENCES","NO","UNKNOWN_NOT_IN_PG_CATALOG","postgres","UNCLASSIFIED","UNDECIDED","UNKNOWN"
"public","TABLE","staff_profiles","service_role","SELECT","NO","UNKNOWN_NOT_IN_PG_CATALOG","postgres","UNCLASSIFIED","UNDECIDED","UNKNOWN"
"public","TABLE","staff_profiles","service_role","TRIGGER","NO","UNKNOWN_NOT_IN_PG_CATALOG","postgres","UNCLASSIFIED","UNDECIDED","UNKNOWN"
"public","TABLE","staff_profiles","service_role","TRUNCATE","NO","UNKNOWN_NOT_IN_PG_CATALOG","postgres","UNCLASSIFIED","UNDECIDED","UNKNOWN"
"public","TABLE","staff_profiles","service_role","UPDATE","NO","UNKNOWN_NOT_IN_PG_CATALOG","postgres","UNCLASSIFIED","UNDECIDED","UNKNOWN"
"public","TABLE","staff_shifts","authenticated","INSERT","NO","UNKNOWN_NOT_IN_PG_CATALOG","postgres","UNCLASSIFIED","UNDECIDED","UNKNOWN"
"public","TABLE","staff_shifts","authenticated","SELECT","NO","UNKNOWN_NOT_IN_PG_CATALOG","postgres","UNCLASSIFIED","UNDECIDED","UNKNOWN"
"public","TABLE","staff_shifts","authenticated","UPDATE","NO","UNKNOWN_NOT_IN_PG_CATALOG","postgres","UNCLASSIFIED","UNDECIDED","UNKNOWN"
"public","TABLE","staff_shifts","postgres","DELETE","NO","UNKNOWN_NOT_IN_PG_CATALOG","postgres","UNCLASSIFIED","UNDECIDED","UNKNOWN"
"public","TABLE","staff_shifts","postgres","INSERT","NO","UNKNOWN_NOT_IN_PG_CATALOG","postgres","UNCLASSIFIED","UNDECIDED","UNKNOWN"
"public","TABLE","staff_shifts","postgres","MAINTAIN","NO","UNKNOWN_NOT_IN_PG_CATALOG","postgres","UNCLASSIFIED","UNDECIDED","UNKNOWN"
"public","TABLE","staff_shifts","postgres","REFERENCES","NO","UNKNOWN_NOT_IN_PG_CATALOG","postgres","UNCLASSIFIED","UNDECIDED","UNKNOWN"
"public","TABLE","staff_shifts","postgres","SELECT","NO","UNKNOWN_NOT_IN_PG_CATALOG","postgres","UNCLASSIFIED","UNDECIDED","UNKNOWN"
"public","TABLE","staff_shifts","postgres","TRIGGER","NO","UNKNOWN_NOT_IN_PG_CATALOG","postgres","UNCLASSIFIED","UNDECIDED","UNKNOWN"
"public","TABLE","staff_shifts","postgres","TRUNCATE","NO","UNKNOWN_NOT_IN_PG_CATALOG","postgres","UNCLASSIFIED","UNDECIDED","UNKNOWN"
"public","TABLE","staff_shifts","postgres","UPDATE","NO","UNKNOWN_NOT_IN_PG_CATALOG","postgres","UNCLASSIFIED","UNDECIDED","UNKNOWN"
"public","TABLE","staff_shifts","service_role","DELETE","NO","UNKNOWN_NOT_IN_PG_CATALOG","postgres","UNCLASSIFIED","UNDECIDED","UNKNOWN"
"public","TABLE","staff_shifts","service_role","INSERT","NO","UNKNOWN_NOT_IN_PG_CATALOG","postgres","UNCLASSIFIED","UNDECIDED","UNKNOWN"
"public","TABLE","staff_shifts","service_role","MAINTAIN","NO","UNKNOWN_NOT_IN_PG_CATALOG","postgres","UNCLASSIFIED","UNDECIDED","UNKNOWN"
"public","TABLE","staff_shifts","service_role","REFERENCES","NO","UNKNOWN_NOT_IN_PG_CATALOG","postgres","UNCLASSIFIED","UNDECIDED","UNKNOWN"
"public","TABLE","staff_shifts","service_role","SELECT","NO","UNKNOWN_NOT_IN_PG_CATALOG","postgres","UNCLASSIFIED","UNDECIDED","UNKNOWN"
"public","TABLE","staff_shifts","service_role","TRIGGER","NO","UNKNOWN_NOT_IN_PG_CATALOG","postgres","UNCLASSIFIED","UNDECIDED","UNKNOWN"
"public","TABLE","staff_shifts","service_role","TRUNCATE","NO","UNKNOWN_NOT_IN_PG_CATALOG","postgres","UNCLASSIFIED","UNDECIDED","UNKNOWN"
"public","TABLE","staff_shifts","service_role","UPDATE","NO","UNKNOWN_NOT_IN_PG_CATALOG","postgres","UNCLASSIFIED","UNDECIDED","UNKNOWN"
"public","TABLE","stripe_webhook_events","postgres","DELETE","NO","UNKNOWN_NOT_IN_PG_CATALOG","postgres","UNCLASSIFIED","UNDECIDED","UNKNOWN"
"public","TABLE","stripe_webhook_events","postgres","INSERT","NO","UNKNOWN_NOT_IN_PG_CATALOG","postgres","UNCLASSIFIED","UNDECIDED","UNKNOWN"
"public","TABLE","stripe_webhook_events","postgres","MAINTAIN","NO","UNKNOWN_NOT_IN_PG_CATALOG","postgres","UNCLASSIFIED","UNDECIDED","UNKNOWN"
"public","TABLE","stripe_webhook_events","postgres","REFERENCES","NO","UNKNOWN_NOT_IN_PG_CATALOG","postgres","UNCLASSIFIED","UNDECIDED","UNKNOWN"
"public","TABLE","stripe_webhook_events","postgres","SELECT","NO","UNKNOWN_NOT_IN_PG_CATALOG","postgres","UNCLASSIFIED","UNDECIDED","UNKNOWN"
"public","TABLE","stripe_webhook_events","postgres","TRIGGER","NO","UNKNOWN_NOT_IN_PG_CATALOG","postgres","UNCLASSIFIED","UNDECIDED","UNKNOWN"
"public","TABLE","stripe_webhook_events","postgres","TRUNCATE","NO","UNKNOWN_NOT_IN_PG_CATALOG","postgres","UNCLASSIFIED","UNDECIDED","UNKNOWN"
"public","TABLE","stripe_webhook_events","postgres","UPDATE","NO","UNKNOWN_NOT_IN_PG_CATALOG","postgres","UNCLASSIFIED","UNDECIDED","UNKNOWN"
"public","TABLE","stripe_webhook_events","service_role","DELETE","NO","UNKNOWN_NOT_IN_PG_CATALOG","postgres","UNCLASSIFIED","UNDECIDED","UNKNOWN"
"public","TABLE","stripe_webhook_events","service_role","INSERT","NO","UNKNOWN_NOT_IN_PG_CATALOG","postgres","UNCLASSIFIED","UNDECIDED","UNKNOWN"
"public","TABLE","stripe_webhook_events","service_role","MAINTAIN","NO","UNKNOWN_NOT_IN_PG_CATALOG","postgres","UNCLASSIFIED","UNDECIDED","UNKNOWN"
"public","TABLE","stripe_webhook_events","service_role","REFERENCES","NO","UNKNOWN_NOT_IN_PG_CATALOG","postgres","UNCLASSIFIED","UNDECIDED","UNKNOWN"
"public","TABLE","stripe_webhook_events","service_role","SELECT","NO","UNKNOWN_NOT_IN_PG_CATALOG","postgres","UNCLASSIFIED","UNDECIDED","UNKNOWN"
"public","TABLE","stripe_webhook_events","service_role","TRIGGER","NO","UNKNOWN_NOT_IN_PG_CATALOG","postgres","UNCLASSIFIED","UNDECIDED","UNKNOWN"
"public","TABLE","stripe_webhook_events","service_role","TRUNCATE","NO","UNKNOWN_NOT_IN_PG_CATALOG","postgres","UNCLASSIFIED","UNDECIDED","UNKNOWN"
"public","TABLE","stripe_webhook_events","service_role","UPDATE","NO","UNKNOWN_NOT_IN_PG_CATALOG","postgres","UNCLASSIFIED","UNDECIDED","UNKNOWN"
"public","TABLE","subscriptions","postgres","DELETE","NO","UNKNOWN_NOT_IN_PG_CATALOG","postgres","UNCLASSIFIED","UNDECIDED","UNKNOWN"
"public","TABLE","subscriptions","postgres","INSERT","NO","UNKNOWN_NOT_IN_PG_CATALOG","postgres","UNCLASSIFIED","UNDECIDED","UNKNOWN"
"public","TABLE","subscriptions","postgres","MAINTAIN","NO","UNKNOWN_NOT_IN_PG_CATALOG","postgres","UNCLASSIFIED","UNDECIDED","UNKNOWN"
"public","TABLE","subscriptions","postgres","REFERENCES","NO","UNKNOWN_NOT_IN_PG_CATALOG","postgres","UNCLASSIFIED","UNDECIDED","UNKNOWN"
"public","TABLE","subscriptions","postgres","SELECT","NO","UNKNOWN_NOT_IN_PG_CATALOG","postgres","UNCLASSIFIED","UNDECIDED","UNKNOWN"
"public","TABLE","subscriptions","postgres","TRIGGER","NO","UNKNOWN_NOT_IN_PG_CATALOG","postgres","UNCLASSIFIED","UNDECIDED","UNKNOWN"
"public","TABLE","subscriptions","postgres","TRUNCATE","NO","UNKNOWN_NOT_IN_PG_CATALOG","postgres","UNCLASSIFIED","UNDECIDED","UNKNOWN"
"public","TABLE","subscriptions","postgres","UPDATE","NO","UNKNOWN_NOT_IN_PG_CATALOG","postgres","UNCLASSIFIED","UNDECIDED","UNKNOWN"
"public","TABLE","subscriptions","service_role","DELETE","NO","UNKNOWN_NOT_IN_PG_CATALOG","postgres","UNCLASSIFIED","UNDECIDED","UNKNOWN"
"public","TABLE","subscriptions","service_role","INSERT","NO","UNKNOWN_NOT_IN_PG_CATALOG","postgres","UNCLASSIFIED","UNDECIDED","UNKNOWN"
"public","TABLE","subscriptions","service_role","MAINTAIN","NO","UNKNOWN_NOT_IN_PG_CATALOG","postgres","UNCLASSIFIED","UNDECIDED","UNKNOWN"
"public","TABLE","subscriptions","service_role","REFERENCES","NO","UNKNOWN_NOT_IN_PG_CATALOG","postgres","UNCLASSIFIED","UNDECIDED","UNKNOWN"
"public","TABLE","subscriptions","service_role","SELECT","NO","UNKNOWN_NOT_IN_PG_CATALOG","postgres","UNCLASSIFIED","UNDECIDED","UNKNOWN"
"public","TABLE","subscriptions","service_role","TRIGGER","NO","UNKNOWN_NOT_IN_PG_CATALOG","postgres","UNCLASSIFIED","UNDECIDED","UNKNOWN"
"public","TABLE","subscriptions","service_role","TRUNCATE","NO","UNKNOWN_NOT_IN_PG_CATALOG","postgres","UNCLASSIFIED","UNDECIDED","UNKNOWN"
"public","TABLE","subscriptions","service_role","UPDATE","NO","UNKNOWN_NOT_IN_PG_CATALOG","postgres","UNCLASSIFIED","UNDECIDED","UNKNOWN"
"public","TABLE","treatment_menu_records","postgres","DELETE","NO","UNKNOWN_NOT_IN_PG_CATALOG","postgres","UNCLASSIFIED","UNDECIDED","UNKNOWN"
"public","TABLE","treatment_menu_records","postgres","INSERT","NO","UNKNOWN_NOT_IN_PG_CATALOG","postgres","UNCLASSIFIED","UNDECIDED","UNKNOWN"
"public","TABLE","treatment_menu_records","postgres","MAINTAIN","NO","UNKNOWN_NOT_IN_PG_CATALOG","postgres","UNCLASSIFIED","UNDECIDED","UNKNOWN"
"public","TABLE","treatment_menu_records","postgres","REFERENCES","NO","UNKNOWN_NOT_IN_PG_CATALOG","postgres","UNCLASSIFIED","UNDECIDED","UNKNOWN"
"public","TABLE","treatment_menu_records","postgres","SELECT","NO","UNKNOWN_NOT_IN_PG_CATALOG","postgres","UNCLASSIFIED","UNDECIDED","UNKNOWN"
"public","TABLE","treatment_menu_records","postgres","TRIGGER","NO","UNKNOWN_NOT_IN_PG_CATALOG","postgres","UNCLASSIFIED","UNDECIDED","UNKNOWN"
"public","TABLE","treatment_menu_records","postgres","TRUNCATE","NO","UNKNOWN_NOT_IN_PG_CATALOG","postgres","UNCLASSIFIED","UNDECIDED","UNKNOWN"
"public","TABLE","treatment_menu_records","postgres","UPDATE","NO","UNKNOWN_NOT_IN_PG_CATALOG","postgres","UNCLASSIFIED","UNDECIDED","UNKNOWN"
"public","TABLE","treatments","postgres","DELETE","NO","UNKNOWN_NOT_IN_PG_CATALOG","postgres","UNCLASSIFIED","UNDECIDED","UNKNOWN"
"public","TABLE","treatments","postgres","INSERT","NO","UNKNOWN_NOT_IN_PG_CATALOG","postgres","UNCLASSIFIED","UNDECIDED","UNKNOWN"
"public","TABLE","treatments","postgres","MAINTAIN","NO","UNKNOWN_NOT_IN_PG_CATALOG","postgres","UNCLASSIFIED","UNDECIDED","UNKNOWN"
"public","TABLE","treatments","postgres","REFERENCES","NO","UNKNOWN_NOT_IN_PG_CATALOG","postgres","UNCLASSIFIED","UNDECIDED","UNKNOWN"
"public","TABLE","treatments","postgres","SELECT","NO","UNKNOWN_NOT_IN_PG_CATALOG","postgres","UNCLASSIFIED","UNDECIDED","UNKNOWN"
"public","TABLE","treatments","postgres","TRIGGER","NO","UNKNOWN_NOT_IN_PG_CATALOG","postgres","UNCLASSIFIED","UNDECIDED","UNKNOWN"
"public","TABLE","treatments","postgres","TRUNCATE","NO","UNKNOWN_NOT_IN_PG_CATALOG","postgres","UNCLASSIFIED","UNDECIDED","UNKNOWN"
"public","TABLE","treatments","postgres","UPDATE","NO","UNKNOWN_NOT_IN_PG_CATALOG","postgres","UNCLASSIFIED","UNDECIDED","UNKNOWN"
"public","TABLE","user_mfa_settings","authenticated","INSERT","NO","UNKNOWN_NOT_IN_PG_CATALOG","postgres","UNCLASSIFIED","UNDECIDED","UNKNOWN"
"public","TABLE","user_mfa_settings","authenticated","SELECT","NO","UNKNOWN_NOT_IN_PG_CATALOG","postgres","UNCLASSIFIED","UNDECIDED","UNKNOWN"
"public","TABLE","user_mfa_settings","authenticated","UPDATE","NO","UNKNOWN_NOT_IN_PG_CATALOG","postgres","UNCLASSIFIED","UNDECIDED","UNKNOWN"
"public","TABLE","user_mfa_settings","postgres","DELETE","NO","UNKNOWN_NOT_IN_PG_CATALOG","postgres","UNCLASSIFIED","UNDECIDED","UNKNOWN"
"public","TABLE","user_mfa_settings","postgres","INSERT","NO","UNKNOWN_NOT_IN_PG_CATALOG","postgres","UNCLASSIFIED","UNDECIDED","UNKNOWN"
"public","TABLE","user_mfa_settings","postgres","MAINTAIN","NO","UNKNOWN_NOT_IN_PG_CATALOG","postgres","UNCLASSIFIED","UNDECIDED","UNKNOWN"
"public","TABLE","user_mfa_settings","postgres","REFERENCES","NO","UNKNOWN_NOT_IN_PG_CATALOG","postgres","UNCLASSIFIED","UNDECIDED","UNKNOWN"
"public","TABLE","user_mfa_settings","postgres","SELECT","NO","UNKNOWN_NOT_IN_PG_CATALOG","postgres","UNCLASSIFIED","UNDECIDED","UNKNOWN"
"public","TABLE","user_mfa_settings","postgres","TRIGGER","NO","UNKNOWN_NOT_IN_PG_CATALOG","postgres","UNCLASSIFIED","UNDECIDED","UNKNOWN"
"public","TABLE","user_mfa_settings","postgres","TRUNCATE","NO","UNKNOWN_NOT_IN_PG_CATALOG","postgres","UNCLASSIFIED","UNDECIDED","UNKNOWN"
"public","TABLE","user_mfa_settings","postgres","UPDATE","NO","UNKNOWN_NOT_IN_PG_CATALOG","postgres","UNCLASSIFIED","UNDECIDED","UNKNOWN"
"public","TABLE","user_mfa_settings","service_role","DELETE","NO","UNKNOWN_NOT_IN_PG_CATALOG","postgres","UNCLASSIFIED","UNDECIDED","UNKNOWN"
"public","TABLE","user_mfa_settings","service_role","INSERT","NO","UNKNOWN_NOT_IN_PG_CATALOG","postgres","UNCLASSIFIED","UNDECIDED","UNKNOWN"
"public","TABLE","user_mfa_settings","service_role","MAINTAIN","NO","UNKNOWN_NOT_IN_PG_CATALOG","postgres","UNCLASSIFIED","UNDECIDED","UNKNOWN"
"public","TABLE","user_mfa_settings","service_role","REFERENCES","NO","UNKNOWN_NOT_IN_PG_CATALOG","postgres","UNCLASSIFIED","UNDECIDED","UNKNOWN"
"public","TABLE","user_mfa_settings","service_role","SELECT","NO","UNKNOWN_NOT_IN_PG_CATALOG","postgres","UNCLASSIFIED","UNDECIDED","UNKNOWN"
"public","TABLE","user_mfa_settings","service_role","TRIGGER","NO","UNKNOWN_NOT_IN_PG_CATALOG","postgres","UNCLASSIFIED","UNDECIDED","UNKNOWN"
"public","TABLE","user_mfa_settings","service_role","TRUNCATE","NO","UNKNOWN_NOT_IN_PG_CATALOG","postgres","UNCLASSIFIED","UNDECIDED","UNKNOWN"
"public","TABLE","user_mfa_settings","service_role","UPDATE","NO","UNKNOWN_NOT_IN_PG_CATALOG","postgres","UNCLASSIFIED","UNDECIDED","UNKNOWN"
"public","TABLE","user_permissions","authenticated","SELECT","NO","UNKNOWN_NOT_IN_PG_CATALOG","postgres","UNCLASSIFIED","UNDECIDED","UNKNOWN"
"public","TABLE","user_permissions","postgres","DELETE","NO","UNKNOWN_NOT_IN_PG_CATALOG","postgres","UNCLASSIFIED","UNDECIDED","UNKNOWN"
"public","TABLE","user_permissions","postgres","INSERT","NO","UNKNOWN_NOT_IN_PG_CATALOG","postgres","UNCLASSIFIED","UNDECIDED","UNKNOWN"
"public","TABLE","user_permissions","postgres","MAINTAIN","NO","UNKNOWN_NOT_IN_PG_CATALOG","postgres","UNCLASSIFIED","UNDECIDED","UNKNOWN"
"public","TABLE","user_permissions","postgres","REFERENCES","NO","UNKNOWN_NOT_IN_PG_CATALOG","postgres","UNCLASSIFIED","UNDECIDED","UNKNOWN"
"public","TABLE","user_permissions","postgres","SELECT","NO","UNKNOWN_NOT_IN_PG_CATALOG","postgres","UNCLASSIFIED","UNDECIDED","UNKNOWN"
"public","TABLE","user_permissions","postgres","TRIGGER","NO","UNKNOWN_NOT_IN_PG_CATALOG","postgres","UNCLASSIFIED","UNDECIDED","UNKNOWN"
"public","TABLE","user_permissions","postgres","TRUNCATE","NO","UNKNOWN_NOT_IN_PG_CATALOG","postgres","UNCLASSIFIED","UNDECIDED","UNKNOWN"
"public","TABLE","user_permissions","postgres","UPDATE","NO","UNKNOWN_NOT_IN_PG_CATALOG","postgres","UNCLASSIFIED","UNDECIDED","UNKNOWN"
"public","TABLE","user_permissions","service_role","DELETE","NO","UNKNOWN_NOT_IN_PG_CATALOG","postgres","UNCLASSIFIED","UNDECIDED","UNKNOWN"
"public","TABLE","user_permissions","service_role","INSERT","NO","UNKNOWN_NOT_IN_PG_CATALOG","postgres","UNCLASSIFIED","UNDECIDED","UNKNOWN"
"public","TABLE","user_permissions","service_role","MAINTAIN","NO","UNKNOWN_NOT_IN_PG_CATALOG","postgres","UNCLASSIFIED","UNDECIDED","UNKNOWN"
"public","TABLE","user_permissions","service_role","REFERENCES","NO","UNKNOWN_NOT_IN_PG_CATALOG","postgres","UNCLASSIFIED","UNDECIDED","UNKNOWN"
"public","TABLE","user_permissions","service_role","SELECT","NO","UNKNOWN_NOT_IN_PG_CATALOG","postgres","UNCLASSIFIED","UNDECIDED","UNKNOWN"
"public","TABLE","user_permissions","service_role","TRIGGER","NO","UNKNOWN_NOT_IN_PG_CATALOG","postgres","UNCLASSIFIED","UNDECIDED","UNKNOWN"
"public","TABLE","user_permissions","service_role","TRUNCATE","NO","UNKNOWN_NOT_IN_PG_CATALOG","postgres","UNCLASSIFIED","UNDECIDED","UNKNOWN"
"public","TABLE","user_permissions","service_role","UPDATE","NO","UNKNOWN_NOT_IN_PG_CATALOG","postgres","UNCLASSIFIED","UNDECIDED","UNKNOWN"
"public","TABLE","user_sessions","authenticated","INSERT","NO","UNKNOWN_NOT_IN_PG_CATALOG","postgres","UNCLASSIFIED","UNDECIDED","UNKNOWN"
"public","TABLE","user_sessions","authenticated","SELECT","NO","UNKNOWN_NOT_IN_PG_CATALOG","postgres","UNCLASSIFIED","UNDECIDED","UNKNOWN"
"public","TABLE","user_sessions","authenticated","UPDATE","NO","UNKNOWN_NOT_IN_PG_CATALOG","postgres","UNCLASSIFIED","UNDECIDED","UNKNOWN"
"public","TABLE","user_sessions","postgres","DELETE","NO","UNKNOWN_NOT_IN_PG_CATALOG","postgres","UNCLASSIFIED","UNDECIDED","UNKNOWN"
"public","TABLE","user_sessions","postgres","INSERT","NO","UNKNOWN_NOT_IN_PG_CATALOG","postgres","UNCLASSIFIED","UNDECIDED","UNKNOWN"
"public","TABLE","user_sessions","postgres","MAINTAIN","NO","UNKNOWN_NOT_IN_PG_CATALOG","postgres","UNCLASSIFIED","UNDECIDED","UNKNOWN"
"public","TABLE","user_sessions","postgres","REFERENCES","NO","UNKNOWN_NOT_IN_PG_CATALOG","postgres","UNCLASSIFIED","UNDECIDED","UNKNOWN"
"public","TABLE","user_sessions","postgres","SELECT","NO","UNKNOWN_NOT_IN_PG_CATALOG","postgres","UNCLASSIFIED","UNDECIDED","UNKNOWN"
"public","TABLE","user_sessions","postgres","TRIGGER","NO","UNKNOWN_NOT_IN_PG_CATALOG","postgres","UNCLASSIFIED","UNDECIDED","UNKNOWN"
"public","TABLE","user_sessions","postgres","TRUNCATE","NO","UNKNOWN_NOT_IN_PG_CATALOG","postgres","UNCLASSIFIED","UNDECIDED","UNKNOWN"
"public","TABLE","user_sessions","postgres","UPDATE","NO","UNKNOWN_NOT_IN_PG_CATALOG","postgres","UNCLASSIFIED","UNDECIDED","UNKNOWN"
"public","TABLE","user_sessions","service_role","DELETE","NO","UNKNOWN_NOT_IN_PG_CATALOG","postgres","UNCLASSIFIED","UNDECIDED","UNKNOWN"
"public","TABLE","user_sessions","service_role","INSERT","NO","UNKNOWN_NOT_IN_PG_CATALOG","postgres","UNCLASSIFIED","UNDECIDED","UNKNOWN"
"public","TABLE","user_sessions","service_role","MAINTAIN","NO","UNKNOWN_NOT_IN_PG_CATALOG","postgres","UNCLASSIFIED","UNDECIDED","UNKNOWN"
"public","TABLE","user_sessions","service_role","REFERENCES","NO","UNKNOWN_NOT_IN_PG_CATALOG","postgres","UNCLASSIFIED","UNDECIDED","UNKNOWN"
"public","TABLE","user_sessions","service_role","SELECT","NO","UNKNOWN_NOT_IN_PG_CATALOG","postgres","UNCLASSIFIED","UNDECIDED","UNKNOWN"
"public","TABLE","user_sessions","service_role","TRIGGER","NO","UNKNOWN_NOT_IN_PG_CATALOG","postgres","UNCLASSIFIED","UNDECIDED","UNKNOWN"
"public","TABLE","user_sessions","service_role","TRUNCATE","NO","UNKNOWN_NOT_IN_PG_CATALOG","postgres","UNCLASSIFIED","UNDECIDED","UNKNOWN"
"public","TABLE","user_sessions","service_role","UPDATE","NO","UNKNOWN_NOT_IN_PG_CATALOG","postgres","UNCLASSIFIED","UNDECIDED","UNKNOWN"
"public","TABLE","visit_stage_definitions","postgres","DELETE","NO","UNKNOWN_NOT_IN_PG_CATALOG","postgres","UNCLASSIFIED","UNDECIDED","UNKNOWN"
"public","TABLE","visit_stage_definitions","postgres","INSERT","NO","UNKNOWN_NOT_IN_PG_CATALOG","postgres","UNCLASSIFIED","UNDECIDED","UNKNOWN"
"public","TABLE","visit_stage_definitions","postgres","MAINTAIN","NO","UNKNOWN_NOT_IN_PG_CATALOG","postgres","UNCLASSIFIED","UNDECIDED","UNKNOWN"
"public","TABLE","visit_stage_definitions","postgres","REFERENCES","NO","UNKNOWN_NOT_IN_PG_CATALOG","postgres","UNCLASSIFIED","UNDECIDED","UNKNOWN"
"public","TABLE","visit_stage_definitions","postgres","SELECT","NO","UNKNOWN_NOT_IN_PG_CATALOG","postgres","UNCLASSIFIED","UNDECIDED","UNKNOWN"
"public","TABLE","visit_stage_definitions","postgres","TRIGGER","NO","UNKNOWN_NOT_IN_PG_CATALOG","postgres","UNCLASSIFIED","UNDECIDED","UNKNOWN"
"public","TABLE","visit_stage_definitions","postgres","TRUNCATE","NO","UNKNOWN_NOT_IN_PG_CATALOG","postgres","UNCLASSIFIED","UNDECIDED","UNKNOWN"
"public","TABLE","visit_stage_definitions","postgres","UPDATE","NO","UNKNOWN_NOT_IN_PG_CATALOG","postgres","UNCLASSIFIED","UNDECIDED","UNKNOWN"
"public","TABLE","visit_stage_definitions","service_role","DELETE","NO","UNKNOWN_NOT_IN_PG_CATALOG","postgres","UNCLASSIFIED","UNDECIDED","UNKNOWN"
"public","TABLE","visit_stage_definitions","service_role","INSERT","NO","UNKNOWN_NOT_IN_PG_CATALOG","postgres","UNCLASSIFIED","UNDECIDED","UNKNOWN"
"public","TABLE","visit_stage_definitions","service_role","MAINTAIN","NO","UNKNOWN_NOT_IN_PG_CATALOG","postgres","UNCLASSIFIED","UNDECIDED","UNKNOWN"
"public","TABLE","visit_stage_definitions","service_role","REFERENCES","NO","UNKNOWN_NOT_IN_PG_CATALOG","postgres","UNCLASSIFIED","UNDECIDED","UNKNOWN"
"public","TABLE","visit_stage_definitions","service_role","SELECT","NO","UNKNOWN_NOT_IN_PG_CATALOG","postgres","UNCLASSIFIED","UNDECIDED","UNKNOWN"
"public","TABLE","visit_stage_definitions","service_role","TRIGGER","NO","UNKNOWN_NOT_IN_PG_CATALOG","postgres","UNCLASSIFIED","UNDECIDED","UNKNOWN"
"public","TABLE","visit_stage_definitions","service_role","TRUNCATE","NO","UNKNOWN_NOT_IN_PG_CATALOG","postgres","UNCLASSIFIED","UNDECIDED","UNKNOWN"
"public","TABLE","visit_stage_definitions","service_role","UPDATE","NO","UNKNOWN_NOT_IN_PG_CATALOG","postgres","UNCLASSIFIED","UNDECIDED","UNKNOWN"
"public","TABLE","visits","postgres","DELETE","NO","UNKNOWN_NOT_IN_PG_CATALOG","postgres","UNCLASSIFIED","UNDECIDED","UNKNOWN"
"public","TABLE","visits","postgres","INSERT","NO","UNKNOWN_NOT_IN_PG_CATALOG","postgres","UNCLASSIFIED","UNDECIDED","UNKNOWN"
"public","TABLE","visits","postgres","MAINTAIN","NO","UNKNOWN_NOT_IN_PG_CATALOG","postgres","UNCLASSIFIED","UNDECIDED","UNKNOWN"
"public","TABLE","visits","postgres","REFERENCES","NO","UNKNOWN_NOT_IN_PG_CATALOG","postgres","UNCLASSIFIED","UNDECIDED","UNKNOWN"
"public","TABLE","visits","postgres","SELECT","NO","UNKNOWN_NOT_IN_PG_CATALOG","postgres","UNCLASSIFIED","UNDECIDED","UNKNOWN"
"public","TABLE","visits","postgres","TRIGGER","NO","UNKNOWN_NOT_IN_PG_CATALOG","postgres","UNCLASSIFIED","UNDECIDED","UNKNOWN"
"public","TABLE","visits","postgres","TRUNCATE","NO","UNKNOWN_NOT_IN_PG_CATALOG","postgres","UNCLASSIFIED","UNDECIDED","UNKNOWN"
"public","TABLE","visits","postgres","UPDATE","NO","UNKNOWN_NOT_IN_PG_CATALOG","postgres","UNCLASSIFIED","UNDECIDED","UNKNOWN"
"public","TABLE","visits","service_role","SELECT","NO","UNKNOWN_NOT_IN_PG_CATALOG","postgres","UNCLASSIFIED","UNDECIDED","UNKNOWN"
"public","VIEW","clinic_hierarchy","postgres","DELETE","NO","UNKNOWN_NOT_IN_PG_CATALOG","postgres","UNCLASSIFIED","UNDECIDED","UNKNOWN"
"public","VIEW","clinic_hierarchy","postgres","INSERT","NO","UNKNOWN_NOT_IN_PG_CATALOG","postgres","UNCLASSIFIED","UNDECIDED","UNKNOWN"
"public","VIEW","clinic_hierarchy","postgres","MAINTAIN","NO","UNKNOWN_NOT_IN_PG_CATALOG","postgres","UNCLASSIFIED","UNDECIDED","UNKNOWN"
"public","VIEW","clinic_hierarchy","postgres","REFERENCES","NO","UNKNOWN_NOT_IN_PG_CATALOG","postgres","UNCLASSIFIED","UNDECIDED","UNKNOWN"
"public","VIEW","clinic_hierarchy","postgres","SELECT","NO","UNKNOWN_NOT_IN_PG_CATALOG","postgres","UNCLASSIFIED","UNDECIDED","UNKNOWN"
"public","VIEW","clinic_hierarchy","postgres","TRIGGER","NO","UNKNOWN_NOT_IN_PG_CATALOG","postgres","UNCLASSIFIED","UNDECIDED","UNKNOWN"
"public","VIEW","clinic_hierarchy","postgres","TRUNCATE","NO","UNKNOWN_NOT_IN_PG_CATALOG","postgres","UNCLASSIFIED","UNDECIDED","UNKNOWN"
"public","VIEW","clinic_hierarchy","postgres","UPDATE","NO","UNKNOWN_NOT_IN_PG_CATALOG","postgres","UNCLASSIFIED","UNDECIDED","UNKNOWN"
"public","VIEW","clinic_hierarchy","service_role","DELETE","NO","UNKNOWN_NOT_IN_PG_CATALOG","postgres","UNCLASSIFIED","UNDECIDED","UNKNOWN"
"public","VIEW","clinic_hierarchy","service_role","INSERT","NO","UNKNOWN_NOT_IN_PG_CATALOG","postgres","UNCLASSIFIED","UNDECIDED","UNKNOWN"
"public","VIEW","clinic_hierarchy","service_role","MAINTAIN","NO","UNKNOWN_NOT_IN_PG_CATALOG","postgres","UNCLASSIFIED","UNDECIDED","UNKNOWN"
"public","VIEW","clinic_hierarchy","service_role","REFERENCES","NO","UNKNOWN_NOT_IN_PG_CATALOG","postgres","UNCLASSIFIED","UNDECIDED","UNKNOWN"
"public","VIEW","clinic_hierarchy","service_role","SELECT","NO","UNKNOWN_NOT_IN_PG_CATALOG","postgres","UNCLASSIFIED","UNDECIDED","UNKNOWN"
"public","VIEW","clinic_hierarchy","service_role","TRIGGER","NO","UNKNOWN_NOT_IN_PG_CATALOG","postgres","UNCLASSIFIED","UNDECIDED","UNKNOWN"
"public","VIEW","clinic_hierarchy","service_role","TRUNCATE","NO","UNKNOWN_NOT_IN_PG_CATALOG","postgres","UNCLASSIFIED","UNDECIDED","UNKNOWN"
"public","VIEW","clinic_hierarchy","service_role","UPDATE","NO","UNKNOWN_NOT_IN_PG_CATALOG","postgres","UNCLASSIFIED","UNDECIDED","UNKNOWN"
"public","VIEW","daily_report_revenue_breakdown_summary","authenticated","SELECT","NO","UNKNOWN_NOT_IN_PG_CATALOG","postgres","UNCLASSIFIED","UNDECIDED","UNKNOWN"
"public","VIEW","daily_report_revenue_breakdown_summary","postgres","DELETE","NO","UNKNOWN_NOT_IN_PG_CATALOG","postgres","UNCLASSIFIED","UNDECIDED","UNKNOWN"
"public","VIEW","daily_report_revenue_breakdown_summary","postgres","INSERT","NO","UNKNOWN_NOT_IN_PG_CATALOG","postgres","UNCLASSIFIED","UNDECIDED","UNKNOWN"
"public","VIEW","daily_report_revenue_breakdown_summary","postgres","MAINTAIN","NO","UNKNOWN_NOT_IN_PG_CATALOG","postgres","UNCLASSIFIED","UNDECIDED","UNKNOWN"
"public","VIEW","daily_report_revenue_breakdown_summary","postgres","REFERENCES","NO","UNKNOWN_NOT_IN_PG_CATALOG","postgres","UNCLASSIFIED","UNDECIDED","UNKNOWN"
"public","VIEW","daily_report_revenue_breakdown_summary","postgres","SELECT","NO","UNKNOWN_NOT_IN_PG_CATALOG","postgres","UNCLASSIFIED","UNDECIDED","UNKNOWN"
"public","VIEW","daily_report_revenue_breakdown_summary","postgres","TRIGGER","NO","UNKNOWN_NOT_IN_PG_CATALOG","postgres","UNCLASSIFIED","UNDECIDED","UNKNOWN"
"public","VIEW","daily_report_revenue_breakdown_summary","postgres","TRUNCATE","NO","UNKNOWN_NOT_IN_PG_CATALOG","postgres","UNCLASSIFIED","UNDECIDED","UNKNOWN"
"public","VIEW","daily_report_revenue_breakdown_summary","postgres","UPDATE","NO","UNKNOWN_NOT_IN_PG_CATALOG","postgres","UNCLASSIFIED","UNDECIDED","UNKNOWN"
"public","VIEW","daily_report_revenue_breakdown_summary","service_role","DELETE","NO","UNKNOWN_NOT_IN_PG_CATALOG","postgres","UNCLASSIFIED","UNDECIDED","UNKNOWN"
"public","VIEW","daily_report_revenue_breakdown_summary","service_role","INSERT","NO","UNKNOWN_NOT_IN_PG_CATALOG","postgres","UNCLASSIFIED","UNDECIDED","UNKNOWN"
"public","VIEW","daily_report_revenue_breakdown_summary","service_role","MAINTAIN","NO","UNKNOWN_NOT_IN_PG_CATALOG","postgres","UNCLASSIFIED","UNDECIDED","UNKNOWN"
"public","VIEW","daily_report_revenue_breakdown_summary","service_role","REFERENCES","NO","UNKNOWN_NOT_IN_PG_CATALOG","postgres","UNCLASSIFIED","UNDECIDED","UNKNOWN"
"public","VIEW","daily_report_revenue_breakdown_summary","service_role","SELECT","NO","UNKNOWN_NOT_IN_PG_CATALOG","postgres","UNCLASSIFIED","UNDECIDED","UNKNOWN"
"public","VIEW","daily_report_revenue_breakdown_summary","service_role","TRIGGER","NO","UNKNOWN_NOT_IN_PG_CATALOG","postgres","UNCLASSIFIED","UNDECIDED","UNKNOWN"
"public","VIEW","daily_report_revenue_breakdown_summary","service_role","TRUNCATE","NO","UNKNOWN_NOT_IN_PG_CATALOG","postgres","UNCLASSIFIED","UNDECIDED","UNKNOWN"
"public","VIEW","daily_report_revenue_breakdown_summary","service_role","UPDATE","NO","UNKNOWN_NOT_IN_PG_CATALOG","postgres","UNCLASSIFIED","UNDECIDED","UNKNOWN"
"public","VIEW","daily_report_revenue_context_summary","authenticated","SELECT","NO","UNKNOWN_NOT_IN_PG_CATALOG","postgres","UNCLASSIFIED","UNDECIDED","UNKNOWN"
"public","VIEW","daily_report_revenue_context_summary","postgres","DELETE","NO","UNKNOWN_NOT_IN_PG_CATALOG","postgres","UNCLASSIFIED","UNDECIDED","UNKNOWN"
"public","VIEW","daily_report_revenue_context_summary","postgres","INSERT","NO","UNKNOWN_NOT_IN_PG_CATALOG","postgres","UNCLASSIFIED","UNDECIDED","UNKNOWN"
"public","VIEW","daily_report_revenue_context_summary","postgres","MAINTAIN","NO","UNKNOWN_NOT_IN_PG_CATALOG","postgres","UNCLASSIFIED","UNDECIDED","UNKNOWN"
"public","VIEW","daily_report_revenue_context_summary","postgres","REFERENCES","NO","UNKNOWN_NOT_IN_PG_CATALOG","postgres","UNCLASSIFIED","UNDECIDED","UNKNOWN"
"public","VIEW","daily_report_revenue_context_summary","postgres","SELECT","NO","UNKNOWN_NOT_IN_PG_CATALOG","postgres","UNCLASSIFIED","UNDECIDED","UNKNOWN"
"public","VIEW","daily_report_revenue_context_summary","postgres","TRIGGER","NO","UNKNOWN_NOT_IN_PG_CATALOG","postgres","UNCLASSIFIED","UNDECIDED","UNKNOWN"
"public","VIEW","daily_report_revenue_context_summary","postgres","TRUNCATE","NO","UNKNOWN_NOT_IN_PG_CATALOG","postgres","UNCLASSIFIED","UNDECIDED","UNKNOWN"
"public","VIEW","daily_report_revenue_context_summary","postgres","UPDATE","NO","UNKNOWN_NOT_IN_PG_CATALOG","postgres","UNCLASSIFIED","UNDECIDED","UNKNOWN"
"public","VIEW","daily_report_revenue_context_summary","service_role","DELETE","NO","UNKNOWN_NOT_IN_PG_CATALOG","postgres","UNCLASSIFIED","UNDECIDED","UNKNOWN"
"public","VIEW","daily_report_revenue_context_summary","service_role","INSERT","NO","UNKNOWN_NOT_IN_PG_CATALOG","postgres","UNCLASSIFIED","UNDECIDED","UNKNOWN"
"public","VIEW","daily_report_revenue_context_summary","service_role","MAINTAIN","NO","UNKNOWN_NOT_IN_PG_CATALOG","postgres","UNCLASSIFIED","UNDECIDED","UNKNOWN"
"public","VIEW","daily_report_revenue_context_summary","service_role","REFERENCES","NO","UNKNOWN_NOT_IN_PG_CATALOG","postgres","UNCLASSIFIED","UNDECIDED","UNKNOWN"
"public","VIEW","daily_report_revenue_context_summary","service_role","SELECT","NO","UNKNOWN_NOT_IN_PG_CATALOG","postgres","UNCLASSIFIED","UNDECIDED","UNKNOWN"
"public","VIEW","daily_report_revenue_context_summary","service_role","TRIGGER","NO","UNKNOWN_NOT_IN_PG_CATALOG","postgres","UNCLASSIFIED","UNDECIDED","UNKNOWN"
"public","VIEW","daily_report_revenue_context_summary","service_role","TRUNCATE","NO","UNKNOWN_NOT_IN_PG_CATALOG","postgres","UNCLASSIFIED","UNDECIDED","UNKNOWN"
"public","VIEW","daily_report_revenue_context_summary","service_role","UPDATE","NO","UNKNOWN_NOT_IN_PG_CATALOG","postgres","UNCLASSIFIED","UNDECIDED","UNKNOWN"
"public","VIEW","daily_report_revenue_estimate_summary","authenticated","SELECT","NO","UNKNOWN_NOT_IN_PG_CATALOG","postgres","UNCLASSIFIED","UNDECIDED","UNKNOWN"
"public","VIEW","daily_report_revenue_estimate_summary","postgres","DELETE","NO","UNKNOWN_NOT_IN_PG_CATALOG","postgres","UNCLASSIFIED","UNDECIDED","UNKNOWN"
"public","VIEW","daily_report_revenue_estimate_summary","postgres","INSERT","NO","UNKNOWN_NOT_IN_PG_CATALOG","postgres","UNCLASSIFIED","UNDECIDED","UNKNOWN"
"public","VIEW","daily_report_revenue_estimate_summary","postgres","MAINTAIN","NO","UNKNOWN_NOT_IN_PG_CATALOG","postgres","UNCLASSIFIED","UNDECIDED","UNKNOWN"
"public","VIEW","daily_report_revenue_estimate_summary","postgres","REFERENCES","NO","UNKNOWN_NOT_IN_PG_CATALOG","postgres","UNCLASSIFIED","UNDECIDED","UNKNOWN"
"public","VIEW","daily_report_revenue_estimate_summary","postgres","SELECT","NO","UNKNOWN_NOT_IN_PG_CATALOG","postgres","UNCLASSIFIED","UNDECIDED","UNKNOWN"
"public","VIEW","daily_report_revenue_estimate_summary","postgres","TRIGGER","NO","UNKNOWN_NOT_IN_PG_CATALOG","postgres","UNCLASSIFIED","UNDECIDED","UNKNOWN"
"public","VIEW","daily_report_revenue_estimate_summary","postgres","TRUNCATE","NO","UNKNOWN_NOT_IN_PG_CATALOG","postgres","UNCLASSIFIED","UNDECIDED","UNKNOWN"
"public","VIEW","daily_report_revenue_estimate_summary","postgres","UPDATE","NO","UNKNOWN_NOT_IN_PG_CATALOG","postgres","UNCLASSIFIED","UNDECIDED","UNKNOWN"
"public","VIEW","daily_report_revenue_estimate_summary","service_role","DELETE","NO","UNKNOWN_NOT_IN_PG_CATALOG","postgres","UNCLASSIFIED","UNDECIDED","UNKNOWN"
"public","VIEW","daily_report_revenue_estimate_summary","service_role","INSERT","NO","UNKNOWN_NOT_IN_PG_CATALOG","postgres","UNCLASSIFIED","UNDECIDED","UNKNOWN"
"public","VIEW","daily_report_revenue_estimate_summary","service_role","MAINTAIN","NO","UNKNOWN_NOT_IN_PG_CATALOG","postgres","UNCLASSIFIED","UNDECIDED","UNKNOWN"
"public","VIEW","daily_report_revenue_estimate_summary","service_role","REFERENCES","NO","UNKNOWN_NOT_IN_PG_CATALOG","postgres","UNCLASSIFIED","UNDECIDED","UNKNOWN"
"public","VIEW","daily_report_revenue_estimate_summary","service_role","SELECT","NO","UNKNOWN_NOT_IN_PG_CATALOG","postgres","UNCLASSIFIED","UNDECIDED","UNKNOWN"
"public","VIEW","daily_report_revenue_estimate_summary","service_role","TRIGGER","NO","UNKNOWN_NOT_IN_PG_CATALOG","postgres","UNCLASSIFIED","UNDECIDED","UNKNOWN"
"public","VIEW","daily_report_revenue_estimate_summary","service_role","TRUNCATE","NO","UNKNOWN_NOT_IN_PG_CATALOG","postgres","UNCLASSIFIED","UNDECIDED","UNKNOWN"
"public","VIEW","daily_report_revenue_estimate_summary","service_role","UPDATE","NO","UNKNOWN_NOT_IN_PG_CATALOG","postgres","UNCLASSIFIED","UNDECIDED","UNKNOWN"
"public","VIEW","daily_revenue_summary","authenticated","SELECT","NO","UNKNOWN_NOT_IN_PG_CATALOG","postgres","UNCLASSIFIED","UNDECIDED","UNKNOWN"
"public","VIEW","daily_revenue_summary","postgres","DELETE","NO","UNKNOWN_NOT_IN_PG_CATALOG","postgres","UNCLASSIFIED","UNDECIDED","UNKNOWN"
"public","VIEW","daily_revenue_summary","postgres","INSERT","NO","UNKNOWN_NOT_IN_PG_CATALOG","postgres","UNCLASSIFIED","UNDECIDED","UNKNOWN"
"public","VIEW","daily_revenue_summary","postgres","MAINTAIN","NO","UNKNOWN_NOT_IN_PG_CATALOG","postgres","UNCLASSIFIED","UNDECIDED","UNKNOWN"
"public","VIEW","daily_revenue_summary","postgres","REFERENCES","NO","UNKNOWN_NOT_IN_PG_CATALOG","postgres","UNCLASSIFIED","UNDECIDED","UNKNOWN"
"public","VIEW","daily_revenue_summary","postgres","SELECT","NO","UNKNOWN_NOT_IN_PG_CATALOG","postgres","UNCLASSIFIED","UNDECIDED","UNKNOWN"
"public","VIEW","daily_revenue_summary","postgres","TRIGGER","NO","UNKNOWN_NOT_IN_PG_CATALOG","postgres","UNCLASSIFIED","UNDECIDED","UNKNOWN"
"public","VIEW","daily_revenue_summary","postgres","TRUNCATE","NO","UNKNOWN_NOT_IN_PG_CATALOG","postgres","UNCLASSIFIED","UNDECIDED","UNKNOWN"
"public","VIEW","daily_revenue_summary","postgres","UPDATE","NO","UNKNOWN_NOT_IN_PG_CATALOG","postgres","UNCLASSIFIED","UNDECIDED","UNKNOWN"
"public","VIEW","daily_revenue_summary","service_role","DELETE","NO","UNKNOWN_NOT_IN_PG_CATALOG","postgres","UNCLASSIFIED","UNDECIDED","UNKNOWN"
"public","VIEW","daily_revenue_summary","service_role","INSERT","NO","UNKNOWN_NOT_IN_PG_CATALOG","postgres","UNCLASSIFIED","UNDECIDED","UNKNOWN"
"public","VIEW","daily_revenue_summary","service_role","MAINTAIN","NO","UNKNOWN_NOT_IN_PG_CATALOG","postgres","UNCLASSIFIED","UNDECIDED","UNKNOWN"
"public","VIEW","daily_revenue_summary","service_role","REFERENCES","NO","UNKNOWN_NOT_IN_PG_CATALOG","postgres","UNCLASSIFIED","UNDECIDED","UNKNOWN"
"public","VIEW","daily_revenue_summary","service_role","SELECT","NO","UNKNOWN_NOT_IN_PG_CATALOG","postgres","UNCLASSIFIED","UNDECIDED","UNKNOWN"
"public","VIEW","daily_revenue_summary","service_role","TRIGGER","NO","UNKNOWN_NOT_IN_PG_CATALOG","postgres","UNCLASSIFIED","UNDECIDED","UNKNOWN"
"public","VIEW","daily_revenue_summary","service_role","TRUNCATE","NO","UNKNOWN_NOT_IN_PG_CATALOG","postgres","UNCLASSIFIED","UNDECIDED","UNKNOWN"
"public","VIEW","daily_revenue_summary","service_role","UPDATE","NO","UNKNOWN_NOT_IN_PG_CATALOG","postgres","UNCLASSIFIED","UNDECIDED","UNKNOWN"
"public","VIEW","patient_visit_summary","authenticated","SELECT","NO","UNKNOWN_NOT_IN_PG_CATALOG","postgres","UNCLASSIFIED","UNDECIDED","UNKNOWN"
"public","VIEW","patient_visit_summary","postgres","DELETE","NO","UNKNOWN_NOT_IN_PG_CATALOG","postgres","UNCLASSIFIED","UNDECIDED","UNKNOWN"
"public","VIEW","patient_visit_summary","postgres","INSERT","NO","UNKNOWN_NOT_IN_PG_CATALOG","postgres","UNCLASSIFIED","UNDECIDED","UNKNOWN"
"public","VIEW","patient_visit_summary","postgres","MAINTAIN","NO","UNKNOWN_NOT_IN_PG_CATALOG","postgres","UNCLASSIFIED","UNDECIDED","UNKNOWN"
"public","VIEW","patient_visit_summary","postgres","REFERENCES","NO","UNKNOWN_NOT_IN_PG_CATALOG","postgres","UNCLASSIFIED","UNDECIDED","UNKNOWN"
"public","VIEW","patient_visit_summary","postgres","SELECT","NO","UNKNOWN_NOT_IN_PG_CATALOG","postgres","UNCLASSIFIED","UNDECIDED","UNKNOWN"
"public","VIEW","patient_visit_summary","postgres","TRIGGER","NO","UNKNOWN_NOT_IN_PG_CATALOG","postgres","UNCLASSIFIED","UNDECIDED","UNKNOWN"
"public","VIEW","patient_visit_summary","postgres","TRUNCATE","NO","UNKNOWN_NOT_IN_PG_CATALOG","postgres","UNCLASSIFIED","UNDECIDED","UNKNOWN"
"public","VIEW","patient_visit_summary","postgres","UPDATE","NO","UNKNOWN_NOT_IN_PG_CATALOG","postgres","UNCLASSIFIED","UNDECIDED","UNKNOWN"
"public","VIEW","patient_visit_summary","service_role","DELETE","NO","UNKNOWN_NOT_IN_PG_CATALOG","postgres","UNCLASSIFIED","UNDECIDED","UNKNOWN"
"public","VIEW","patient_visit_summary","service_role","INSERT","NO","UNKNOWN_NOT_IN_PG_CATALOG","postgres","UNCLASSIFIED","UNDECIDED","UNKNOWN"
"public","VIEW","patient_visit_summary","service_role","MAINTAIN","NO","UNKNOWN_NOT_IN_PG_CATALOG","postgres","UNCLASSIFIED","UNDECIDED","UNKNOWN"
"public","VIEW","patient_visit_summary","service_role","REFERENCES","NO","UNKNOWN_NOT_IN_PG_CATALOG","postgres","UNCLASSIFIED","UNDECIDED","UNKNOWN"
"public","VIEW","patient_visit_summary","service_role","SELECT","NO","UNKNOWN_NOT_IN_PG_CATALOG","postgres","UNCLASSIFIED","UNDECIDED","UNKNOWN"
"public","VIEW","patient_visit_summary","service_role","TRIGGER","NO","UNKNOWN_NOT_IN_PG_CATALOG","postgres","UNCLASSIFIED","UNDECIDED","UNKNOWN"
"public","VIEW","patient_visit_summary","service_role","TRUNCATE","NO","UNKNOWN_NOT_IN_PG_CATALOG","postgres","UNCLASSIFIED","UNDECIDED","UNKNOWN"
"public","VIEW","patient_visit_summary","service_role","UPDATE","NO","UNKNOWN_NOT_IN_PG_CATALOG","postgres","UNCLASSIFIED","UNDECIDED","UNKNOWN"
"public","VIEW","reservation_list_view","authenticated","SELECT","NO","UNKNOWN_NOT_IN_PG_CATALOG","postgres","UNCLASSIFIED","UNDECIDED","UNKNOWN"
"public","VIEW","reservation_list_view","postgres","DELETE","NO","UNKNOWN_NOT_IN_PG_CATALOG","postgres","UNCLASSIFIED","UNDECIDED","UNKNOWN"
"public","VIEW","reservation_list_view","postgres","INSERT","NO","UNKNOWN_NOT_IN_PG_CATALOG","postgres","UNCLASSIFIED","UNDECIDED","UNKNOWN"
"public","VIEW","reservation_list_view","postgres","MAINTAIN","NO","UNKNOWN_NOT_IN_PG_CATALOG","postgres","UNCLASSIFIED","UNDECIDED","UNKNOWN"
"public","VIEW","reservation_list_view","postgres","REFERENCES","NO","UNKNOWN_NOT_IN_PG_CATALOG","postgres","UNCLASSIFIED","UNDECIDED","UNKNOWN"
"public","VIEW","reservation_list_view","postgres","SELECT","NO","UNKNOWN_NOT_IN_PG_CATALOG","postgres","UNCLASSIFIED","UNDECIDED","UNKNOWN"
"public","VIEW","reservation_list_view","postgres","TRIGGER","NO","UNKNOWN_NOT_IN_PG_CATALOG","postgres","UNCLASSIFIED","UNDECIDED","UNKNOWN"
"public","VIEW","reservation_list_view","postgres","TRUNCATE","NO","UNKNOWN_NOT_IN_PG_CATALOG","postgres","UNCLASSIFIED","UNDECIDED","UNKNOWN"
"public","VIEW","reservation_list_view","postgres","UPDATE","NO","UNKNOWN_NOT_IN_PG_CATALOG","postgres","UNCLASSIFIED","UNDECIDED","UNKNOWN"
"public","VIEW","reservation_list_view","service_role","DELETE","NO","UNKNOWN_NOT_IN_PG_CATALOG","postgres","UNCLASSIFIED","UNDECIDED","UNKNOWN"
"public","VIEW","reservation_list_view","service_role","INSERT","NO","UNKNOWN_NOT_IN_PG_CATALOG","postgres","UNCLASSIFIED","UNDECIDED","UNKNOWN"
"public","VIEW","reservation_list_view","service_role","MAINTAIN","NO","UNKNOWN_NOT_IN_PG_CATALOG","postgres","UNCLASSIFIED","UNDECIDED","UNKNOWN"
"public","VIEW","reservation_list_view","service_role","REFERENCES","NO","UNKNOWN_NOT_IN_PG_CATALOG","postgres","UNCLASSIFIED","UNDECIDED","UNKNOWN"
"public","VIEW","reservation_list_view","service_role","SELECT","NO","UNKNOWN_NOT_IN_PG_CATALOG","postgres","UNCLASSIFIED","UNDECIDED","UNKNOWN"
"public","VIEW","reservation_list_view","service_role","TRIGGER","NO","UNKNOWN_NOT_IN_PG_CATALOG","postgres","UNCLASSIFIED","UNDECIDED","UNKNOWN"
"public","VIEW","reservation_list_view","service_role","TRUNCATE","NO","UNKNOWN_NOT_IN_PG_CATALOG","postgres","UNCLASSIFIED","UNDECIDED","UNKNOWN"
"public","VIEW","reservation_list_view","service_role","UPDATE","NO","UNKNOWN_NOT_IN_PG_CATALOG","postgres","UNCLASSIFIED","UNDECIDED","UNKNOWN"
"public","VIEW","staff_performance_summary","authenticated","SELECT","NO","UNKNOWN_NOT_IN_PG_CATALOG","postgres","UNCLASSIFIED","UNDECIDED","UNKNOWN"
"public","VIEW","staff_performance_summary","postgres","DELETE","NO","UNKNOWN_NOT_IN_PG_CATALOG","postgres","UNCLASSIFIED","UNDECIDED","UNKNOWN"
"public","VIEW","staff_performance_summary","postgres","INSERT","NO","UNKNOWN_NOT_IN_PG_CATALOG","postgres","UNCLASSIFIED","UNDECIDED","UNKNOWN"
"public","VIEW","staff_performance_summary","postgres","MAINTAIN","NO","UNKNOWN_NOT_IN_PG_CATALOG","postgres","UNCLASSIFIED","UNDECIDED","UNKNOWN"
"public","VIEW","staff_performance_summary","postgres","REFERENCES","NO","UNKNOWN_NOT_IN_PG_CATALOG","postgres","UNCLASSIFIED","UNDECIDED","UNKNOWN"
"public","VIEW","staff_performance_summary","postgres","SELECT","NO","UNKNOWN_NOT_IN_PG_CATALOG","postgres","UNCLASSIFIED","UNDECIDED","UNKNOWN"
"public","VIEW","staff_performance_summary","postgres","TRIGGER","NO","UNKNOWN_NOT_IN_PG_CATALOG","postgres","UNCLASSIFIED","UNDECIDED","UNKNOWN"
"public","VIEW","staff_performance_summary","postgres","TRUNCATE","NO","UNKNOWN_NOT_IN_PG_CATALOG","postgres","UNCLASSIFIED","UNDECIDED","UNKNOWN"
"public","VIEW","staff_performance_summary","postgres","UPDATE","NO","UNKNOWN_NOT_IN_PG_CATALOG","postgres","UNCLASSIFIED","UNDECIDED","UNKNOWN"
"public","VIEW","staff_performance_summary","service_role","DELETE","NO","UNKNOWN_NOT_IN_PG_CATALOG","postgres","UNCLASSIFIED","UNDECIDED","UNKNOWN"
"public","VIEW","staff_performance_summary","service_role","INSERT","NO","UNKNOWN_NOT_IN_PG_CATALOG","postgres","UNCLASSIFIED","UNDECIDED","UNKNOWN"
"public","VIEW","staff_performance_summary","service_role","MAINTAIN","NO","UNKNOWN_NOT_IN_PG_CATALOG","postgres","UNCLASSIFIED","UNDECIDED","UNKNOWN"
"public","VIEW","staff_performance_summary","service_role","REFERENCES","NO","UNKNOWN_NOT_IN_PG_CATALOG","postgres","UNCLASSIFIED","UNDECIDED","UNKNOWN"
"public","VIEW","staff_performance_summary","service_role","SELECT","NO","UNKNOWN_NOT_IN_PG_CATALOG","postgres","UNCLASSIFIED","UNDECIDED","UNKNOWN"
"public","VIEW","staff_performance_summary","service_role","TRIGGER","NO","UNKNOWN_NOT_IN_PG_CATALOG","postgres","UNCLASSIFIED","UNDECIDED","UNKNOWN"
"public","VIEW","staff_performance_summary","service_role","TRUNCATE","NO","UNKNOWN_NOT_IN_PG_CATALOG","postgres","UNCLASSIFIED","UNDECIDED","UNKNOWN"
"public","VIEW","staff_performance_summary","service_role","UPDATE","NO","UNKNOWN_NOT_IN_PG_CATALOG","postgres","UNCLASSIFIED","UNDECIDED","UNKNOWN"
